Selected,Customer ID,Customer Name,Customer Class,Country,City,Currency ID,Terms,Customer Status,Sage Code,Customer Group,Category,Customer Region,Parent Code,Price Class ID,Price Class Name,Main A/CC Owner,Route Code,Route Name,Credit Limit,Rep Code,Sales Rep,Zone ID,Customer Zone,Address Line 1,Address Line 2,Address Line 3,Shipping Rule,Email,Statement Type,Business Account ID,Tax Registration ID,Statement cycle,Delivery
False,CUST100002,4Horsemen Limited,KPREST,KE,,KES,30D,Active,24972,Kim-Fay Professional,,Nairobi West,,KPBASE,KP Base price,,3G,Langata,"80,000.00",P505,Shirleen Chebet,Z003,Ngong,P.O Box 58587 - 00200,"Langata Road,",,Back Order Allowed,kipchimchimwholesalers@gmail.com,Open Item,,P051765868C,MONTHLY,
False,CUST100003,5Th Avenue Management Office,KPPMGR,KE,,KES,30DS,Active,23730,Kim-Fay Professional,,Nairobi West,,KPBASE,KP Base price,,3C,Ngong Road,1.00,C967,Berna Piwang,Z003,Ngong,,Ngong Road,,Back Order Allowed,5thavenuemgmt@gmail.com,Open Item,,P051319593T,MONTHLY,
False,CUST100006,AAA  Growers Ltd,KPAGRI,KE,,KES,30DS,Active,2339B,Kim-Fay Professional,,Nairobi West,,AAAGROWERS,AAA Growers Ltd,,1D,Westlands,"100,000.00",C967,Berna Piwang,Z001,Westlands,P.O BOX 32201,Mzima Springs Off James Gichuru Road,,Back Order Allowed,lilian.achieng@aaagrowers.co.ke,Open Item,,P051128876N,MONTHLY,
False,CUST100007,AACC Guest House,KPHOTEL,KE,,KES,60DS,Active,23398,Kim-Fay Professional,,Nairobi West,,AACCGUESTH,AACC GUEST HOUSE,,1B,Waiyaki Way,0.00,C1262,Mercyline Kemunto,Z001,Westlands,P O BOX 14205,"Aacc Complex, Waiyaki Way",,Back Order Allowed,stores@aacc-ceta.org,Open Item,,P051092435S,MONTHLY,
False,CUST100008,AAR Insurance Kenya Limited,KPINDUSTRY,KE,,KES,30DS,Active,24890,Kim-Fay Professional,,Nairobi West,,AARINSURAN,AAR Insurance Kenya ltd,,3O,Upper Hill,"100,000.00",P096,Doreen Mugwika,Z003,Ngong,"Real Towers, Upper Hill",,,Back Order Allowed,rkisese@aar.co.ke,Open Item,,P000597819E,MONTHLY,
False,CUST100009,Aberdare Safari Hotels,KPHOTEL,KE,,KES,30DS,Active,3544,Kim-Fay Professional,,Nairobi West,,KPBASE,KP Base price,,1D,Westlands,"100,000.00",P505,Shirleen Chebet,Z001,Westlands,"P.O.Box 14815-00800,","School Lane, Westlands",,Back Order Allowed,cmuriuki@aberdaresafarihotels.com,Open Item,,P000609898V,MONTHLY,
False,CUST100010,Academy Of Dance And Arts Ltd,KPEDU,KE,,KES,30D,Active,24087,Kim-Fay Professional,,Nairobi West,,KPBASE,KP Base price,,3B,Karen,"60,000.00",P504,Diana Wendy,Z003,Ngong,P.O Box 1238 - 00502,Rhino House,,Back Order Allowed,dance@academyonline.me,Open Item,,P051202441L,MONTHLY,
False,CUST100011,Ace Nairobi One Limited,KPEDU,KE,,KES,30D,Active,24818,Kim-Fay Professional,,Nairobi West,,KPBASE,KP Base price,,4F,Runda,3.00,P096,Doreen Mugwika,Z004,Thika,"P.O.BOX 111-00627 Two rivers, Nairobi","Sabis International School,  Runda Off",,Back Order Allowed,j.mwangi@tworivers.co.ke,Open Item,,P051573124Y,MONTHLY,
False,CUST100012,Adamji Multi Supplies Limited,KPDIST,KE,,KES,CURRENT,Active,3457,Kim-Fay Professional,,Nairobi East,,KPDISTRIB,KP Distributors,,5P,Mombasa Road,1.00,P193,June Chesire,Z005,Mombasa Road,P.O. Box 44605,Kings Business Park Ware House No.22,,Back Order Allowed,finance@adamji.co.ke,Open Item,,P051133258U,MONTHLY,
False,CUST100013,Adams Brown & Company Ltd,KPPMGR,KE,,KES,30DS,Active,24618,Kim-Fay Professional,,Nairobi West,,ADAMSBROWN,Adams Brown  & Company,,1B,Waiyaki Way,"2,000,000.00",P096,Doreen Mugwika,Z001,Westlands,P.O Box 40971 - 00100,Abc Place,,Back Order Allowed,info@abc-place.com,Open Item,,P000591518J,MONTHLY,
False,CUST100014,Adlife Management Company Ltd,KPPMGR,KE,,KES,15DS,Active,24907,Kim-Fay Professional,,Nairobi West,,BLISSMAKSS,Blissmaks Services ltd,,3L,Hurlingham,"200,000.00",C967,Berna Piwang,Z003,Ngong,Adlife Plaza Building,,,Back Order Allowed,wenceslaus@adlifeplaza.com,Open Item,,P051613152A,MONTHLY,
False,CUST100015,Adrian Kenya Ltd,KPINDUSTRY,KE,,KES,30D,Active,24973,Kim-Fay Professional,,Nairobi West,,ADRIANKENY,Adrian Kenya Ltd,,1B,Waiyaki Way,3.00,YVON,Yvonne Achieng,Z001,Westlands,9808-GPO KENYA,Gitaru-Off Waiyaki Way,,Back Order Allowed,adrianpayables@adriankenya.com,Open Item,,P051435603W,MONTHLY,
False,CUST100016,Adroit Facilities Ltd,KPCCLNRS,KE,,KES,CURRENT,Active,24735,Kim-Fay Professional,,Nairobi Central,,ADROITFACI,Adroit Facillities ltd,,4C,Thika Road,2.00,P505,Shirleen Chebet,Z004,Thika,Abacus House,"3rd Floor, Baba Dogo Road",,Back Order Allowed,info@adroitfl.com,Open Item,,P051547208G,MONTHLY,
False,CUST100017,Aero Club East Africa Ltd,KPAIRLINE,KE,,KES,30DS,Active,23176,Kim-Fay Professional,,Nairobi East,,AEROCLUBEA,Aero club East Africa,,3H,Wilson Airport,"400,000.00",C967,Berna Piwang,Z003,Ngong,P.O.Box 40813,Wilson Airport,,Back Order Allowed,purchasing@aeroclubea.com,Open Item,,P000591170O,MONTHLY,
False,CUST100018,Afex Kenya Ltd,KPHOTEL,KE,,KES,30DS,Active,25183,Kim-Fay Professional,,Nairobi West,,AFEXKENYAL,Afex Kenya ltd,,1B,Waiyaki Way,0.00,P193,June Chesire,Z001,Westlands,24598-00502,2Nd Floor Acorn House James Gichuru Road,,Back Order Allowed,ruth.ndege@afexgroup.com,Open Item,,P000599797A,MONTHLY,
False,CUST100019,Africa Reit,KPSERVICE,KE,,KES,30D,Active,23579,Kim-Fay Professional,,Nairobi West,,AFRICAREIT,Africa Reit,,3B,Karen,"100,000.00",P505,Shirleen Chebet,Z003,Ngong,AFRICA REIT,"Karen, Same Road Leading To The Hub.",,Back Order Allowed,accounts@africareit.com,Open Item,,P051232118J,MONTHLY,
False,CUST100020,African Agriculture Technology Foundation,KPNGO,KE,,KES,30DS,Active,24370,Kim-Fay Professional,,Nairobi West,,AFRICANAGR,African Agriculture Technology,,1B,Waiyaki Way,"300,000.00",P505,Shirleen Chebet,Z001,Westlands,P.O. Box 30709 -,Within Ilri Compound,,Back Order Allowed,f.nyaga@aatf-africa.org,Open Item,,P051197725E,MONTHLY,
False,CUST100021,African Developement Bank Group,KPBANK,KE,,KES,30DS,Active,25228,Kim-Fay Professional,,Nairobi West,,KPBASE,KP Base price,,3O,Upper Hill,"400,000.00",P104,Irene Luketelo,Z003,Ngong,,Longonot Road Upper Hill,,Back Order Allowed,h.kiplagat@afdb.org,Open Item,,P051100646J,MONTHLY,
False,CUST100022,African Economic Research Consortium,KPGOVT,KE,,KES,30DS,Active,3519,Kim-Fay Professional,,Nairobi West,,KPBASE,KP Base price,,3N,Milimani,"100,000.00",YVON,Yvonne Achieng,Z003,Ngong,"P.O. Box 62882-00200,",Mebank Towers 3Rd Floor,,Back Order Allowed,mmwangi@aercafrica.org,Open Item,,,MONTHLY,
False,CUST100023,African Forest Lodges Ltd,KPHOTEL,KE,,KES,30D,Active,24528,Kim-Fay Professional,,Nairobi West,,AFRICANFOR,African Forest Lodges ltd,,7A,Naivasha,"100,000.00",P504,Diana Wendy,Z007,Western A,P.O Box 76307 - 00508,The Forest,,Back Order Allowed,njengaeric1@gmail.com,Open Item,,P051417675Q,MONTHLY,
False,CUST100024,African Fund For Endagered Wildlife Afew,KPPMGR,KE,,KES,30DS,Active,3492,Kim-Fay Professional,,Nairobi West,,AFRICANFUN,African Fund for Endangered,,3B,Karen,"500,000.00",P096,Doreen Mugwika,Z003,Ngong,P.O. Box 15124 - 00509,Giraffe Centre,,Back Order Allowed,solomon@giraffecentre.org,Open Item,,P000611840H,MONTHLY,
False,CUST100025,African Medical & Research Foundation -Country Off,KPHEALTH,KE,,KES,30DS,On Hold,23660,Kim-Fay Professional,,Nairobi West,CUST100067,KPBASE,KP Base price,Maximillian Otieno,3R,Langata Road,0.00,P104,Irene Luketelo,Z003,Ngong,P.O.Box 30125-00100,"Along Langata Road, Wilson Airport",,Back Order Allowed,info.kenya@Amref.org,Open Item,,P051092247U,MONTHLY,
False,CUST100026,African Population & Health Research Centre,KPNGO,KE,,KES,30DS,Active,23844,Kim-Fay Professional,,Nairobi West,,AFRICANPOP,African Population & Health,,1C,Lower Kabete,"600,000.00",P096,Doreen Mugwika,Z001,Westlands,P.O.Box 10787-00100,"Manga Close, Off Kirwa Road",,Back Order Allowed,guest234@aphrc.org,Open Item,,P051139812V,MONTHLY,
False,CUST100028,African Tulip Ltd C/O Knight Frank,KPPMGR,KE,,KES,60DS,Active,24613,Kim-Fay Professional,,Nairobi West,,KNIGHTFRAN,Knight Frank Services Ltd 3682,,1B,Waiyaki Way,"750,000.00",P104,Irene Luketelo,Z001,Westlands,,Westlands Rivaan Centre,,Back Order Allowed,Sophie.Muoni@ke.knightfrank.com,Open Item,,P051439827O,MONTHLY,
False,CUST100029,Africare Ltd,KPHEALTH,KE,,KES,60DS,Active,24327,Kim-Fay Professional,,Nairobi West,,KPBASE,KP Base price,,3O,Upper Hill,"500,000.00",P505,Shirleen Chebet,Z003,Ngong,"03 Kiambere Road, Upper Hill",,,Back Order Allowed,procurement@africare.co,Open Item,,P051338000R,MONTHLY,
False,CUST100030,Afri-Trail Ventures Ltd,KPDIST,KE,,KES,30D,Active,24808,Kim-Fay Professional,,Nairobi Central,,KPDISTRIB,KP Distributors,,2A,CBD,1.00,C967,Berna Piwang,Z002,CBD,"P.O.BOX 5387-00100 NAIROBI, KENYA","View Park Towers, 18Th Floor",,Back Order Allowed,afritrail@gmail.com,Open Item,,P051232721N,MONTHLY,
False,CUST100031,After 40 Hotel,KPHOTEL,KE,,KES,30D,Active,24455,Kim-Fay Professional,,Nairobi Central,,KPBASE,KP Base price,,2A,CBD,"160,000.00",P505,Shirleen Chebet,Z002,CBD,P.O Box 16982 - 00620,Biashara Street,,Back Order Allowed,procurement@after4hotel.com,Open Item,,P051592254H,MONTHLY,
False,CUST100032,Aga Khan Academy Mombasa,KPEDU,KE,,KES,30DS,Active,24005,Kim-Fay Professional,,Coast,,AGAKHANACA,AGA Khan Academy,,12A,Mombasa,0.00,P022,Lucy Rimberia,Z012,Coast,P.O.Box 90066-80100,Vanga Rd Mombasa,,Back Order Allowed,sameer.hanif@agakhanacademies.org; vincent.kwendo@oshwalacademy.sc.ke,Open Item,,P000598585S,MONTHLY,
False,CUST100033,Aga Khan Academy Senior School Nairobi,KPEDU,KE,,KES,30DS,Active,24566,Kim-Fay Professional,,Nairobi West,,AGAKHANACA,AGA Khan Academy,,1F,Parklands,"600,000.00",P504,Diana Wendy,Z001,Westlands,P O Box 44424 00100,1St Parklands Avenue,,Back Order Allowed,sismail@akesk.org,Open Item,,P000598585S,MONTHLY,
False,CUST100034,Aga Khan Development Network - Kenya,KPHEALTH,KE,,KES,30D,Active,23746,Kim-Fay Professional,,Nairobi Central,,AGAKHANDEV,Aga Khan Development Network,,2A,CBD,"40,000.00",P193,June Chesire,Z002,CBD,P.O.Box 48508-00100,"4Th Floor, Ips Building",,Back Order Allowed,gulzar.suleman@akdnkenya.org,Open Item,,P051123365T,MONTHLY,
False,CUST100035,Aga Khan Health Service Kenya,KPHEALTH,KE,,KES,60DS,Active,1135,Kim-Fay Professional,,Nairobi West,,AGAKHANHEA,Aga Khan Health Service Kenya,,1F,Parklands,0.00,P193,June Chesire,Z001,Westlands,P.O.BOX 30270,Aga Khan Hospital Building,,Back Order Allowed,anne.nyambura@aku.edu,Open Item,,P000598593S,MONTHLY,
False,CUST100036,Aga Khan Hospital - Kisumu,KPHEALTH,KE,,KES,30DS,Active,3497,Kim-Fay Professional,,West Nyanza,,AGAKHANHEA,Aga Khan Health Service Kenya,,7F,Kisumu,"200,000.00",P489,John Kaguai,Z007,Western A,,,,Back Order Allowed,,Open Item,,P000598593S,MONTHLY,
False,CUST100037,Aga Khan Hospital (Mombasa),KPHEALTH,KE,,KES,60DS,Active,3495,Kim-Fay Professional,,Coast,,AGAKHANMSA,Aga khan msa,,12A,Mombasa,"2,000,000.00",P022,Lucy Rimberia,Z012,Coast,"P.O.BOX 30270,",Vanga Rd Mombasa,,Back Order Allowed,alfred.njumwa@akhskenya.org,Open Item,,P000598593S,MONTHLY,
False,CUST100038,Aga Khan Sports Centre,KPEDU,KE,,KES,30DS,Active,24427,Kim-Fay Professional,,Nairobi West,,KPBASE,KP Base price,,1F,Parklands,"40,000.00",P504,Diana Wendy,Z001,Westlands,P.O. Box 10843 - 00400,5Th Parklands Avenue,,Back Order Allowed,info@aksc.co.ke,Open Item,,P000603603G,MONTHLY,
False,CUST100039,Agility Green Energy Solutions Ltd,KPINDUSTRY,KE,,KES,30D,Active,25152,Kim-Fay Professional,,Nairobi Central,,KPBASE,KP Base price,,2A,CBD,1.00,P505,Shirleen Chebet,Z002,CBD,P.O Box 47136 - 00100,"Matumbo House, Kweria Lane Off Kirinyaga Road",,Back Order Allowed,agilityenergysolutions@gmail.com,Open Item,,P051456398W,MONTHLY,
False,CUST100040,AGRA,KPNGO,KE,,KES,30DS,Active,23824,Kim-Fay Professional,,Nairobi West,,AGRA,Agra,,1D,Westlands,"750,000.00",C1262,Mercyline Kemunto,Z001,Westlands,P.O.Box 66773-00800,West End Towers,,Back Order Allowed,sgaitho@agra.org,Open Item,,P051197834G,MONTHLY,
False,CUST100041,Agriculture & Climate Risk Enterprise,KPNGO,KE,,KES,30D,Active,24122,Kim-Fay Professional,,Nairobi West,,KPBASE,KP Base price,,1C,Lower Kabete,"50,000.00",P505,Shirleen Chebet,Z001,Westlands,P.O. Box 45277 - 00100,Springette Properties,,Back Order Allowed,rriungu@acreafrica.com,Open Item,,P051457417D,MONTHLY,
False,CUST100042,Agro Manufacturing Ltd,KPSERVICE,KE,,KES,30D,Active,23571,Kim-Fay Professional,,Nairobi East,,KPBASE,KP Base price,,,,0.00,P505,Shirleen Chebet,Z005,Mombasa Road,,Off Likoni Road,,Cancel Remainder,agroeunice@gmail.com,Open Item,,P000603852T,MONTHLY,
False,CUST100043,AHN Kenya Limited,KPHEALTH,KE,Nairobi,KES,30D,Active,25120,Kim-Fay Professional,,Nairobi West,,AHN,AHN,,5P,Mombasa Road,3.00,YVON,Yvonne Achieng,Z005,Mombasa Road,"Fortis Industrial Park, Godown No.9",Chady Rd off Syokimau Airport rd,,Back Order Allowed,donie@africahealthcarenetwork.com,Open Item,,,MONTHLY,
False,CUST100044,AIC  Kijabe Hospital,KPHEALTH,KE,,KES,60DS,Active,25172,Kim-Fay Professional,,South Rift,,AICKIJABEH,AIC KIJABE HOSPITAL,,2B,Kijabe,0.00,P193,June Chesire,Z002,CBD,P.O 20 - 00220,Limuru,,Back Order Allowed,smunene@kijabehospital.org,Open Item,,P051094077E,MONTHLY,
False,CUST100045,AIG Kenya Insurance Company Ltd,KPBANK,KE,,KES,30DS,Active,3547,Kim-Fay Professional,,Nairobi West,,KPBASE,KP Base price,,1D,Westlands,"35,000.00",P505,Shirleen Chebet,Z001,Westlands,"P.O.BOX 49480,",,,Back Order Allowed,gillian.kibugi@aig.com,Open Item,,P051163225M,MONTHLY,
False,CUST100046,Airkenya Express Ltd,KPAIRLINE,KE,,KES,30DS,Active,24646,Kim-Fay Professional,,Nairobi East,,AIRKENYAEX,Airkenya Express ltd,,3H,Wilson Airport,"360,000.00",C1262,Mercyline Kemunto,Z003,Ngong,P.O Box 30357 - 00100,Wilson Airport,,Back Order Allowed,judith.mwaka@airkenya.com,Open Item,,P051179948P,MONTHLY,
False,CUST100047,Airmarc Ltd T/A Fourpoints By Sheraton,KPHOTEL,KE,,KES,60DS,Active,24659,Kim-Fay Professional,,Nairobi East,,AIRMACLTDT,Airmac ltd T/A Four points,,5D,JKIA,"1,500,000.00",C967,Berna Piwang,Z005,Mombasa Road,P.O Box 1158 - 00606,Four Points By Sheraton,,Back Order Allowed,finance@fourpointsnairobiairport.co.ke,Open Item,,P051450422N,MONTHLY,
False,CUST100048,Airport Landing Hotel,KPHOTEL,KE,,KES,30D,Active,24704,Kim-Fay Professional,,Nairobi East,,AIRPORTLAN,Airport Landing hotel,,5C,Embakasi,2.00,P096,Doreen Mugwika,Z005,Mombasa Road,,North Airport Road,,Back Order Allowed,accounts@airportlandinghotel.com,Open Item,,P051575854T,MONTHLY,
False,CUST100049,Airport Trade Centre.C/O Visionary Realtors Ltd,KPPMGR,KE,,KES,60DS,Active,23542,Kim-Fay Professional,,Nairobi East,,KPBASE,KP Base price,,5D,JKIA,"50,000.00",P505,Shirleen Chebet,Z005,Mombasa Road,P.o Box 21483-00505,Airport Trade Centre,,Back Order Allowed,,Open Item,,P051213170S,MONTHLY,
False,CUST100052,Al Jazeera Kiswahili Limited,KPSERVICE,KE,,KES,30D,Active,25219,Kim-Fay Professional,,Nairobi West,,KPBASE,KP Base price,,3O,Upper Hill,2.00,P504,Diana Wendy,Z003,Ngong,P. O. BOX 47149 - 00100,10Th Floor Renaissance Corporate Park,,Back Order Allowed,bessy.muthuri@aljazeera.net,Open Item,,P051382089J,MONTHLY,
False,CUST100053,Alaska Village Ltd,KPHOTEL,KE,,KES,30D,Active,25106,Kim-Fay Professional,,Nairobi Central,,KPBASE,KP Base price,,2A,CBD,1.00,P505,Shirleen Chebet,Z002,CBD,3734-00100,Commercial Street,,Back Order Allowed,alaskavillagelimited@gmail.com,Open Item,,P051677533P,MONTHLY,
False,CUST100054,Alesha Brands Limited,KPDIST,KE,,KES,30D,Inactive,24768,Kim-Fay Professional,,Nairobi East,,KPBASE,KP Base price,,4C,Thika Road,1.00,,,Z004,Thika,P.O.BOX 105214-00101,"Plot 365, Sportsview Kasarani",,Back Order Allowed,,Open Item,,P051439999H,MONTHLY,
False,CUST100056,All Africa Conference Of Churches,KPRELGS,KE,,KES,30DS,Active,3674,Kim-Fay Professional,,Nairobi West,,ALLAFRICAC,All Africa Conference,,1B,Waiyaki Way,0.00,P104,Irene Luketelo,Z001,Westlands,P O Box 14205 00800,Waiyaki Way Desmond Tutu C.C,,Back Order Allowed,raphael@aacc-ceta.org,Open Item,,P051092435S,MONTHLY,
False,CUST100057,All And Sundry Services,KPCCLNRS,KE,,KES,30DS,Active,24631,Kim-Fay Professional,,Nairobi East,,ALLANDSUND,All and sun dry services,,4C,Thika Road,"6,400,000.00",P104,Irene Luketelo,Z012,Coast,Mombasa,"MOMBASA,KRA",,Back Order Allowed,allandsundryservices@gmail.com,Open Item,,,MONTHLY,
False,CUST100058,All Saints Cathedral Church.,KPRELGS,KE,,KES,30DS,Active,3577,Kim-Fay Professional,,Nairobi Central,,ALLSAINTSC,All Saints Cathedral Church,,2A,CBD,"1,000,000.00",C967,Berna Piwang,Z002,CBD,"P.O.Box 40539-00100,",Valley Road After Uhuru Park,,Back Order Allowed,wthiongo@allsaintsnairobi.org,Open Item,,P051092319Z,MONTHLY,
False,CUST100059,Allterrain Services Kenya Ltd,KPCCLNRS,KE,,KES,30DS,Active,24812,Kim-Fay Professional,,Nairobi West,,ALLTERRAIN,Allterrain Services Kenya ltd,,4G,Ruiru,"4,500,000.00",P104,Irene Luketelo,Z004,Thika,Crawford School,Upperhill Road,,Back Order Allowed,akungu@tsebo.com; bogaga@tsebo.com,Open Item,,,MONTHLY,
False,CUST100060,Almanara Diani Beach Resort (Alankoi Seas Ltd),KPHOTEL,KE,,KES,30DS,Active,24114,Kim-Fay Professional,,Coast,,ALMANARADI,Almanara Diani Beach Resort,,12B,Diani,"200,000.00",P022,Lucy Rimberia,Z012,Coast,P.O. Box 5468 - 80401,Diani Beach,,Back Order Allowed,accounts@almanararesort.com,Open Item,,P051160295W,MONTHLY,
False,CUST100061,Althaus Services Ltd,KPPMGR,KE,,KES,30DS,Active,3682,Kim-Fay Professional,,Nairobi West,,ALTHAUSSER,Althaus Services Ltd 3682,,1D,Westlands,"2,000,000.00",P104,Irene Luketelo,Z001,Westlands,P O Box 25552 00603,West Gate Mall,,Back Order Allowed,stephen@althaus.co.ke; mike.kimathi@althaus.co.ke; margaret@althaus.co.ke,Open Item,,P051400968D,MONTHLY,
False,CUST100062,Alujo Enterprises Company Limited,KPDIST,KE,,KES,30D,Active,24951,Kim-Fay Professional,,Coast,,KPBASE,KP Base price,,12A,Mombasa,1.00,P505,Shirleen Chebet,Z012,Coast,P.O.BOX 3005 -80100,Moi Avenue Karimi House Mombasa,,Back Order Allowed,info@alujoenterprises.co.ke,Open Item,,P051383515T,MONTHLY,
False,CUST100063,Amadeus Gtd Ltd,KPSERVICE,KE,,KES,30DS,Active,3830,Kim-Fay Professional,,Nairobi West,,KPBASE,KP Base price,,3O,Upper Hill,"60,000.00",C967,Berna Piwang,Z003,Ngong,,14 Riverside Drive,,Back Order Allowed,peris.mureithi@amadeus.com,Open Item,,P051152211A,MONTHLY,
False,CUST100065,Double Tree By Hilton Nairobi Hurlinghum,KPHOTEL,KE,,KES,30DS,Active,24413,Kim-Fay Professional,,Nairobi West,,AMBERHOTEL,Amber Hotel T/A Amber properti,,3C,Ngong Road,"100,000.00",C967,Berna Piwang,Z003,Ngong,P.O. Box 69702-00400,Ngong Lane,,Back Order Allowed,cashier@doubletreenairobi.co.ke,Open Item,,P051220113Z,MONTHLY,
False,CUST100066,Amex Auto And Industrial Hardware Ltd,KPSERVICE,KE,,KES,30DS,Active,24901,Kim-Fay Professional,,Nairobi East,,AMEXAUTOIN,Amex Auto & industiral Hardwar,,5A,Industrial Area,1.00,P505,Shirleen Chebet,Z005,Mombasa Road,P. O. Box 17880 - 00500,Ideal Corner Building,,Back Order Allowed,accounts@amexautospares.com,Open Item,,P051189348K,MONTHLY,
False,CUST100067,AMREF Health Africa,KPHEALTH,KE,,KES,30DS,Active,2364,Kim-Fay Professional,,Nairobi West,,AMREF,A.M.R.E.F,,3R,Langata Road,0.00,P104,Irene Luketelo,Z003,Ngong,Langata Rd,,,Back Order Allowed,samuel.amwata@amref.org,Open Item,,P051092247U,MONTHLY,
False,CUST100068,AMS  Hotels (Westlands) Ltd T/A Park Inn By Radisson,KPHOTEL,KE,,KES,45DS,Active,24568,Kim-Fay Professional,,Nairobi West,,AMSHOTELSW,AMS hotels westlands,,1D,Westlands,"600,000.00",P096,Doreen Mugwika,Z001,Westlands,AMS Hotels (Westlands) Ltd,Waiyaki Way,,Back Order Allowed,zakaria.owino@parkinn.com,Open Item,,P051310461Q,MONTHLY,
False,CUST100069,Amtoll Rwanda,KPEXP,RW,,USD,30D,Active,25098,Kim-Fay Professional,,Rwanda,,AMTOLLRWAN,25097 (Amtoll Rwanda / FCC,,14F,Rwanda,1.00,P201,Florence Karaya,Z014,Exports,,Kn8 Avenue,,Back Order Allowed,jacky.amtoll.rw@gmail.com,Open Item,,,MONTHLY,
False,CUST100071,And Beyond Kenya Limited,KPHOTEL,KE,,KES,60DS,Active,3592,Kim-Fay Professional,,Nairobi West,,CCAFRICA,C.C Africa,,1D,Westlands,"900,000.00",P104,Irene Luketelo,Z001,Westlands,"P.O Box 74957-00200,",Parklands Road Next To Southern Sun Hotel,,Back Order Allowed,triza.njeri@andBeyond.com,Open Item,,P000601308B,MONTHLY,
False,CUST100072,Andela Kenya Ltd,KPEDU,KE,,KES,30DS,Active,24361,Kim-Fay Professional,,Nairobi East,,KPBASE,KP Base price,,4C,Thika Road,"500,000.00",P505,Shirleen Chebet,Z004,Thika,44437 - 00100,"Road Entering Usiu, From Safari Park",,Back Order Allowed,hellen.kaberere@andela.com,Open Item,,P051554579T,MONTHLY,
False,CUST100073,Androse Enterprises Ltd,KPPMGR,KE,,KES,30D,Active,24330,Kim-Fay Professional,,Nairobi Central,,KPBASE,KP Base price,,2A,CBD,"100,000.00",C967,Berna Piwang,Z002,CBD,P.O. Box 40169-00100,Jabavu House 3Rd Floorjabavu Lane,,Back Order Allowed,androsenterprisesltd@gmail.com,Open Item,,P051348115X,MONTHLY,
False,CUST100075,Anghiti Restaurant Ltd,KPHOTEL,KE,,KES,30DS,On Hold,23497,Kim-Fay Professional,,Nairobi West,,KPBASE,KP Base price,,1D,Westlands,"200,000.00",YVON,Yvonne Achieng,Z001,Westlands,P O Box 66205 00800,New Rehema Hse,,Back Order Allowed,accounts@anghitirestaurant.com,Open Item,,P051119212N,MONTHLY,
False,CUST100076,Anjarwalla & Khanna,KPSERVICE,KE,,KES,30DS,Active,23178,Kim-Fay Professional,,Nairobi West,,KPBASE,KP Base price,,1D,Westlands,"50,000.00",P505,Shirleen Chebet,Z001,Westlands,P O Box 200 00600,"Aln House, Eldama Ravine Close",,Back Order Allowed,wbw@africalegalnetwork.com,Open Item,,,MONTHLY,
False,CUST100077,Ankole Grill Limited,KPREST,KE,,KES,30D,Active,25268,Kim-Fay Professional,,Nairobi West,,ANKOLEGRIL,Ankole Grill Ltd,,3C,Ngong Road,2.00,C967,Berna Piwang,Z003,Ngong,"Ankole Grill HQ - Kitisuru branch, Kitisuru rd.",Kitisuru Road,,Back Order Allowed,accounts@ankole.co.ke,Open Item,,P051621524S,MONTHLY,
False,CUST100078,Aqua Plumbing Company Ltd,KPINDUSTRY,KE,,KES,30D,Active,25283,Kim-Fay Professional,,Nairobi West,,KPBASE,KP Base price,,3D,Community,1.00,P096,Doreen Mugwika,Z003,Ngong,46388-00100,Valley View Office,,Back Order Allowed,aqua@aqua.co.ke,Open Item,,P000593976J,MONTHLY,
False,CUST100079,Aquadrom Restaurant,KPREST,KE,,KES,30DS,Active,2527,Kim-Fay Professional,,Coast,,KPBASE,KP Base price,,12A,Mombasa,"100,000.00",P022,Lucy Rimberia,Z012,Coast,MOMBASA,"Bamburi, Mombasa",,Back Order Allowed,aquadromlimited@gmail.com,Open Item,,P000621253J,MONTHLY,
False,CUST100080,Arial Investment Ltd,KPSERVICE,KE,,KES,30D,Active,25130,Kim-Fay Professional,,Nairobi West,,KPBASE,KP Base price,,4E,Kiambu,1.00,P096,Doreen Mugwika,Z004,Thika,9825-00100,"Windy Ridge300, Windy Ridge Road Off Kiambu rd",,Back Order Allowed,reloe92@gmail.com,Open Item,,P051224708T,MONTHLY,
False,CUST100081,Arichem Ltd,KPINDUSTRY,KE,,KES,30D,Active,25197,Kim-Fay Professional,,Nairobi East,,KPBASE,KP Base price,,5C,Embakasi,1.00,C1262,Mercyline Kemunto,Z005,Mombasa Road,,"Embakasi Old North Airport Road, Nairobi",,Back Order Allowed,fkirimi@arichem.co.ke,Open Item,, P051123885C,MONTHLY,
False,CUST100082,Arora Properties Ltd C/O Knight Frank Kenya Ltd,KPPMGR,KE,,KES,60DS,Active,25199,Kim-Fay Professional,,Nairobi West,,KNIGHTFRAN,Knight Frank Services Ltd 3682,,1D,Westlands,"450,000.00",P104,Irene Luketelo,Z001,Westlands,99438-80107,9 West Westlands,,Back Order Allowed,sophie.muoni@ke.knightfrank.com,Open Item,,P051179623D,MONTHLY,
False,CUST100083,Art Investments Ltd C/O Knight Frank Kenya Ltd,KPPMGR,KE,,KES,60DS,Active,24439,Kim-Fay Professional,,Nairobi West,,KNIGHTFRAN,Knight Frank Services Ltd 3682,,1D,Westlands,"600,000.00",P104,Irene Luketelo,Z001,Westlands,,River Front,,Back Order Allowed,lydia-ndichu@ke.knightfrank.com,Open Item,,P051389813I,MONTHLY,
False,CUST100084,Artcafe Coffee & Bakery Ltd,KPREST,KE,,KES,60DS,Active,3761,Kim-Fay Professional,,Nairobi East,,ARTCAFECOF,Artcafe Coffee & Bakery Ltd,,4C,Thika Road,0.00,P025,Susan Mwathi,Z004,Thika,Baba Dogo,Thika Road Outering Road,,Back Order Allowed,grace@artcaffe.co.ke,Open Item,,P051213489G,MONTHLY,
False,CUST100085,Asefah Ltd,KPSERVICE,KE,,KES,CURRENT,Active,25167,Kim-Fay Professional,,Nairobi East,,ASEFAHLTD,Asefah Ltd,,5N,South C,20.00,P505,Shirleen Chebet,Z005,Mombasa Road,South C Shopping Centre,South C Shopping Centre,,Back Order Allowed,stores@ngonghillshotel.com,Open Item,,P051667523M,MONTHLY,
False,CUST100086,Ashnil Hotels Ltd,KPHOTEL,KE,,KES,60DS,Active,3727,Kim-Fay Professional,,Nairobi East,,ASHNILHOTE,Ashnil Hotels Ltd 3727,,5P,Mombasa Road,"400,000.00",P104,Irene Luketelo,Z005,Mombasa Road,P O Box 10557 - 00100,Mombasa Rd,,Back Order Allowed,accounts@ashnilhotels.com,Open Item,,P051151884X,MONTHLY,
False,CUST100087,Atua Enkop Africa,KPHOTEL,KE,,KES,30DS,Active,23605,Kim-Fay Professional,,Nairobi West,,ATUAENKOPA,Atua Enkop Africa,,1D,Westlands,0.00,P504,Diana Wendy,Z001,Westlands,166 Shanzu Road Spring Valley,Lower Kabete,,Back Order Allowed,procurement@atua-enkop.com,Open Item,,P051181965Y,MONTHLY,
False,CUST100088,August 7Th Memorial Trust,KPSERVICE,KE,,KES,30D,Active,23606,Kim-Fay Professional,,Nairobi Central,,KPBASE,KP Base price,,2A,CBD,"30,000.00",P505,Shirleen Chebet,Z002,CBD,P.O.BOX 7010 - 00200,Former Site Of Us Embassy - Junction,,Back Order Allowed,,Open Item,,P051131056J,MONTHLY,
False,CUST100089,Australian High Commission - Nairobi,KPNGO,KE,,KES,30DS,Active,24546,Kim-Fay Professional,,Nairobi West,,KPBASE,KP Base price,,1D,Westlands,"100,000.00",P505,Shirleen Chebet,Z001,Westlands,P.O. Box 39341 - 00623,New Chancery,,Back Order Allowed,nairobi.property@dfat.gov.au,Open Item,,P051101745I,MONTHLY,
False,CUST100090,Auto Xpress Ltd,KPSERVICE,KE,,KES,30DS,Active,23656,Kim-Fay Professional,,Nairobi West,,KPBASE,KP Base price,,1H,Ngara,"300,000.00",P505,Shirleen Chebet,Z001,Westlands,P.O.Box 14163-00800,Juction Of Limuru Road And Forest Road,,Back Order Allowed,info@auxpke.com,Open Item,,P000626389L,MONTHLY,
False,CUST100091,Avenue Healthcare Ltd,KPHEALTH,KE,,KES,60DS,Active,2286,Kim-Fay Professional,,Nairobi West,,AVENUEHEAL,Avenue Health,,7F,Kisumu,"408,000,000.00",P193,June Chesire,Z012,Coast,1St Parklands Road,"Thika Clinic, Zuri Centre",,Back Order Allowed,okeyo@avenuehealthcare.com,Open Item,,P051111917E,MONTHLY,
False,CUST100092,Avenue Hospital.,KPHEALTH,KE,,KES,30D,On Hold,1251,Kim-Fay Professional,,Nairobi West,,KPBASE,KP Base price,,1F,Parklands,"150,000.00",P025,Susan Mwathi,Z001,Westlands,P.O.Box 45280,,,Back Order Allowed,,Open Item,,,MONTHLY,
False,CUST100094,Baam Property Llp,KPPMGR,KE,,KES,30DS,Inactive,23445,Kim-Fay Professional,,Nairobi East,,BAAMPROPER,Baam Properties,,3H,Wilson Airport,"180,000.00",P504,Diana Wendy,Z003,Ngong,P O Box 3732 - 00506,Langatta Hse,,Back Order Allowed,maureen@nwrealite.co.ke,Open Item,,P051414358E,MONTHLY,
False,CUST100096,Bahati Ventures Ltd,KPDIST,KE,,KES,30DS,Active,24105,Kim-Fay Professional,,Nairobi East,,KPDISTRIB,KP Distributors,,5P,Mombasa Road,"3,000,000.00",P505,Shirleen Chebet,Z005,Mombasa Road,P.O Box 57467 - 00200,Mombasa Road,,Back Order Allowed,info@bahati.co.ke,Open Item,,P000606116L,MONTHLY,
False,CUST100097,Basf East Africa Ltd,KPSERVICE,KE,,KES,30DS,Active,23789,Kim-Fay Professional,,Nairobi West,,KPBASE,KP Base price,,1D,Westlands,"200,000.00",P505,Shirleen Chebet,Z001,Westlands,P.O.Box 24271-00100,"Lower Kabete Road, The Pavilion",,Back Order Allowed,james.mutua@basf.com,Open Item,,P051353147X,MONTHLY,
False,CUST100098,Bawan Ltd (Hillpark Hotel),KPHOTEL,KE,,KES,30DS,Active,24328,Kim-Fay Professional,,Nairobi West,,BAWANALTDH,Bawana Ltd(Hill park Hotel),,3O,Upper Hill,"200,000.00",P096,Doreen Mugwika,Z003,Ngong,P.O. Box 46037-00100,Highpoint Court,,Back Order Allowed,robert.kimani@hillparkhotel.com; alex.ndungu@hillparkhotel.com,Open Item,,P000609939J,MONTHLY,
False,CUST100099,Bayete Holdings (K) Ltd,KPDIST,KE,,KES,30D,Active,24654,Kim-Fay Professional,,Nairobi Central,,KPBASE,KP Base price,,2A,CBD,"50,000.00",P193,June Chesire,Z002,CBD,P O Box 432 00521,Corner House,,Back Order Allowed,bayeteholdings@gmail.com,Open Item,,P051446602Y,MONTHLY,
False,CUST100103,Benark General Merchants Ltd,KPDIST,KE,,KES,30D,Inactive,24624,Kim-Fay Professional,,Nairobi West,,KPBASE,KP Base price,,CTC,Client to Collect,1.00,P104,Irene Luketelo,Z015,Self Collection,P.O Box 19351 - 00100,Client To Collect,,Back Order Allowed,bbundi09@gmail.com,Open Item,,P051538139N,MONTHLY,
False,CUST100104,Benchem Lab Supplies,KPDIST,KE,,KES,30D,On Hold,23981,Kim-Fay Professional,,Nairobi West,,KPBASE,KP Base price,,2A,CBD,"50,000.00",P193,June Chesire,Z002,CBD,P.O.Box 3300,Afya Business Plaza,,Back Order Allowed,,Open Item,,,MONTHLY,
False,CUST100105,Benken Hygiene Services,KPPMGR,KE,,KES,30DS,Inactive,23895,Kim-Fay Professional,,Nairobi East,,KPBASE,KP Base price,,5F,Kariobangi south,"80,000.00",YVON,Yvonne Achieng,Z005,Mombasa Road,P.O.Box 5528-00200,Kariobangi Light Industries,,Back Order Allowed,hygiene08@yahoo.com,Open Item,,P051226806Y,MONTHLY,
False,CUST100106,Benmac Enterprises Ltd (Equity Afia Ltd),KPHEALTH,KE,,KES,15DS,Active,24433,Kim-Fay Professional,,Nairobi West,,,,,3F,Ongata Rongai,"30,000.00",P505,Shirleen Chebet,Z003,Ngong,P.O Box 19913 - 01200,Siron House 1St Floor,,Back Order Allowed,alice.osiemo@equityafia.co.ke,Open Item,,P051543432Y,MONTHLY,
False,CUST100107,Benzochem Products (K) Ltd,KPCCLNRS,KE,,KES,30DS,Inactive,24033,Kim-Fay Professional,,Nairobi East,,KPBASE,KP Base price,,5F,Kariobangi south,"250,000.00",P183,Mercy Irungu,Z005,Mombasa Road,P O Box 1463 00618,Kariobangi Light Industries,,Back Order Allowed,,Open Item,,,MONTHLY,
False,CUST100108,Berra Lounge Hotel Ltd,KPHOTEL,KE,,KES,30D,Active,24519,Kim-Fay Professional,,Nairobi West,,KPBASE,KP Base price,,3A,Ngong,"100,000.00",P504,Diana Wendy,Z003,Ngong,P.O Box 1176,Kibiku Forest,,Back Order Allowed,info@berraloungehotel.co.ke,Open Item,,P051592014S,MONTHLY,
False,CUST100109,Beta Tech Solutions,KPINDUSTRY,KE,,KES,30D,Active,24912,Kim-Fay Professional,,Nairobi Central,,KPBASE,KP Base price,,2A,CBD,1.00,P505,Shirleen Chebet,Z002,CBD,P.O BOX 44166-00100 NAIROBI,St Georges House 2Nd Floor,,Back Order Allowed,betatechsol@gmail.com,Open Item,,P051441474Z,MONTHLY,
False,CUST100111,Biashara Emporium,KPDIST,KE,,KES,30D,Active,25018,Kim-Fay Professional,,Nairobi Central,,KPDISTRIB,KP Distributors,,2A,CBD,2.00,C967,Berna Piwang,Z002,CBD,P O BOX 11650,32 Keekorok Road,,Back Order Allowed,rajanmote@yahoo.com,Open Item,,A000127601Z,MONTHLY,
False,CUST100116,Big Five Tours & Safaris Ltd,KPSERVICE,KE,,KES,30DS,Inactive,23842,Kim-Fay Professional,,Nairobi West,,KPBASE,KP Base price,,1D,Westlands,"50,000.00",P096,Doreen Mugwika,Z001,Westlands,P.O.Box 10367-00400,"East Church Road, Off Raphta Road",,Back Order Allowed,,Open Item,,P000593334R,MONTHLY,
False,CUST100117,Bilashaka Flowers Ltd,KPAGRI,KE,,KES,30D,Active,24974,Kim-Fay Professional,,South Rift,,KPBASE,KP Base price,,7A,Naivasha,1.00,C967,Berna Piwang,Z007,Western A,2040-20117,Moi North Lake Road,,Back Order Allowed,stores.bilashaka@zuurbier.com,Open Item,,P051141592T,MONTHLY,
False,CUST100118,Billionaire Investments,KPDIST,KE,,KES,30D,Inactive,24426,Kim-Fay Professional,,Nairobi West,,KPBASE,KP Base price,,3F,Ongata Rongai,"30,000.00",P183,Mercy Irungu,Z003,Ngong,P.O. Box 16030 - 00509,Kamura Road,,Back Order Allowed,,Open Item,,A004686490N,MONTHLY,
False,CUST100119,Bio Foods Products Ltd,KPINDUSTRY,KE,,KES,60DS,Active,23388,Kim-Fay Professional,,Nairobi East,,KPBASE,KP Base price,,5A,Industrial Area,"750,000.00",P504,Diana Wendy,Z005,Mombasa Road,,Off Rd C Industrial Area,,Back Order Allowed,p.ngugi@biofoods.co.ke,Open Item,,P000601924H,MONTHLY,
False,CUST100120,Blind Tiger Hospitality Ltd,KPREST,KE,,KES,30D,Active,25016,Kim-Fay Professional,,Nairobi West,,KPBASE,KP Base price,,1L,Gigiri,1.00,P505,Shirleen Chebet,Z001,Westlands,P O BOX 62-00623,220 Kyuna Road,,Back Order Allowed,info@re-volver.com,Open Item,,P051832940G,MONTHLY,
False,CUST100121,Blissmaks Services Ltd,KPCCLNRS,KE,,KES,30D,Active,24909,Kim-Fay Professional,,Nairobi East,,KPBASE,KP Base price,,5A,Industrial Area,1.00,P504,Diana Wendy,Z005,Mombasa Road,"934-00515, NAIROBI","Kemsa, Industrial Area Next To Nita",,Back Order Allowed,blissmarkslimited@gmail.com,Open Item,,P051627173Q,MONTHLY,
False,CUST100122,Blixen Court,KPPMGR,KE,,KES,30D,Active,23835,Kim-Fay Professional,,Nairobi West,,BLIXENCOUR,Blixen Court,,3C,Ngong Road,"100,000.00",YVON,Yvonne Achieng,Z003,Ngong,P.O.Box 54-00502,"Blixen Court, No 3",,Back Order Allowed,oscar@propertylinkafrica.com,Open Item,,P051372889Q,MONTHLY,
False,CUST100123,Bluesky Outsourcing Ltd,KPCCLNRS,KE,,KES,30D,Active,25213,Kim-Fay Professional,,Nairobi West,,KPBASE,KP Base price,,3M,Kilimani,1.00,C967,Berna Piwang,Z003,Ngong,P.O.BOX 64018 - 00620,Kilimani Business Centre,,Back Order Allowed,blueskyoutsourcinglimited@gmail.com,Open Item,,P051325847H,MONTHLY,
False,CUST100124,Boc Kenya Plc,KPINDUSTRY,KE,,KES,30D,Active,24574,Kim-Fay Professional,,Nairobi East,,BOCKENYALI,Boc kenya limited,,5A,Industrial Area,"500,000.00",C1262,Mercyline Kemunto,Z005,Mombasa Road,P.O Box18010 - 00500,Kitui Road,,Back Order Allowed,nnale@monarchinsurance.co.ke,Open Item,,P000591191T,MONTHLY,
False,CUST100125,Boma International Hospitality College Ltd,KPEDU,KE,,KES,30DS,Active,24738,Kim-Fay Professional,,Nairobi West,,KPBASE,KP Base price,,5N,South C,"100,000.00",C967,Berna Piwang,Z005,Mombasa Road,P.O Box 26601 - 00100,Red Cross Road,,Back Order Allowed,accounts@bihc.ac.ke,Open Item,,P051566487Z,MONTHLY,
False,CUST100126,Bomu Hospital,KPHEALTH,KE,,KES,30DS,Active,24651,Kim-Fay Professional,,Coast,,KPBASE,KP Base price,,12A,Mombasa,"600,000.00",P022,Lucy Rimberia,Z012,Coast,P.O Box 95683 - 80106,Soweto - Changamwe,,Back Order Allowed,info@bomuhospital.org,Open Item,,P051094399N,MONTHLY,
False,CUST100127,Bonfide Clearing & Forwarding Co Ltd,KPSERVICE,KE,,KES,30D,Inactive,23553,Kim-Fay Professional,,Nairobi East,,KPBASE,KP Base price,,1D,Westlands,2.00,YVON,Yvonne Achieng,Z001,Westlands,,Bonfide Riverside Office,,Back Order Allowed,amos.karanja@bonfide.com,Open Item,,P051127777L,MONTHLY,
False,CUST100128,Bosphorous Company Ltd,KPREST,KE,,KES,30DS,Active,24578,Kim-Fay Professional,,Nairobi East,CUST102792,BOSPHORUSC,Bosphorus company ltd,Mercy Nyagano,5D,JKIA,0.00,P193,June Chesire,Z005,Mombasa Road,P.O Box 35677 - 00100,Jkia Airport Trade Centre Building,,Back Order Allowed,ltdbosphorus@yahoo.com,Open Item,,P051570429A,MONTHLY,
False,CUST100129,Brandables E.A Limited,KPDIST,KE,,KES,30DS,Active,3447,Kim-Fay Professional,,Nairobi East,,KPBASE,KP Base price,,4C,Thika Road,"1,000,000.00",P193,June Chesire,Z004,Thika,P.O. Box 63985 - 00619,Baba Dogo Road,,Back Order Allowed,info@brandables.co.ke,Open Item,,P051421255S,MONTHLY,
False,CUST100130,Brandworld Communications Ltd,KPSERVICE,KE,,KES,30D,Active,25012,Kim-Fay Professional,,Nairobi East,,KPBASE,KP Base price,,5O,South B,1.00,P505,Shirleen Chebet,Z005,Mombasa Road,P.O. BOX 105580 - 00101,Vinodeep Towers,,Back Order Allowed,beatrice.karimi@brandworld.co.ke; Faith.mutuku@brandworld.co.ke,Open Item,,P051548022E,MONTHLY,
False,CUST100131,Briakan Millenium Agencies,KPDIST,KE,,KES,30D,Active,24879,Kim-Fay Professional,,Nairobi Central,,KPBASE,KP Base price,,2A,CBD,1.00,P505,Shirleen Chebet,Z002,CBD,,"River Road, Othaya Kabete House",,Back Order Allowed,briakanagencies@gmail.com,Open Item,,A002801506F,MONTHLY,
False,CUST100132,Bridgeworld College,KPEDU,KE,,KES,30D,Active,24587,Kim-Fay Professional,,Nairobi West,,KPBASE,KP Base price,,3B,Karen,1.00,C967,Berna Piwang,Z003,Ngong,P.O. Box 1192 - 00502,Bridgeworld College,,Back Order Allowed,wambuikarongo@gmail.com,Open Item,,P051336612U,MONTHLY,
False,CUST100133,Brigon Plumbers Ltd,KPSERVICE,KE,,KES,30D,Active,24747,Kim-Fay Professional,,Nairobi East,,KPBASE,KP Base price,,5C,Embakasi,"20,000.00",P505,Shirleen Chebet,Z005,Mombasa Road,P O Box 23874 00100,Comboni School Utawala,,Back Order Allowed,info@brigon.co.ke,Open Item,,,MONTHLY,
False,CUST100134,Bristol Park Hospital,KPHEALTH,KE,,KES,30D,Active,24450,Kim-Fay Professional,,Nairobi East,,KPBASE,KP Base price,,5D,JKIA,1.00,P505,Shirleen Chebet,Z005,Mombasa Road,P.O. Box 9193 - 00200,"Tasia Estate, Outer Ring Road",,Back Order Allowed,info@bristolpark.or.ke; mmutua@bristolpark.or.ke,Open Item,,,MONTHLY,
False,CUST100136,British American Insurance Company (K) Ltd,KPSERVICE,KE,,KES,30DS,Active,3560,Kim-Fay Professional,,Nairobi West,,BRITISHAME,British American Insurance Co.,,3O,Upper Hill,"2,200,000.00",P104,Irene Luketelo,Z003,Ngong,"P.O. Box 30375,",Britak Centre 5Th Floor,,Back Order Allowed,nksang@britam.com,Open Item,,P000609348E,MONTHLY,
False,CUST100137,British High Commission,KPNGO,KE,,KES,60DS,Inactive,2361,Kim-Fay Professional,,Nairobi West,,KPBASE,KP Base price,,3O,Upper Hill,"120,000.00",C967,Berna Piwang,Z003,Ngong,,,,Back Order Allowed,,Open Item,,,MONTHLY,
False,CUST100138,Broll Kenya Ltd,KPPMGR,KE,,KES,30DS,Active,24484,Kim-Fay Professional,,Nairobi West,,BROLLKENYA,Broll Kenya Ltd,,1B,Waiyaki Way,0.00,C967,Berna Piwang,Z001,Westlands,P.O Box 52727 - 00100,Westlands Office Park,,Back Order Allowed,dnthenya@broll.co.ke,Open Item,,P051430120G,MONTHLY,
False,CUST100139,Brookhart Healthcare Ltd,KPHEALTH,KE,,KES,30D,Active,24959,Kim-Fay Professional,,Nairobi West,,KPBASE,KP Base price,,1H,Ngara,1.00,P504,Diana Wendy,Z001,Westlands,31161-00600,Park Road Towers,,Back Order Allowed,,Open Item,,P051775718N,DAILY,
False,CUST100140,Brookhouse School - Karen,KPEDU,KE,,KES,60DS,Active,24573,Kim-Fay Professional,,Nairobi West,,BROOKHOUSE,Brookhouse school (24573),,3B,Karen,0.00,P193,June Chesire,Z003,Ngong,P.O. Box 24987 - 00502,Magadi Road,,Back Order Allowed,accountsdept@brookhouse.ac.ke,Open Item,,P000594310I,MONTHLY,
False,CUST100141,Brookhouse School - Runda,KPEDU,KE,,KES,60DS,Active,24664,Kim-Fay Professional,,Nairobi West,CUST100140,BROOKHOUSE,Brookhouse school (24573),Mercy Nyagano,4F,Runda,0.00,P193,June Chesire,Z004,Thika,P.O Box 24987 - 00502,Off Kiambu Road,,Back Order Allowed,accountsdept@brookhouse.ac.ke,Open Item,,P000594310I,MONTHLY,
False,CUST100142,Brookside Dairy Limited,KPINDUSTRY,KE,,KES,60DS,Active,3503,Kim-Fay Professional,,Nairobi West,,KPBASE,KP Base price,,4B,Kahawa,"300,000.00",C1262,Mercyline Kemunto,Z004,Thika,"P.O.BOX 236-00232,",,,Back Order Allowed,edward.murithi@brookside.co.ke,Open Item,,P051116172X,MONTHLY,
False,CUST100143,Brosh Pharmaceuticals Ltd,KPHEALTH,KE,,KES,30DS,On Hold,23681,Kim-Fay Professional,,Nairobi West,,KPBASE,KP Base price,,1L,Gigiri,"70,000.00",YVON,Yvonne Achieng,Z001,Westlands,P.O.Box 43099-00100,New Muthaiga Shopping Mall,,Back Order Allowed,,Open Item,,,MONTHLY,
False,CUST100145,Buffalo Mall Naivasha Ltd,KPPMGR,KE,,KES,30DS,Active,24727,Kim-Fay Professional,,South Rift,,BUFFALOMAL,Buffalo mall Naivasha,,7A,Naivasha,"800,000.00",P489,John Kaguai,Z007,Western A,Buffalo Mall Naivasha,,,Back Order Allowed,esther.kirigo@buffalomalldevelopments.com,Open Item,,P051377489Y,MONTHLY,
False,CUST100147,Business Impact Limited,KPDIST,KE,,KES,30D,Active,24873,Kim-Fay Professional,,Nairobi West,,KPBASE,KP Base price,,3K,Lavington,1.00,C967,Berna Piwang,Z003,Ngong,"P.O.BOX 10701-00100, Nairobi, Kenya","Methodist Ministries Centre, Lavington",,Back Order Allowed,,Open Item,,P051536104Y,MONTHLY,
False,CUST100148,Bussem Ltd Trading As Yaya Towers,KPPMGR,KE,,KES,30DS,Active,3696,Kim-Fay Professional,,Nairobi West,,YAYATOWERS,Yaya Towers Ltd 3696,,3L,Hurlingham,"1,500,000.00",P104,Irene Luketelo,Z003,Ngong,P O Box 76440 00508,Yaya Centre Building,,Back Order Allowed,AccAssistant2@yaya.co.ke,Open Item,,P000606149X,MONTHLY,
False,CUST100149,Buyline Industries Ltd,KPINDUSTRY,KE,,KES,30DS,Active,23371,Kim-Fay Professional,,Nairobi East,,BUYLINEIND,Buyline Industries ltd,,5P,Mombasa Road,"60,000.00",P504,Diana Wendy,Z005,Mombasa Road,,Msa Rd Next To Imara Daima,,Back Order Allowed,buyline@kenyaweb.com,Open Item,,P000611407C,MONTHLY,
False,CUST100150,By Appointment Executives Search Ltd,KPSERVICE,KE,,KES,30D,Active,24379,Kim-Fay Professional,,Nairobi West,,KPBASE,KP Base price,,3B,Karen,"50,000.00",P505,Shirleen Chebet,Z003,Ngong,P.O. Box 1605-00502,Marula Lane,,Back Order Allowed,pa@byappointmentafrica.com,Open Item,,P051366721C,MONTHLY,
False,CUST100151,Byron Trustkett Investment Ltd,KPCCLNRS,KE,,KES,60DS,Inactive,23669,Kim-Fay Professional,,Nairobi East,,KPBASE,KP Base price,,2A,CBD,"500,000.00",P096,Doreen Mugwika,Z002,CBD,P.O.Box 5013-00100,"Landhies Road, Nasico Plaza",,Back Order Allowed,majiwad@yahoo.com,Open Item,,,MONTHLY,
False,CUST100152,Caddell Construction Co (De) Llc,KPSERVICE,KE,,KES,30D,Active,25026,Kim-Fay Professional,,Nairobi West,,CADELLCONS,Cadell Construction Co.De llc,,4E,Kiambu,1.00,C967,Berna Piwang,Z004,Thika,Kiambu Road behind Quick Mart Kiambu Rd,Thindigua Rd 2nd turn on the right,,Back Order Allowed,cenpiz.akturk@caddell-ep.com,Open Item,,P051693043E,MONTHLY,
False,CUST100153,Cadelis Lounge And Grill Ltd,KPREST,KE,,KES,30D,Active,24600,Kim-Fay Professional,,Nairobi East,,KPBASE,KP Base price,,5C,Embakasi,1.00,P505,Shirleen Chebet,Z005,Mombasa Road,P.O. Box 3239 - 00100,S-Lounge Seasons Centre,,Back Order Allowed,sales@theslounge.co.ke,Open Item,,P051626514C,DAILY,
False,CUST100154,Cafesserie Ltd,KPREST,KE,,KES,30DS,Active,23802,Kim-Fay Professional,,Coast,,CAFESSERIE,Cafesserie Ltd (23802),,12A,Mombasa,"1,000,000.00",P022,Lucy Rimberia,Z012,Coast,P.O.Box 95566-80106,City Mall 1St Flr,,Back Order Allowed,noelo@cafesserie.com,Open Item,,P051345406W,MONTHLY,
False,CUST100155,Calltronix Kenya Ltd,KPSERVICE,KE,,KES,CURRENT,Active,25290,Kim-Fay Professional,,Nairobi West,,CALLTRONIX,Calltronix kenya ltd,,1F,Parklands,"15,000.00",P505,Shirleen Chebet,Z001,Westlands,The Promenade,"General Mathenge Road, Westlands",,Back Order Allowed,finance@calltronix.com,Open Item,,P051602299N,DAILY,
False,CUST100156,Canadian High Commission,KPNGO,KE,,KES,60DS,Active,3804,Kim-Fay Professional,,Nairobi West,,KPBASE,KP Base price,,1L,Gigiri,"2,000,000.00",P104,Irene Luketelo,Z001,Westlands,Accounts Section,Canadian H. Commossion,,Back Order Allowed,Brenda.Kiambi@international.gc.ca,Open Item,,P051100138E,MONTHLY,
False,CUST100157,Cape Hotels Ltd,KPHOTEL,KE,,KES,60DS,On Hold,24038,Kim-Fay Professional,,Nairobi West,,KPBASE,KP Base price,,1D,Westlands,"750,000.00",P096,Doreen Mugwika,Z001,Westlands,P O Box 41596 00100,Dusit D2 Nairobi Hotel,,Back Order Allowed,,Open Item,,P051406801V,MONTHLY,
False,CUST100159,Capital West Limited C/O Knight Frank Kenya,KPPMGR,KE,,KES,60DS,Active,25151,Kim-Fay Professional,,Nairobi West,,KNIGHTFRAN,Knight Frank Services Ltd 3682,,1D,Westlands,"100,000.00",P104,Irene Luketelo,Z001,Westlands,P.O.BOX 39773 - 00623,Capital West Centre,,Back Order Allowed,rita.ntara@ke.knightfrank.com,Open Item,,P051341270R,MONTHLY,
False,CUST100160,Capricon Group Ltd,KPCCLNRS,KE,,KES,30DS,Active,24603,Kim-Fay Professional,,Nairobi West,,KPBASE,KP Base price,,3C,Ngong Road,"1,000,000.00",P193,June Chesire,Z003,Ngong,P.O Box 1274 - 00100,Kindaruma Business Centre,,Back Order Allowed,paulabiud@gmail.com,Open Item,,P051337083K,MONTHLY,
False,CUST100161,Caribbean Food Court,KPREST,KE,,KES,30D,Active,24454,Kim-Fay Professional,,Nairobi East,,KPBASE,KP Base price,,5C,Embakasi,"50,000.00",P096,Doreen Mugwika,Z005,Mombasa Road,P.O Box 44372 - 00600,North Airport Road,,Back Order Allowed,muyasimon11@gmail.com,Open Item,,A006093878C,MONTHLY,
False,CUST100162,Caribea Ltd,KPREST,KE,,KES,30DS,Inactive,23480,Kim-Fay Professional,,Nairobi West,,KPBASE,KP Base price,,3L,Hurlingham,"300,000.00",C967,Berna Piwang,Z003,Ngong,P O Box 66463 00800,Past Yaya Center,,Back Order Allowed,shalini@caribea.co.ke,Open Item,,P051337199T,MONTHLY,
False,CUST100163,Carrosel Cleaning Services,KPCCLNRS,KE,,KES,30DS,Active,25124,Kim-Fay Professional,,Nairobi West,,CARROSELCL,Carrosel Cleaning Services,,3C,Ngong Road,"600,000.00",P505,Shirleen Chebet,Z003,Ngong,Muchai Road,Plot No 747,,Back Order Allowed,ssakura@carrosel.co.ke,Open Item,,P051572334A,MONTHLY,
False,CUST100164,CBRE  Corporate Outsourcing (Pty) Ltd,KPPMGR,KE,,KES,60DS,Active,25075,Kim-Fay Professional,,Nairobi West,,CBREPRICEL,CBRE PRICE LIST,,5A,Industrial Area,"238,000,000.00",P193,June Chesire,Z005,Mombasa Road,Wrigley'S,Westlands,,Back Order Allowed,nontobeko.ndaba@cbreexcellerate.com,Open Item,,P051552977R,MONTHLY,
False,CUST100165,Cedar Mall Ltd C/O Knight Frank Kenya Ltd,KPPMGR,KE,,KES,60DS,Active,25186,Kim-Fay Professional,,Lower Mountain,,KNIGHTFRAN,Knight Frank Services Ltd 3682,,6E,Nanyuki,"150,000.00",P104,Irene Luketelo,Z006,Mountain,Runuruti,Nanyuki,,Back Order Allowed,joy.mugure@ke.knightfrank.com,Open Item,,P051519910F,MONTHLY,
False,CUST100166,Cellulant Kenya Ltd,KPSERVICE,KE,,KES,30DS,Active,25123,Kim-Fay Professional,,Nairobi West,,CELLULANTK,Cellulant Kenya ltd,,2C,Uhuru Highway,"400,000.00",P096,Doreen Mugwika,Z002,CBD,,State House Cresent 2Nd Floor,,Back Order Allowed,patricia.kioga@cellulant.io,Open Item,,P051150671R,MONTHLY,
False,CUST100167,Central Bank Of Kenya,KPGOVT,KE,,KES,30DS,Active,23299,Kim-Fay Professional,,Nairobi Central,,CENTRALBAN,Central bank of Kenya,,2A,CBD,"1,000,000.00",P104,Irene Luketelo,Z002,CBD,P O Box 60000 00200,Haile Selasie Avenue,,Back Order Allowed,kamurenjb@centralbank.go.ke,Open Item,,P000611519E,MONTHLY,
False,CUST100168,Centrale Humanitaire Medico Pharmaceutique,KPHEALTH,KE,,KES,30D,Active,24030,Kim-Fay Professional,,Nairobi East,,CENTRALHUM,Central humanitire medico phar,,5P,Mombasa Road,"60,000.00",P504,Diana Wendy,Z005,Mombasa Road,P.O.Box 10397-00400,Chmp Godown,,Back Order Allowed,logistics.kenya@chmp.org,Open Item,,P051141734J,MONTHLY,
False,CUST100169,Centres For Disease Control And Prevention - Cdc,KPNGO,KE,,KES,30D,Inactive,24236,Kim-Fay Professional,,Nairobi East,,KPBASE,KP Base price,,3I,Mbagathi Road,1.00,P193,June Chesire,Z003,Ngong,PO Box 606-00621,Off The Old Mombasa Road,,Back Order Allowed,pto1@cdc.gov,Open Item,,,MONTHLY,
False,CUST100170,Chaka Ranch Ltd,KPHOTEL,KE,,KES,30DS,Active,24304,Kim-Fay Professional,,Lower Mountain,,CHAKARANCH,Chaka Ranch Ltd,,6A,Nyeri,"750,000.00",P489,John Kaguai,Z006,Mountain,P.O. Box 21212 - 00505,Chaka Ranch,,Back Order Allowed,phenny.chiro@chakaranch.com,Open Item,,P051439198Y,MONTHLY,
False,CUST100172,Chania Cleaners Ltd,KPCCLNRS,KE,,KES,CURRENT,Active,24195,Kim-Fay Professional,,Nairobi West,,KPBASE,KP Base price,,3M,Kilimani,1.00,P104,Irene Luketelo,Z003,Ngong,P.O. Box 56795-00200,,,Back Order Allowed,info@chaniacleaners.com,Open Item,,P051232607Z,MONTHLY,
False,CUST100173,Chap Chap Ventures,KPDIST,KE,,KES,30D,Active,25266,Kim-Fay Professional,,Nairobi East,,KPDISTRIB,KP Distributors,,1G,Pangani,1.00,P505,Shirleen Chebet,Z001,Westlands,9439-Nairobi Eastern00,Park Road,,Back Order Allowed,chapchapventures@gmail.com,Open Item,,A004611150G,MONTHLY,
False,CUST100174,Charles New Methodist Church,KPRELGS,KE,,KES,30D,Active,25222,Kim-Fay Professional,,Nairobi East,,KPBASE,KP Base price,,5L,Jogoo road,1.00,P505,Shirleen Chebet,Z005,Mombasa Road,P.O. BOX 58540 - 00200,Charles New Road .Jericho lumumba,,Back Order Allowed,charlesnewchurch@hotmail.com,Open Item,,P051097064H,MONTHLY,
False,CUST100175,Cheli & Peacock Management Ltd,KPHOTEL,KE,,KES,45DS,Active,2391B,Kim-Fay Professional,,Nairobi West,,MASAIMARAS,Masai Mara(Sopa) lodge ltd,,5A,Industrial Area,"1,600,000.00",P504,Diana Wendy,Z005,Mombasa Road,Sopa Central Stores,,,Back Order Allowed,winnie.mbithe@elewana.com,Open Item,,P051137152X,MONTHLY,
False,CUST100176,Chemserve Ltd.,KPCCLNRS,KE,,KES,30DS,Active,CSS001,Kim-Fay Professional,,Nairobi West,,CHEMSERVEL,CHEMSERVE LTD,,3C,Ngong Road,"50,000.00",P504,Diana Wendy,Z003,Ngong,P.O. BOX 34074,Chemserve Cleaning Services Ltd,,Back Order Allowed,rnjoroge@chemserve.co.ke,Open Item,,P051116199I,MONTHLY,
False,CUST100177,Chequeprint Systems,KPSERVICE,KE,,KES,30D,Active,25061,Kim-Fay Professional,,Nairobi East,,KPBASE,KP Base price,,5D,JKIA,1.00,P505,Shirleen Chebet,Z005,Mombasa Road,2030-00606,2Nd Freight Avenue JKIA,,Back Order Allowed,accounts@cheque-print.com,Open Item,,P051402957E,MONTHLY,
False,CUST100178,Chess General Supplies Ltd,KPCCLNRS,KE,,KES,30D,Active,24650,Kim-Fay Professional,,Nairobi Central,,KPBASE,KP Base price,,2A,CBD,1.00,C967,Berna Piwang,Z002,CBD,P.O Box 502,Sanlam Building,,Back Order Allowed,wednester@gmail.com,Open Item,,P051620299L,MONTHLY,
False,CUST100179,CHF International,KPNGO,KE,,KES,30DS,Active,3633,Kim-Fay Professional,,Nairobi West,,KPBASE,KP Base price,,1D,Westlands,"35,000.00",P505,Shirleen Chebet,Z001,Westlands,P O Box 1661 00606,,,Back Order Allowed,jthambu@chfkenya.org,Open Item,,P051162606L,MONTHLY,
False,CUST100180,China Communications Construction Co. Ltd,KPSERVICE,KE,,KES,30D,Active,24701,Kim-Fay Professional,,Nairobi West,,KPBASE,KP Base price,,3A,Ngong,1.00,P505,Shirleen Chebet,Z003,Ngong,,Ngong,,Back Order Allowed,92846163@qq.com,Open Item,,,MONTHLY,
False,CUST100181,China Young Tai Engineering Co. Ltd *,KPINDUSTRY,KE,,KES,30D,Active,24958,Kim-Fay Professional,,Nairobi West,,KPBASE,KP Base price,,3M,Kilimani,1.00,P505,Shirleen Chebet,Z003,Ngong,23398-00625,Eastlands Hotel Kilimani,,Back Order Allowed,info@cyt.co.ke,Open Item,,P051193936Z,DAILY,
False,CUST100182,China Zhong Tian Investment Ltd,KPHOTEL,KE,,KES,30DS,Active,24531,Kim-Fay Professional,,Nairobi West,,KPBASE,KP Base price,,3N,Milimani,"100,000.00",P193,June Chesire,Z003,Ngong,P.O. Box 41768 - 00100,Swiss International Lenana Mount,,Back Order Allowed,finance.lenana@swissinternationalhotels.com,Open Item,,P051450132M,MONTHLY,
False,CUST100183,Chiromo Enterprises C/O Knight Frank,KPPMGR,KE,,KES,60DS,Active,25179,Kim-Fay Professional,,Nairobi West,,KNIGHTFRAN,Knight Frank Services Ltd 3682,,1D,Westlands,"400,000.00",P104,Irene Luketelo,Z001,Westlands,P.O.BOX 39773 - 00623,Purshottam Place Westlands Road,,Back Order Allowed,rose.njoroge@ke.knightfrank.com,Open Item,,P000600614A,MONTHLY,
False,CUST100184,Chiropractic & Physiotherapy Health Centre,KPHEALTH,KE,,KES,30D,Active,23686,Kim-Fay Professional,,Nairobi West,,KPBASE,KP Base price,,3B,Karen,2.00,YVON,Yvonne Achieng,Z003,Ngong,P.O.Box 19532-00202,"Kongoni Road, Hardy Shopping Centre",,Back Order Allowed,info@chirophysic.co.ke,Open Item,,P051239352I,MONTHLY,
False,CUST100185,Churrasco Gaucho Limited,KPHOTEL,KE,,KES,30DS,Active,24093,Kim-Fay Professional,,Nairobi West,,GAUCHOSLTD,Gauchos Ltd,,5P,Mombasa Road,"900,000.00",YVON,Yvonne Achieng,Z005,Mombasa Road,Panari,Galana Plaza,,Back Order Allowed,fogogauchofinance@gmail.com,Open Item,,P051456411V,MONTHLY,
False,CUST100186,City Lodge At Two Rivers,KPHOTEL,KE,,KES,30DS,Active,24702,Kim-Fay Professional,,Nairobi West,,CITYLODGEH,City lodge hotel,,1N,Ruaka,0.00,P504,Diana Wendy,Z001,Westlands,P O Box 2256 00621,Two Rivers,,Back Order Allowed,edgar.kahenzi@holidayinnnairobi.com,Open Item,,P000591349R,MONTHLY,
False,CUST100187,City Prime Ventures,KPCCLNRS,KE,,KES,30D,Inactive,24634,Kim-Fay Professional,,Nairobi West,,KPBASE,KP Base price,,4A,Thika Town,1.00,P183,Mercy Irungu,Z004,Thika,P.O Box 103676 - 00101,Mathare North Hospital,,Back Order Allowed,,Open Item,,P051415610Q,MONTHLY,
False,CUST100188,City Professional Cleaners Ltd,KPCCLNRS,KE,,KES,30DS,Active,24083,Kim-Fay Professional,,Nairobi West,,KPBASE,KP Base price,,1D,Westlands,"600,000.00",LITIGATION,Litigation Accounts,Z001,Westlands,P.O Box 25614-00603,Mpl Place,,Back Order Allowed,lily@cityprofessionalcleaners.com,Open Item,,P051343864G,MONTHLY,
False,CUST100189,Cityscape Trends Services Limited,KPINDUSTRY,KE,,KES,30D,Active,24778,Kim-Fay Professional,,Nairobi East,,KPBASE,KP Base price,,4C,Thika Road,1.00,P505,Shirleen Chebet,Z004,Thika,P.O.BOX 14352-00100,"Astrol Plaza, Thika Road",,Back Order Allowed,,Open Item,,P051332325P,MONTHLY,
False,CUST100190,Clarence House Apartments Ltd,KPHOTEL,KE,,KES,30DS,Active,24405,Kim-Fay Professional,,Nairobi West,,CLARENCEHO,Clarence House Apartments Ltd,,1D,Westlands,"100,000.00",P096,Doreen Mugwika,Z001,Westlands,P O Box 70025 00400,Brookside Drive,,Back Order Allowed,accounts@clarencehousenairobi.com,Open Item,,P051307509A,MONTHLY,
False,CUST100191,Clarion Hotel,KPHOTEL,KE,,KES,60DS,Active,23690,Kim-Fay Professional,,Nairobi Central,,CLARIONHOT,Clarion hotel  (23690),,2A,CBD,"400,000.00",P504,Diana Wendy,Z002,CBD,P.O.Box 5247-00506,Cbd,,Back Order Allowed,finance@theclarionhotel.co.ke,Open Item,,P051359088V,MONTHLY,
False,CUST100192,Classic Ceramics Ltd,KPINDUSTRY,KE,,KES,30DS,Active,24238,Kim-Fay Professional,,Nairobi West,,KPBASE,KP Base price,,1D,Westlands,1.00,P505,Shirleen Chebet,Z001,Westlands,P.O Box 1497 - 00606,Apic Centre,,Back Order Allowed,classicceramics2010@yahoo.com,Open Item,,P051305738D,MONTHLY,
False,CUST100193,Cleanco Investment Ltd,KPCCLNRS,KE,,KES,30D,Active,24979,Kim-Fay Professional,,Nairobi East,,CLEANCOINV,Cleanco Investments ltd,,2A,CBD,2.00,P193,June Chesire,Z002,CBD,3Rd Floor Mandera shopping mall Eastleigh,,,Back Order Allowed,cleancoinv@gmail.com,Open Item,,P051503457F,MONTHLY,
False,CUST100195,Cleopatra Holdings Ltd C/O Knight Frank Kenya Ltd,KPPMGR,KE,,KES,30DS,On Hold,25214,Kim-Fay Professional,,Nairobi West,,KPBASE,KP Base price,,1D,Westlands,"50,000.00",P104,Irene Luketelo,Z001,Westlands,,Westlands road,,Back Order Allowed,info@ke.knightfrank.com,Open Item,,P000626492H,MONTHLY,
False,CUST100196,Clique Limited,KPSERVICE,KE,,KES,30D,Active,24165,Kim-Fay Professional,,Nairobi East,,CLIQUELIMI,Clique limited,,5P,Mombasa Road,"50,000.00",P505,Shirleen Chebet,Z005,Mombasa Road,P.O. Box 47876 - 00100,"Off Mombasa Road, Off Airport North Road",,Back Order Allowed,info@clique.co.ke,Open Item,,P000604961X,MONTHLY,
False,CUST100197,Cold Springs Hotel,KPHOTEL,KE,,KES,30DS,Active,23812,Kim-Fay Professional,,Nairobi West,,COLDSPRING,Cold springs hotel 23812,,3B,Karen,"110,000.00",P504,Diana Wendy,Z003,Ngong,P.O.Box 19684-00202,Karen Boutique Hotel,,Back Order Allowed,info@coldspringshotels.com,Open Item,,P051404975K,MONTHLY,
False,CUST100198,College Of Human Resource Management,KPEDU,KE,,KES,30D,Active,24119,Kim-Fay Professional,,Nairobi Central,,KPBASE,KP Base price,,2A,CBD,"40,000.00",P505,Shirleen Chebet,Z002,CBD,P.O Box 4322-00200,"13th Floor, Hazina Trade Centre",,Back Order Allowed,mary.mwendwa@ihrm.or.ke,Open Item,,P051439784Y,MONTHLY,
False,CUST100199,College of Insurance,KPEDU,KE,,KES,30DS,Active,25285,Kim-Fay Professional,,Nairobi West,,KPBASE,KP Base price,,5N,South C,"1,750,000.00",P096,Doreen Mugwika,Z005,Mombasa Road,56928-00200,Redcross,,Back Order Allowed,lachieng@coi.ac.ke,Open Item,,P000606572C,MONTHLY,
False,CUST100200,Columbia Africa Healthcare Ltd,KPHEALTH,KE,,KES,30D,Active,25287,Kim-Fay Professional,,Nairobi West,,COLUMBIAAF,Columbia Africa Healthcare Ltd,,3K,Lavington,2.00,C967,Berna Piwang,Z003,Ngong,,James Gichuru lavington,,Back Order Allowed,moureen.n@columbiaafrica.com,Open Item,,P051569597I,MONTHLY,
False,CUST100201,Commercial Bank Of Africa,KPBANK,KE,,KES,30DS,On Hold,23765,Kim-Fay Professional,,Nairobi West,,KPBASE,KP Base price,,3O,Upper Hill,"50,000.00",P025,Susan Mwathi,Z003,Ngong,P.O.Box 30437-00100,"Cba Centre, Upperhill",,Back Order Allowed,,Open Item,,,MONTHLY,
False,CUST100202,Compassion International Inc,KPNGO,KE,,KES,30DS,Active,24633,Kim-Fay Professional,,Nairobi West,,KPBASE,KP Base price,,3B,Karen,"1,500,000.00",C1262,Mercyline Kemunto,Z003,Ngong,P.O Box 1945 - 00502,208 Kerarapon Road,,Back Order Allowed,rmuiru@ke.ci.org,Open Item,,P000592465Z,MONTHLY,
False,CUST100203,Concern Worldwide,KPNGO,KE,,KES,30D,Active,23565,Kim-Fay Professional,,Nairobi West,,CONCERNWOR,Concern worldwide,,1D,Westlands,"60,000.00",P505,Shirleen Chebet,Z001,Westlands,,Junction Of Westlands Avenue And Chamele,,Back Order Allowed,rose.shaviya@concern.net,Open Item,,P051104326K,MONTHLY,
False,CUST100204,Convent International Hotel Ltd,KPHOTEL,KE,,KES,30D,Active,25066,Kim-Fay Professional,,Nairobi West,,KPBASE,KP Base price,,3K,Lavington,"120,000.00",C967,Berna Piwang,Z003,Ngong,13579-00100,Lavington Convent Drive,,Back Order Allowed,info@cigh.co.ke,Open Item,,P051185130Q,DAILY,
False,CUST100205,Co-Operative Bank Of Kenya C/0 Nwrealite Ltd,KPPMGR,KE,,KES,30DS,Active,24849,Kim-Fay Professional,,Nairobi Central,,KCBSTAFFPE,KCB Staff Pension,,2A,CBD,2.00,P104,Irene Luketelo,Z002,CBD,"P.O.BOX 2211-00202, NAIROBI, KENYA",Coop Headoffice,,Back Order Allowed,faustin@nwrealite.co.ke,Open Item,,P051227584N,MONTHLY,
False,CUST100206,Corban Construction Limited,KPINDUSTRY,KE,,KES,30D,Active,25008,Kim-Fay Professional,,Nairobi West,,KPBASE,KP Base price,,3C,Ngong Road,1.00,P505,Shirleen Chebet,Z003,Ngong,P.O.BOX 7303 - Nairobi Eastern00,Kenyatta National Hospital,,Back Order Allowed,info@corban-construction.com,Open Item,,P051218900W,MONTHLY,
False,CUST100207,Coromandele Resort Limited,KPHOTEL,KE,,KES,30DS,Active,24150,Kim-Fay Professional,,Coast,,COROMANDEL,Coromandele Resort limited,,12B,Diani,"200,000.00",P022,Lucy Rimberia,Z012,Coast,P.O Box 5445 - 80401,Diani Beach,,Back Order Allowed,accounting@kinundo-kwetu.com,Open Item,,P051165449C,MONTHLY,
False,CUST100208,Cossta Caffee,KPREST,KE,,KES,30D,Active,24565,Kim-Fay Professional,,Nairobi East,,KPBASE,KP Base price,,5D,JKIA,1.00,C967,Berna Piwang,Z005,Mombasa Road,P O Box 33087 00600,Jkia Terminal 1E,,Back Order Allowed,cosstacaffe@gmail.com,Open Item,,P051618051K,MONTHLY,
False,CUST100209,Cotes Du Rhone,KPSERVICE,KE,,KES,30D,Inactive,23975,Kim-Fay Professional,,Nairobi West,,KPBASE,KP Base price,,2A,CBD,"50,000.00",P183,Mercy Irungu,Z002,CBD,P.O.Box 3486-00100,Opposite Sarova Stanley Hotel,,Back Order Allowed,,Open Item,,P051114280S,MONTHLY,
False,CUST100210,Countryhouse-Inn,KPHOTEL,KE,,KES,30DS,Inactive,23555,Kim-Fay Professional,,Nairobi West,,KPBASE,KP Base price,,3B,Karen,"100,000.00",BADDEBTPRO,Bad Debt Provision,Z003,Ngong,P.O BOX 79080 -00400,"Karen Shopping Centre, Ngong Road",,Back Order Allowed,info@countryhouse-inn.com,Open Item,,,MONTHLY,
False,CUST100212,Craft Silicon Ltd,KPINDUSTRY,KE,,KES,30D,Active,25164,Kim-Fay Professional,,Nairobi West,,,,,1B,Waiyaki Way,3.00,C967,Berna Piwang,Z001,Westlands,P.O Box 13628 - 00800,Musa Gitau Road,,Back Order Allowed,finance@craftsilicon.com,Open Item,,P051136882I,MONTHLY,
False,CUST100213,Crave Ltd,KPREST,KE,,KES,30D,Active,3604,Kim-Fay Professional,,Nairobi West,,KPBASE,KP Base price,,3P,Kawangware,"50,000.00",P505,Shirleen Chebet,Z003,Ngong,P O Box 20704 00202,Amboseli Road,,Back Order Allowed,rachel.wahito@gmail.com,Open Item,,,MONTHLY,
False,CUST100214,Creative Cleaning Services Limited,KPCCLNRS,KE,,KES,60DS,Inactive,3524,Kim-Fay Professional,,Nairobi West,,CREATIVECL,Creative Cleaning Services Ltd,,3C,Ngong Road,0.00,LITIGATION,Litigation Accounts,Z003,Ngong,"P.O.Box 28239-00200,","Unit 1, Three Palms",,Back Order Allowed,iirungu@creativemgmt.co.ke,Open Item,,P051103853S,MONTHLY,
False,CUST100215,Creative Cleaning Services Limited - Safaricom A/C,KPCCLNRS,KE,,KES,60DS,Active,24620,Kim-Fay Professional,,Nairobi West,,KPBASE,KP Base price,,3L,Hurlingham,"1,000,000.00",LITIGATION,Litigation Accounts,Z003,Ngong,P.O.Box 28239-00200,"Unit 1, Three Palms",,Back Order Allowed,iirungu@creativemgmt.co.ke,Open Item,,P051103853S,MONTHLY,
False,CUST100216,CTM Kenya Ltd,KPINDUSTRY,KE,,KES,30D,Active,24941,Kim-Fay Professional,,Nairobi East,,CTMKENYALT,CTM Kenya ltd,,5P,Mombasa Road,"120,000.00",C967,Berna Piwang,Z005,Mombasa Road,P O BOX 95787-00100,Mombasa Road,,Back Order Allowed,gitarig@ctm.co.ke,Open Item,,P051187119W,DAILY,
False,CUST100217,Cyka Manpower Services Ltd,KPSERVICE,KE,,KES,30D,Active,24731,Kim-Fay Professional,,Nairobi East,,CYKAMANPOW,Cyka Manpower services ltd,,5A,Industrial Area,1.00,P505,Shirleen Chebet,Z005,Mombasa Road,P.O Box 18047 - 00500,Kcb Building,,Back Order Allowed,info@cykagroup.co.ke,Open Item,,P051238885U,MONTHLY,
False,CUST100218,Cytonn Investments Management Ltd,KPPMGR,KE,,KES,30DS,Active,24359,Kim-Fay Professional,,Nairobi West,,CYTONNINVE,Cytonn Investments Management,,3N,Milimani,"400,000.00",P505,Shirleen Chebet,Z003,Ngong,P.O. Box 20695 - 00200,The Chancery,,Back Order Allowed,admin@cytonn.com.,Open Item,,P051506458Z,MONTHLY,
False,CUST100219,D.T. Dobie,KPINDUSTRY,KE,,KES,60DS,Active,3545,Kim-Fay Professional,,Nairobi East,,DTDOBIE,D.T . DOBIE,,5A,Industrial Area,"600,000.00",C967,Berna Piwang,Z005,Mombasa Road,"P.O.Box 30160,",Junction Of Lusaka And Enterprise Road,,Back Order Allowed,wkuria@cfao.com,Open Item,,P000594873H,MONTHLY,
False,CUST100220,Dalsan Wholesalers Ltd,KPDIST,KE,,KES,30D,Active,24755,Kim-Fay Professional,,Nairobi East,,KPBASE,KP Base price,,5E,Eastleigh,1.00,P505,Shirleen Chebet,Z005,Mombasa Road,P.O Box 51355 - 00100,12 Street - Zafex House,,Back Order Allowed,dalsanwholesaler@gmail.com,Open Item,,P051662491N,MONTHLY,
False,CUST100221,Davestar Mattresses Ltd - Closed,CSSTOCKPTS,KE,,KES,30D,Inactive,3773,Consumer sales,,Nairobi East,,CONSUMER,CONSUMER,,5C,Embakasi,"160,000.00",P271,Hafswa Fadhili,Z005,Mombasa Road,P O Box 58647,Pipeline,,Cancel Remainder,,Open Item,,,MONTHLY,
False,CUST100223,Daykio Plantations Ltd,KPAGRI,KE,,KES,30D,Active,25238,Kim-Fay Professional,,Nairobi Central,,KPBASE,KP Base price,,2A,CBD,1.00,P505,Shirleen Chebet,Z002,CBD,,Kenyatta Avenue Huggies building,,Back Order Allowed,info@daykio.com,Open Item,,P000615135Q,MONTHLY,
False,CUST100224,Daystar University Enterprises,KPSERVICE,KE,,KES,30D,Active,24964,Kim-Fay Professional,,Nairobi East,,DAYSTARUNI,Daystar University enterprises,,5Q,Athi River,"500,000.00",YVON,Yvonne Achieng,Z005,Mombasa Road,,Athi River Campus,,Back Order Allowed,sgithu@daystar.ac.ke,Open Item,,P051523294K,MONTHLY,
False,CUST100225,De Chrip E A Ltd,KPSERVICE,KE,,KES,30D,Active,25135,Kim-Fay Professional,,Nairobi East,,DECHRIPEAL,De chrip E.A.Ltd,,4C,Thika Road,"1,000,000.00",P104,Irene Luketelo,Z004,Thika,41176-00100,Garden Estate Rd Mukima Drive Opposite,,Back Order Allowed,dechripealimited@gmail.com,Open Item,,P051527645N,MONTHLY,
False,CUST100226,De La Rue Kenya Epz Ltd,KPBANK,KE,,KES,60DS,Active,3672,Kim-Fay Professional,,Nairobi East,,DELARUECUR,De La Rue Currency & security,,4B,Kahawa,"600,000.00",C1262,Mercyline Kemunto,Z004,Thika,P O Box 38622 00623,Noordin Road Off Thika Road,,Back Order Allowed,nancy.kimuyu@delarue.com,Open Item,,P051624692Q,MONTHLY,
False,CUST100227,Deetrin Enterprise,KPCCLNRS,KE,,KES,30D,Inactive,25178,Kim-Fay Professional,,Nairobi Central,,KPBASE,KP Base price,,2C,Uhuru Highway,1.00,P025,Susan Mwathi,Z002,CBD,P.O.BOX 9963 - 00200,Parliament Protection House,,Back Order Allowed,kiokork@gmail.com,Open Item,,A003424378X,MONTHLY,
False,CUST100229,Delmag Investments,KPSERVICE,KE,,KES,30D,Active,24815,Kim-Fay Professional,,Nairobi East,,DELMAGINVE,Delmag investments,,5O,South B,1.00,P505,Shirleen Chebet,Z005,Mombasa Road,P.O. BOX 58806-00200,South B Shopping Centre,,Back Order Allowed,,Open Item,,A007596781R,MONTHLY,
False,CUST100230,Delta Corner Main Management C/O Knightfrank,KPPMGR,KE,,KES,60DS,Active,25177,Kim-Fay Professional,,Nairobi West,,KPBASE,KP Base price,,1D,Westlands,"200,000.00",P104,Irene Luketelo,Z001,Westlands,13721-00800,Delta Corner,,Back Order Allowed,Dominic.Mwinzi@ke.knightfrank.com,Open Item,,P051406707A,MONTHLY,
False,CUST100231,Deluxe Inks Ltd,KPINDUSTRY,KE,,KES,30DS,Active,24326,Kim-Fay Professional,,Nairobi East,,DELUXEINKS,Deluxe inks ltd,,5A,Industrial Area,"100,000.00",P505,Shirleen Chebet,Z005,Mombasa Road,P.O. Box 67945 - 00200,57 Lunga Lunga Road,,Back Order Allowed,pb.finance@deluxeinks.com,Open Item,,P051125144Q,MONTHLY,
False,CUST100232,Derby Point Enterprises,KPSERVICE,KE,,KES,30D,Active,25270,Kim-Fay Professional,,Nairobi Central,,KPBASE,KP Base price,,2A,CBD,1.00,P505,Shirleen Chebet,Z002,CBD,16032-00200,CBD,,Back Order Allowed,,Open Item,,A002648587R,MONTHLY,
False,CUST100233,Deuts Four Seasons Hotel,KPHOTEL,KE,,KES,30D,Active,25234,Kim-Fay Professional,,Nairobi East,,KPBASE,KP Base price,,5C,Embakasi,1.00,P096,Doreen Mugwika,Z005,Mombasa Road,1838-00200,Utawala Next To Magunas Supermarket,,Back Order Allowed,info@deutsfourseasonshotel.com,Open Item,,P051788661B,MONTHLY,
False,CUST100234,Devyani Food Industries (Kenya) Limited,KPAGRI,KE,,KES,60DS,Active,23625,Kim-Fay Professional,,Nairobi East,,SAMEERAGRI,Sameer Agriculture & livestock,,5P,Mombasa Road,"1,000,000.00",P505,Shirleen Chebet,Z005,Mombasa Road,ATLANTIS BUSINESS PARK ICD,NEXT TO ICD BUSINESS PA,,Back Order Allowed,shailendra.pratap@dfikl.com,Open Item,,P051216674J,MONTHLY,
False,CUST100235,Dhanjee Brothers,KPDIST,KE,,KES,30DS,Active,23954,Kim-Fay Professional,,Coast,,KPDISTRIB,KP Distributors,,12A,Mombasa,"2,400,000.00",P022,Lucy Rimberia,Z012,Coast,P.O.Box 81824-80100,Majengo Road,,Back Order Allowed,dhanjee.brothers@gmail.com,Open Item,,P051113483V,MONTHLY,
False,CUST100237,Dhl Global Forwarding (K) Ltd,KPSERVICE,KE,,KES,30DS,Active,23702,Kim-Fay Professional,,Nairobi East,,KPBASE,KP Base price,,5D,JKIA,"100,000.00",P505,Shirleen Chebet,Z005,Mombasa Road,"P.o box 44469,00100 Nairobi",Jomo Kenyatta International Airport 2Nd,,Back Order Allowed,jessica.baru@dhl.com,Open Item,,P051135510I,MONTHLY,
False,CUST100238,Diamond Trust Bank Kenya Ltd,KPBANK,KE,,KES,30DS,Active,24107,Kim-Fay Professional,,Nairobi East,,DIAMONDTRU,Diamond Trust Bank Kenya Ltd,,5P,Mombasa Road,"1,000,000.00",P096,Doreen Mugwika,Z005,Mombasa Road,P.O. Box 61711 - 00200,Mombasa Road,,Back Order Allowed,wkevelenge@dtbafrica.com,Open Item,,P000607298L,MONTHLY,
False,CUST100239,DIB Bank Kenya,KPBANK,KE,,KES,15DS,Active,24889,Kim-Fay Professional,,Nairobi West,,DIBKENYALT,DIB KENYA LTD,,3O,Upper Hill,"750,000.00",P096,Doreen Mugwika,Z003,Ngong,"P.O.BOX 6450-00200, NAIROBI, KENYA","Dib Bank, Lowerhill Road",,Back Order Allowed,mary.macharia@dibkenya.co.ke,Open Item,,P051528712E,MONTHLY,
False,CUST100240,Digital Packagng Innovations Holdings Ltd,KPINDUSTRY,KE,,KES,30D,Active,25193,Kim-Fay Professional,,Nairobi East,,KPBASE,KP Base price,,4D,Zimmerman,1.00,P505,Shirleen Chebet,Z004,Thika,2042-00232,Kamiti Road,,Back Order Allowed,info@dpiholdings.com,Open Item,,P051599064X,MONTHLY,
False,CUST100241,Dilpack Kenya Ltd,KPINDUSTRY,KE,,KES,30DS,Active,24018,Kim-Fay Professional,,Nairobi East,,KPBASE,KP Base price,,5P,Mombasa Road,"80,000.00",P505,Shirleen Chebet,Z005,Mombasa Road,P.O.Box 996-00502,Mombasa Road,,Back Order Allowed,charity@dilpack.co.ke,Open Item,,P051159841F,MONTHLY,
False,CUST100242,Diversey Eastern & Central Africa Ltd,KPINDUSTRY,KE,,KES,60DS,Active,23534,Kim-Fay Professional,,Nairobi East,,KPBASE,KP Base price,,4C,Thika Road,"4,500,000.00",P096,Doreen Mugwika,Z004,Thika,P O Box 41939-00100,"Off Outering Road, Rafiki Bussiness Park",,Back Order Allowed,wgachini@contractor.solenis.com,Open Item,,P000594526V,MONTHLY,
False,CUST100243,DJC Kitchen Express Ltd,KPREST,KE,,KES,30D,Active,25058,Kim-Fay Professional,,Nairobi Central,,KPBASE,KP Base price,,2A,CBD,1.00,P505,Shirleen Chebet,Z002,CBD,39940-00623,Emperor Plaza,,Back Order Allowed,emilykenyaz@gmail.com,Open Item,,P051771536D,MONTHLY,
False,CUST100244,Doinyolessos Creameries,KPINDUSTRY,KE,,KES,30D,Inactive,24347,Kim-Fay Professional,,South Rift,,KPBASE,KP Base price,,8A,Eldoret,"50,000.00",P183,Mercy Irungu,Z008,Western B,P.O. Box 169-30100,"Eldoret, Kenya",,Back Order Allowed,,Open Item,,,MONTHLY,
False,CUST100245,Dolphine Blue Limited,KPSERVICE,KE,,KES,30D,Active,25250,Kim-Fay Professional,,Nairobi East,,KPBASE,KP Base price,,4C,Thika Road,2.00,P505,Shirleen Chebet,Z004,Thika,Juja behind cooperative Bank,,,Back Order Allowed,dolphineblueltd2017@gmail.com,Open Item,,P051631209R,MONTHLY,
False,CUST100246,Dong Fang Development Co. Ltd,KPINDUSTRY,KE,,KES,30D,Active,24248,Kim-Fay Professional,,Nairobi Central,,KPBASE,KP Base price,,2A,CBD,"100,000.00",P505,Shirleen Chebet,Z002,CBD,P.O. Box 50606 - 00200,Biashara Street,,Back Order Allowed,df-curtain@hotmail.com,Open Item,,P051132178V,MONTHLY,
False,CUST100248,Dormans Coffee Ltd,KPINDUSTRY,KE,,KES,30DS,Active,3566,Kim-Fay Professional,,Nairobi East,,KPBASE,KP Base price,,4G,Ruiru,"200,000.00",YVON,Yvonne Achieng,Z004,Thika,P.O.Box 30147 GPO,,,Back Order Allowed,kevin@dorman.co.ke,Open Item,,P051149897W,MONTHLY,
False,CUST100249,Dr Nizar J Verjee,KPHEALTH,KE,,KES,30D,Active,24977,Kim-Fay Professional,,Nairobi Central,,KPBASE,KP Base price,,2A,CBD,"50,000.00",P505,Shirleen Chebet,Z002,CBD,P O BOX 59745-00200,1St Floor  Hilton Building,,Back Order Allowed,nizarverjee@gmail.com,Open Item,,A000129744P,DAILY,
False,CUST100250,Dr Yamal Patel,KPSERVICE,KE,,KES,30D,On Hold,3807,Kim-Fay Professional,,Nairobi West,,KPBASE,KP Base price,,1E,Highridge,"20,000.00",P025,Susan Mwathi,Z001,Westlands,P O Box 38121 00623,,,Back Order Allowed,,Open Item,,,MONTHLY,
False,CUST100251,Dr. Charles Kariuki - Gigiri Clinic,KPHEALTH,KE,,KES,30D,Active,24266,Kim-Fay Professional,,Nairobi West,,KPBASE,KP Base price,,1L,Gigiri,"20,000.00",P505,Shirleen Chebet,Z001,Westlands,,,,Back Order Allowed,,Open Item,,P051156897R,MONTHLY,
False,CUST100252,Dr. Charles Kariuki - Nairobi Hospital,KPHEALTH,KE,,KES,30D,Active,3568,Kim-Fay Professional,,Nairobi West,,DRCHARLESK,Dr. Charles Kariuki,,3L,Hurlingham,"80,000.00",P504,Diana Wendy,Z003,Ngong,"P.O.Box 4512-00200,",,,Back Order Allowed,ckaccnts@silversteinkariuki.com,Open Item,,P051156897R,MONTHLY,
False,CUST100253,Dream Logistics Co. Ltd (Dream Bean House),KPSERVICE,KE,,KES,30D,Active,24295,Kim-Fay Professional,,Nairobi Central,,KPBASE,KP Base price,,2A,CBD,"200,000.00",P504,Diana Wendy,Z002,CBD,P.O Box 44245 - 00100,"Hamilton House, Along Kaunda Street",,Back Order Allowed,dreambeanhouse@gmail.com,Open Item,,P051513815V,MONTHLY,
False,CUST100254,Dua Beauty Zone,KPSERVICE,KE,,KES,30D,Active,25198,Kim-Fay Professional,,Nairobi East,,KPBASE,KP Base price,,5F,Kariobangi south,1.00,C967,Berna Piwang,Z005,Mombasa Road,P.O.BOX 12029,Kariobangi South,,Back Order Allowed,MUTSILILAH@GMAIL.COM,Open Item,,A004108475V,MONTHLY,
False,CUST100255,Duero Agencies Ltd,KPDIST,KE,,KES,30D,On Hold,24273,Kim-Fay Professional,,Nairobi West,,KPBASE,KP Base price,,3C,Ngong Road,"100,000.00",P096,Doreen Mugwika,Z003,Ngong,P.O. Box 46391 - 00100,Kenya Harlequins,,Back Order Allowed,,Open Item,,,MONTHLY,
False,CUST100256,East African Chains Ltd,KPDIST,KE,,KES,30DS,Active,3716,Kim-Fay Professional,,Nairobi East,,,,,5A,Industrial Area,"150,000.00",P504,Diana Wendy,Z005,Mombasa Road,P O Box 47804 00100,Off Dunga Road,,Back Order Allowed,kenfire@kenyafire.com,Open Item,,P000607280B,MONTHLY,
False,CUST100257,East African Reinsurance Ltd C/O Knight Frank,KPPMGR,KE,,KES,60DS,Active,24185,Kim-Fay Professional,,Nairobi West,,KNIGHTFRAN,Knight Frank Services Ltd 3682,,3C,Ngong Road,"1,000,000.00",P104,Irene Luketelo,Z003,Ngong,P.O Box 39773 - 00623,"Acorn House, 97 James Gichuru Road",,Back Order Allowed,Lydia.Ndichu@ke.knightfrank.com,Open Item,,P051099723H,MONTHLY,
False,CUST100258,East African Supplies & Logistics Ltd,KPSERVICE,KE,,KES,30D,Active,24149,Kim-Fay Professional,,Nairobi West,,EASTAFRICA,East African supplies &logisti,,1D,Westlands,"1,000,000.00",C967,Berna Piwang,Z001,Westlands,P.O. Box 39991-00623,"Centenary House, Westlands",,Back Order Allowed,easl@africaonline.co.ke; info@easl.co.ke,Open Item,,P051129482J,MONTHLY,
False,CUST100262,Echo Network Africa Limited,KPBANK,KE,,KES,30DS,Active,24401,Kim-Fay Professional,,Nairobi West,,KPBASE,KP Base price,,3C,Ngong Road,"100,000.00",P096,Doreen Mugwika,Z003,Ngong,P.O. Box 55919 - 00200,Mucai Drive,,Back Order Allowed,vnagwalla@enafrica.org,Open Item,,P000597143A,MONTHLY,
False,CUST100263,Echostar Hygiene Products Ltd,KPCCLNRS,KE,,KES,CURRENT,Active,24560,Kim-Fay Professional,,Nairobi East,,KPBASE,KP Base price,,4C,Thika Road,0.00,C967,Berna Piwang,Z004,Thika,P.O Box 7682 - 01000,Kariobangi Off Outerring Road,,Back Order Allowed,echo.starproducts@gmail.com,Open Item,,P052079049J,MONTHLY,
False,CUST100264,Ecolab East Africa,KPDIST,KE,,KES,60DS,Active,2367,Kim-Fay Professional,,Nairobi East,,ECOLAB,Ecolab East Africa,,5P,Mombasa Road,"3,000,000.00",P193,June Chesire,Z005,Mombasa Road,Nairobi Gate Industrial Park,,,Back Order Allowed,immaculate.matungu@ecolab.com,Open Item,,P051112656S,MONTHLY,
False,CUST100265,Ecoloo Africa Ltd,KPSERVICE,KE,,KES,30D,Active,24077,Kim-Fay Professional,,Nairobi West,,,,,3K,Lavington,"20,000.00",P505,Shirleen Chebet,Z003,Ngong,P.O BOX 7661 - 00100,"Tabere lane off kangundo road Kileleshwa, next to",,Back Order Allowed,info@ecolooafrica.com,Open Item,,P051428462M,MONTHLY,
False,CUST100266,Eddor Limited,KPDIST,KE,,KES,30D,Active,23500,Kim-Fay Professional,,Nairobi East,,KPDISTRIB,KP Distributors,,5L,Jogoo road,2.00,P193,June Chesire,Z005,Mombasa Road,P O Box 56504 - 00200,"Kcb Building, 3Rd Floor",,Back Order Allowed,eddorlimited@gmail.com,Open Item,,P051313175Z,MONTHLY,
False,CUST100267,Edelvale Trust-Jamaa Home &Mission Hospital,KPHEALTH,KE,,KES,30DS,Active,23581,Kim-Fay Professional,,Nairobi East,,ELDELVALET,EldelvaleTrust-Jamaa home& Mis,,5G,Buru buru,"200,000.00",YVON,Yvonne Achieng,Z005,Mombasa Road,P.O Box 17153-00510,Buru Buru,,Back Order Allowed,jamaa@edelvaletrust.org,Open Item,,P051091965A,MONTHLY,
False,CUST100268,Eden Heights Realty Ltd,KPPMGR,KE,,KES,30DS,Active,24034,Kim-Fay Professional,,Nairobi West,,KARENGATAM,Karengata Management managers,,1D,Westlands,0.00,YVON,Yvonne Achieng,Z001,Westlands,"Riverside office,  The bridge apartment",Opp Uganda high commission,,Back Order Allowed,karengatavinnie@gmail.com,Open Item,,P051565946R,MONTHLY,
False,CUST100269,Editon Lab And Office Supplies,KPDIST,KE,,KES,60DS,Inactive,23395,Kim-Fay Professional,,Nairobi East,,KPBASE,KP Base price,,5G,Buru buru,"1,000,000.00",P104,Irene Luketelo,Z005,Mombasa Road,"P O Box 19604,00202",1St Floor Epren Center,,Back Order Allowed,editonsupplies@yahoo.com,Open Item,,A000114233U,MONTHLY,
False,CUST100270,Edvam Supplies,KPSERVICE,KE,,KES,30D,Inactive,25122,Kim-Fay Professional,,Nairobi East,,KPBASE,KP Base price,,5R,Kitengela,1.00,P183,Mercy Irungu,Z005,Mombasa Road,21-00100,Kitengela,,Back Order Allowed,kibuifreda@gmail.com,Open Item,,A004553271V,MONTHLY,
False,CUST100271,Edwards Trading Co Ltd,KPDIST,KE,,KES,30D,Active,25103,Kim-Fay Professional,,Coast,,KPDISTRIB,KP Distributors,,11B,Taita,1.00,P505,Shirleen Chebet,Z011,Voi,,,,Back Order Allowed,gathuragachagua@gmail.com,Open Item,,P051475676T,MONTHLY,
False,CUST100273,Eka Hotel Ltd-Eldoret,KPHOTEL,KE,,KES,60DS,Active,25281,Kim-Fay Professional,,North Rift,,SAMCOHOLDI,Samco Holdings Ltd (Eka Hotel),,8A,Eldoret,"1,000,000.00",P489,John Kaguai,Z008,Western B,Rupa Mall Eldoret,Eldoret,,Back Order Allowed,voruoch@ekaeldoret.com,Open Item,,P051370743V,MONTHLY,
False,CUST100274,Elephant Pepper Camp,KPHOTEL,KE,,KES,30DS,Active,23840,Kim-Fay Professional,,Nairobi West,,KPBASE,KP Base price,,1D,Westlands,"500,000.00",P505,Shirleen Chebet,Z001,Westlands,P.O.Box 743-00517,"Lengai House , Wilson Airport",,Back Order Allowed,,Open Item,,,MONTHLY,
False,CUST100275,Elgon Road Developments Ltd - Radisson Blu,KPHOTEL,KE,,KES,45DS,Active,24352,Kim-Fay Professional,,Nairobi West,,ELGONROADD,Elgon Road Development Ltd,,3O,Upper Hill,"5,250,000.00",P096,Doreen Mugwika,Z003,Ngong,P.O. Box 75751 - 00200,Upperhill,,Back Order Allowed,receiving@radissonblunairobi.com,Open Item,,P051179504Z,MONTHLY,
False,CUST100276,Elizabeth Glaser Pediatric Aids Foundation,KPNGO,KE,,KES,30DS,Active,23540,Kim-Fay Professional,,Nairobi West,,KPBASE,KP Base price,,1D,Westlands,"600,000.00",P505,Shirleen Chebet,Z001,Westlands,P.O.Box 13612 - 00800,"Fidelity Insurance Centre,",,Back Order Allowed,belseba@pedaids.org,Open Item,,P051161482S,MONTHLY,
False,CUST100277,Elsas Kopje Ltd,KPHOTEL,KE,,KES,30DS,Inactive,3676,Kim-Fay Professional,,Nairobi West,,KPBASE,KP Base price,,1D,Westlands,"50,000.00",YVON,Yvonne Achieng,Z001,Westlands,P O Box 743 00517,,,Back Order Allowed,elsa_accts@chelipeacock.co.ke,Open Item,,,MONTHLY,
False,CUST100279,Embu Hotels Ltd (Izaak Walton Inn),KPHOTEL,KE,,KES,30DS,Active,24043,Kim-Fay Professional,,Upper Mountain,,EMBUHOTELS,Embu Hotels Ltd(Izaak walton,,6C,Embu,"900,000.00",P489,John Kaguai,Z006,Mountain,P.O.Box 1-60100,Along The Embu Meru Highway,,Back Order Allowed,stores@izaakwaltoninn.co.ke,Open Item,,P051100324A,MONTHLY,
False,CUST100280,Emmanuel Baptist Church,KPRELGS,KE,,KES,30D,Active,24446,Kim-Fay Professional,,Nairobi West,,EMMANUELBA,Emmanuel Baptist Church,,3K,Lavington,2.00,P505,Shirleen Chebet,Z003,Ngong,P O Box 51552 00100,"Kingara Road, Lavington",,Back Order Allowed,admin@ebcnairobi.org,Open Item,,P051351540N,MONTHLY,
False,CUST100281,Enashipai Resort & Spa,KPHOTEL,KE,,KES,30DS,Active,23556,Kim-Fay Professional,,South Rift,,ENASHIPAIR,Enashipai Resort & Spa,,7A,Naivasha,"700,000.00",P489,John Kaguai,Z007,Western A,P.O. BOX 75332-00200,Moi South Lake Road,,Back Order Allowed,payables@enashipai.com,Open Item,,P051164694H,MONTHLY,
False,CUST100282,Endroof Building Contractors Limited,KPINDUSTRY,KE,,KES,30D,Active,24990,Kim-Fay Professional,,Nairobi East,,KPBASE,KP Base price,,5A,Industrial Area,1.00,P505,Shirleen Chebet,Z005,Mombasa Road,P. O. BOX 73366 - 00200,Off Enterprise Road/Kitui -Kampala Rd,,Back Order Allowed,info@endroof.co.ke,Open Item,,P051192303I,MONTHLY,
False,CUST100283,Enkorok Mara Camp Ltd,KPHOTEL,KE,,KES,30D,Active,24678,Kim-Fay Professional,,Nairobi Central,,KPBASE,KP Base price,,2A,CBD,"50,000.00",C967,Berna Piwang,Z002,CBD,P O Box 42428 00100,4Th Floor,,Back Order Allowed,caroline@asiliadventuresafaris.com,Open Item,,P051638154Q,MONTHLY,
False,CUST100284,Envirocare General Agencies Ltd,KPCCLNRS,KE,,KES,30D,Active,25116,Kim-Fay Professional,,Nairobi Central,,ENVIROCARE,Envirocare General Agencies Lt,,8A,Eldoret,72.00,P504,Diana Wendy,Z008,Western B,East African School Of Aviation,Unihouse,,Back Order Allowed,info@envirocare.co.ke,Open Item,,P051533357H,MONTHLY,
False,CUST100285,Ephaperis Investment,KPDIST,KE,,KES,30D,Active,25029,Kim-Fay Professional,,Nairobi West,,KPBASE,KP Base price,,5N,South C,1.00,P505,Shirleen Chebet,Z005,Mombasa Road,P.O.BOX 771-00200,Reprographic House South C,,Back Order Allowed,WAEPHANTUS@YAHOO.COM,Open Item,,A004526916V,MONTHLY,
False,CUST100286,Equator Bottlers Ltd,KPINDUSTRY,KE,,KES,30D,Active,25218,Kim-Fay Professional,,West Nyanza,,KPBASE,KP Base price,,5A,Industrial Area,1.00,P104,Irene Luketelo,Z005,Mombasa Road,,Cocacola metro Office Industrial Area,,Back Order Allowed,AKerubo@ccbagroup.com,Open Item,,P000626429Y,MONTHLY,
False,CUST100287,Equitorial Office Plus Ltd,KPINDUSTRY,KE,,KES,15DS,Active,24471,Kim-Fay Professional,,Nairobi West,,KPBASE,KP Base price,,3K,Lavington,"200,000.00",P504,Diana Wendy,Z001,Westlands,C7 Merlin court,off Mbaazi avenue,,Back Order Allowed,rose.oketch@equatorialofficeplus.com,Open Item,,P051465379S,MONTHLY,
False,CUST100288,Equity Bank Ltd,KPBANK,KE,,KES,60DS,Active,23180,Kim-Fay Professional,,Nairobi West,,EQUITYBANK,Equity Bank Ltd 23180,,5P,Mombasa Road,"112,000,000.00",P025,Susan Mwathi,Z005,Mombasa Road,P O Box 75104 00200,Nhif 14Th Floor. Community,,Back Order Allowed,samuel.bari@equitybank.co.ke,Open Item,,P051166413P,MONTHLY,
False,CUST100289,Eranpere Investments,KPDIST,KE,,KES,30D,Active,24672,Kim-Fay Professional,,Nairobi East,,KPDISTRIB,KP Distributors,,2A,CBD,1.00,P505,Shirleen Chebet,Z002,CBD,P.O Box 3064,Fortis Suites,,Back Order Allowed,,Open Item,,P051618799H,MONTHLY,
False,CUST100290,Ernst And Young Ltd,KPSERVICE,KE,,KES,30DS,Active,23968,Kim-Fay Professional,,Nairobi West,,ERNSTANDYO,Ernst and Young Ltd,,3O,Upper Hill,"500,000.00",C1262,Mercyline Kemunto,Z003,Ngong,P.O.Box 44286-00100,Kenya Re Towers,,Back Order Allowed,patrick.gachie@ke.ey.com,Open Item,,P000629820Z,MONTHLY,
False,CUST100291,Eswaki Ventures Limited,KPDIST,KE,,KES,30D,Active,24949,Kim-Fay Professional,,Nairobi Central,,KPBASE,KP Base price,,2A,CBD,1.00,P505,Shirleen Chebet,Z002,CBD,P.O.BOX 966 - 00100,Uniafric House,,Back Order Allowed,eswakiventures@gmail.com,Open Item,,P051687452U,MONTHLY,
False,CUST100294,Excellent Hygiene Solutions,KPCCLNRS,KE,,KES,60DS,Inactive,23912,Kim-Fay Professional,,Nairobi West,,KPBASE,KP Base price,,5Q,Athi River,"50,000.00",P504,Diana Wendy,Z005,Mombasa Road,P.O.Box 60944-00200,"Kitengela, Behind National Bank",,Back Order Allowed,,Open Item,,,MONTHLY,
False,CUST100295,Executive Concepts Ltd,KPSERVICE,KE,,KES,30D,Active,24081,Kim-Fay Professional,,Nairobi West,,KPBASE,KP Base price,,1D,Westlands,2.00,P505,Shirleen Chebet,Z001,Westlands,19031 - 00500,Cerenata Gardens Apartments,,Back Order Allowed,mehul@executivekenya.com,Open Item,,P051395867U,MONTHLY,
False,CUST100299,Fahari Hotels Ltd,KPHOTEL,KE,,KES,30D,Active,24036,Kim-Fay Professional,,Nairobi East,,FAHARIHOTE,Fahari Hotels ltd,,5T,Utawala,"80,000.00",P505,Shirleen Chebet,Z005,Mombasa Road,P O Box 317 00202,Off Eastern Bypass,,Back Order Allowed,sales@faharigardenshotel.co.ke,Open Item,,P051391820Q,MONTHLY,
False,CUST100300,Faida Investment Bank,KPSERVICE,KE,,KES,30D,Active,23836,Kim-Fay Professional,,Nairobi Central,,KPBASE,KP Base price,,2A,CBD,2.00,P505,Shirleen Chebet,Z002,CBD,,Windsor House,,Back Order Allowed,betty.mugweru@fib.co.ke,Open Item,,P051106520M,MONTHLY,
False,CUST100301,Fairview Hotel,KPHOTEL,KE,,KES,30DS,Active,2001,Kim-Fay Professional,,Nairobi West,,FAIRVIEWHO,Fairview Hotel,,3D,Community,0.00,C967,Berna Piwang,Z003,Ngong,P.O.Box 40842,Upperhill Bishop Road,,Back Order Allowed,rufus.mwangi@fairviewkenya.com,Open Item,,P000591349R,MONTHLY,
False,CUST100302,Falcon Heights Hotel,KPHOTEL,KE,,KES,30DS,Active,24243,Kim-Fay Professional,,Lower Mountain,,KPBASE,KP Base price,,6E,Nanyuki,0.00,P489,John Kaguai,Z006,Mountain,P.O Box 722,Thingithu - Along Rumuruti Road,,Back Order Allowed,storesfhh@gmail.com,Open Item,,P051623854K,MONTHLY,
False,CUST100303,Falcon Heights Management Company,KPPMGR,KE,,KES,30DS,Active,24685,Kim-Fay Professional,,Lower Mountain,CUST100302,FALCONHEIG,Falcon Heights Hotel,Maximillian Otieno,6E,Nanyuki,"200,000.00",P489,John Kaguai,Z006,Mountain,P.O Box 722,Nanyuki Town,,Back Order Allowed,storesphm@gmail.com,Open Item,,P051623854K,MONTHLY,
False,CUST100304,Family Health International,KPNGO,KE,,KES,30DS,Active,2287,Kim-Fay Professional,,Nairobi West,,FAMILYHEAL,Family Health International,,3C,Ngong Road,"400,000.00",P505,Shirleen Chebet,Z003,Ngong,P.O. Box 38835,Chancery Building,,Back Order Allowed,emwangi@fhi36.org,Open Item,,P051098087Q,MONTHLY,
False,CUST100305,Family Health International - Nakuru Branch,KPNGO,KE,,KES,30DS,Active,24680,Kim-Fay Professional,,South Rift,,KPBASE,KP Base price,,7C,Nakuru,"100,000.00",P505,Shirleen Chebet,Z007,Western A,P.O Box 13208 - 20100,"Westside Mall, 5Th Floor",,Back Order Allowed,kenya-info@fhi360.org,Open Item,,P051098087Q,MONTHLY,
False,CUST100306,Fao Somalia,KPNGO,KE,,KES,60DS,Active,2383B,Kim-Fay Professional,,Nairobi West,,FAOSOMALIA,FAO SOMALIA,,1C,Lower Kabete,"2,000,000.00",P193,June Chesire,Z001,Westlands,P O Box 1230,Ngecha Road Campus Off Lower Kabete Road,,Back Order Allowed,bernard.lunalo@fao.org,Open Item,,P051097694T,MONTHLY,
False,CUST100307,Farasi Management Ltd,KPPMGR,KE,,KES,30D,Active,25064,Kim-Fay Professional,,Nairobi West,,KPBASE,KP Base price,,3B,Karen,1.00,P104,Irene Luketelo,Z003,Ngong,P. O. Box 13579 - 00100,The Stable,,Back Order Allowed,farasimanagement@gmail.com,Open Item,,P051413784I,MONTHLY,
False,CUST100308,Farmers Choice Ltd,KPINDUSTRY,KE,,KES,60DS,Active,2199,Kim-Fay Professional,,Nairobi East,,FARMERSCHO,Farmers Choice Ltd,,4B,Kahawa,"4,000,000.00",P025,Susan Mwathi,Z004,Thika,P.O.Box 47791,"Kahawa Station Road, Off Kamiti Road",,Back Order Allowed,gmuchiri@farmerschoice.co.ke,Open Item,,P000592722P,MONTHLY,
False,CUST100310,Faulu Microfinance Bank Ltd,KPBANK,KE,,KES,30DS,Active,24585,Kim-Fay Professional,,Nairobi West,,FAULUMICRO,Faulu microfinance Bank ltd,,5I,Kayole,"39,000,000.00",P096,Doreen Mugwika,Z005,Mombasa Road,P.O Box 60240 - 00200,Racecourse Rd Next Equity Bank,,Back Order Allowed,Procurement@Faulukenya.Com,Open Item,,P051130245H,MONTHLY,
False,CUST100311,Fem Care Feminine Hygiene Sevices Ltd,KPCCLNRS,KE,,KES,CURRENT,Active,3747,Kim-Fay Professional,,Nairobi West,,FEMCAREFEM,Fem Care Feminine Hygiene,,1B,Waiyaki Way,2.00,P504,Diana Wendy,Z001,Westlands,P O Box 502 00200,Mountain View Estate,,Back Order Allowed,mngaruiya@fem-care.biz,Open Item,,P051152647T,MONTHLY,
False,CUST100312,Fidelity Shield Ins. Co C/O Knight Frank Kenya Ltd,KPPMGR,KE,,KES,60DS,Active,25211,Kim-Fay Professional,,Nairobi West,,KPBASE,KP Base price,,1D,Westlands,"100,000.00",P104,Irene Luketelo,Z001,Westlands,,Woodvale Groove,,Back Order Allowed,info@ke.knightfrank.com,Open Item,,P000609367J,MONTHLY,
False,CUST100313,Financial Sector Deepening Africa,KPNGO,KE,,KES,15DS,Active,24340,Kim-Fay Professional,,Nairobi West,,FINANCIALS,FINANCIAL SECTOR DEEPENING AFR,,1D,Westlands,0.00,P504,Diana Wendy,Z001,Westlands,P.O. Box 5980-00100,Riverside Green Suites,,Back Order Allowed,protocol@fsdafrica.org,Open Item,,P051531433R,MONTHLY,
False,CUST100315,Flame Grill Ltd,KPREST,KE,,KES,30D,Active,24670,Kim-Fay Professional,,Nairobi East,,KPBASE,KP Base price,,5I,Kayole,"100,000.00",P104,Irene Luketelo,Z005,Mombasa Road,P.O Box 3896 - 00200,Spine Road,,Back Order Allowed,info@flamegrill.co.ke,Open Item,,P051442922V,MONTHLY,
False,CUST100316,Flamingo Horticulture (K) Ltd,KPAGRI,KE,,KES,60DS,Active,3513,Kim-Fay Professional,,Nairobi East,,FINLAYSHOR,Finlays Horticulture (K) Ltd,,5D,JKIA,0.00,P193,June Chesire,Z005,Mombasa Road,"P.O.Box 10222-00400,",Saku Business Park,,Back Order Allowed,isaac.korir@flamingo.net,Open Item,,P000593831T,MONTHLY,
False,CUST100317,Flavor Town Cafe,KPHOTEL,KE,,KES,30DS,Inactive,24767,Kim-Fay Professional,,Nairobi Central,,FLAVORTOWN,Flavor Town Cafe,,2A,CBD,"600,000.00",YVON,Yvonne Achieng,Z002,CBD,P.O.BOX 37078 - 00200,Koinange Street,,Back Order Allowed,logistics@flavourtowncafe.com,Open Item,,P051629926T,MONTHLY,
False,CUST100320,For You Chinese Restaurant,KPREST,KE,,KES,30DS,Active,23550,Kim-Fay Professional,,Nairobi West,,FORYOUCHIN,For you chinese restaurant,,3C,Ngong Road,"500,000.00",C967,Berna Piwang,Z003,Ngong,P.O. BOX 10143,Gitanga Road / Oledume Road. Junction,,Back Order Allowed,,Open Item,,P051148232V,MONTHLY,
False,CUST100321,Foresight Innovations Ltd,KPCCLNRS,KE,,KES,30DS,Active,24464,Kim-Fay Professional,,Nairobi Central,,FORESIGHTI,Foresight Innovations,,2A,CBD,"1,200,000.00",P104,Irene Luketelo,Z002,CBD,P.O. Box 16518-00100,Nation Centre,,Back Order Allowed,foresight_innovations@yahoo.com,Open Item,,P051142997H,MONTHLY,
False,CUST100322,Fostersey Africa Ltd,KPDIST,KE,,KES,7 DAYS,Active,25069,Kim-Fay Professional,,Nairobi West,,KPDISTRIB,KP Distributors,,1C,Lower Kabete,"50,000.00",P505,Shirleen Chebet,Z001,Westlands,28216-00100,Kitusuru Place,,Back Order Allowed,sales@fostersey.com,Open Item,,P051659957F,MONTHLY,
False,CUST100325,Freds Academy Annexe,KPEDU,KE,,KES,30DS,Active,24515,Kim-Fay Professional,,Upper Mountain,,FREDSACADE,Freds Academy,,6F,Meru,"50,000.00",P489,John Kaguai,Z006,Mountain,P.O. BOX 2674-60200,Freds Academy Annexe,,Back Order Allowed,betty.kamunde@fredsannexe.com,Open Item,,P051368215A,MONTHLY,
False,CUST100326,Freight In Time Ltd,KPSERVICE,KE,,KES,30D,Active,3729,Kim-Fay Professional,,Nairobi East,,KPBASE,KP Base price,,5D,JKIA,"50,000.00",P504,Diana Wendy,Z005,Mombasa Road,P O Box 41852 00100,"Freight Building, Second Freight Lane",,Back Order Allowed,fit@freight-in-time.com,Open Item,,P051124154Q,MONTHLY,
False,CUST100327,Fresh Life Sanitation Services Ltd,KPSERVICE,KE,,KES,30D,Active,25210,Kim-Fay Professional,,Nairobi East,,KPBASE,KP Base price,,5P,Mombasa Road,2.00,YVON,Yvonne Achieng,Z005,Mombasa Road,P.O.BOX 24523 - 00100,Sameer Africa Plc Next To Nissan Centre,,Back Order Allowed,procurement@fresh-life.org,Open Item,,P052246472J,MONTHLY,
False,CUST100329,Friends Of Karura Forest,KPPMGR,KE,,KES,30DS,Inactive,24510,Kim-Fay Professional,,Nairobi West,,FRIENDSOFK,Friends of Karura Forest,,1L,Gigiri,0.00,P504,Diana Wendy,Z001,Westlands,,Karura Forest,,Back Order Allowed,lnjoka@karurafriends.org,Open Item,,P051197963Z,MONTHLY,
False,CUST100330,Frozen Desserts Ltd,KPSERVICE,KE,,KES,30D,Active,25256,Kim-Fay Professional,,Nairobi East,,FROZENDESE,Frozen Deserts Ltd,,5R,Kitengela,1.00,P505,Shirleen Chebet,Z005,Mombasa Road,42335-00100,"Ole Timz Building, Kitengela",,Back Order Allowed,frozencocktails2019@gmail.com,Open Item,,P051874630J,MONTHLY,
False,CUST100331,G4S Security Services (K) Ltd,KPSERVICE,KE,,KES,60DS,Active,3562,Kim-Fay Professional,,Nairobi East,,G4SSECURIT,G4s security services,,5P,Mombasa Road,"1,200,000.00",P104,Irene Luketelo,Z005,Mombasa Road,"Witu Road,",Witu Rd G4S Hq,,Back Order Allowed,milkah.mburu@ke.g4s.com,Open Item,,P000618582J,MONTHLY,
False,CUST100333,Galana Energies Limited,KPDIST,KE,,KES,30DS,Active,3817,Kim-Fay Professional,,Nairobi West,,GALANAOILK,Galana Oil (K) Ltd,,1B,Waiyaki Way,"450,000.00",YVON,Yvonne Achieng,Z001,Westlands,P O Box 11672 00100,"2Nd Floor, Delta Office Suites, Block B,",,Back Order Allowed,mwangi@galanaoil.com,Open Item,,P051133705K,MONTHLY,
False,CUST100336,Garden City R. Mgmt Ltd C/O Knight Frank Kenya Ltd,KPPMGR,KE,,KES,60DS,On Hold,25208,Kim-Fay Professional,,Nairobi West,,KPBASE,KP Base price,,4C,Thika Road,"100,000.00",P104,Irene Luketelo,Z004,Thika,,Garden City 4C,,Back Order Allowed,ruth.gitau@ke.knightfrank.com,Open Item,,P051424575I,MONTHLY,
False,CUST100337,Garden Properties Ltd C/O Knight Frank Ltd,KPPMGR,KE,,KES,60DS,Active,24673,Kim-Fay Professional,,Nairobi West,,KNIGHTFRAN,Knight Frank Services Ltd 3682,,1D,Westlands,"400,000.00",P104,Irene Luketelo,Z001,Westlands,,Rma Service Centre Next To Delta Corner,,Back Order Allowed,evar.kathambi@ke.knightfrank.com,Open Item,,P051423005L,MONTHLY,
False,CUST100338,Garinet Ltd,KPDIST,KE,,KES,30D,Inactive,23857,Kim-Fay Professional,,Nairobi West,,KPBASE,KP Base price,,5P,Mombasa Road,"30,000.00",YVON,Yvonne Achieng,Z005,Mombasa Road,P.O.Box 22387-00100,"Mombasa Road, Entrance Next To Foton",,Back Order Allowed,moureen.syekei@gmail.com,Open Item,,,MONTHLY,
False,CUST100339,Gauchos Ltd,KPREST,KE,,KES,30DS,Active,23692,Kim-Fay Professional,,Nairobi West,,GAUCHOSLTD,Gauchos Ltd,,1D,Westlands,"400,000.00",C967,Berna Piwang,Z001,Westlands,P.O.Box 14215-00800,"Viking House, Westlands",,Back Order Allowed,fogogauchoaccts@gmail.com,Open Item,,P051212272T,MONTHLY,
False,CUST100340,Gazebo Hospitality Ltd,KPHOTEL,KE,,KES,30DS,Inactive,3622,Kim-Fay Professional,,South Rift,,KPBASE,KP Base price,,7A,Naivasha,"200,000.00",P183,Mercy Irungu,Z007,Western A,Naivasha,,,Back Order Allowed,raelnimmo@yahoo.com,Open Item,,P051157536B,MONTHLY,
False,CUST100341,Gearbox Limited,KPSERVICE,KE,,KES,30D,Active,25013,Kim-Fay Professional,,Nairobi East,,GEARBOXLIM,Gear box limited,,5A,Industrial Area,1.00,P505,Shirleen Chebet,Z005,Mombasa Road,P. O. BOX 58275 - 00200,Avon Centre entreprise Rd,,Back Order Allowed,ACCOUNTS@GEARBOX.CO.KE,Open Item,,P051537983Z,MONTHLY,
False,CUST100342,Gelian Investment Ltd (Gelian Hotel),KPHOTEL,KE,,KES,30DS,Active,24214,Kim-Fay Professional,,Eastern,,GELIANINVE,Gelian Investment Ltd,,10A,Machakos,1.00,P193,June Chesire,Z010,Eastern,P.O. Box 2750 - 90100,Mwatu Wa Ngoma Street,,Back Order Allowed,purchasing@gelianhotel.com,Open Item,,P051347410T,MONTHLY,
False,CUST100343,Gemini Properties Ltd,KPPMGR,KE,,KES,60DS,On Hold,23391,Kim-Fay Professional,,Nairobi West,,KPBASE,KP Base price,,1L,Gigiri,"50,000.00",P025,Susan Mwathi,Z001,Westlands,"P O Box 49434,",Masari Rd,,Back Order Allowed,,Open Item,,,MONTHLY,
False,CUST100344,General Foods Kenya Ltd,KPDIST,KE,,KES,60DS,Active,1009,Kim-Fay Professional,,Nairobi East,,KPDISTRIB,KP Distributors,,4C,Thika Road,"1,400,000.00",P504,Diana Wendy,Z004,Thika,P.O.BOX 40517,Off Baba Dogo Road,,Back Order Allowed,gfk@africaonline.co.ke,Open Item,,P000592660W,MONTHLY,
False,CUST100345,Gerdex Kenya Limited,KPPMGR,KE,,KES,30D,Active,25014,Kim-Fay Professional,,Nairobi East,,GERDEXKENY,Gerdex Kenya Ltd,,4C,Thika Road,2.00,P104,Irene Luketelo,Z004,Thika,P.O.BOX 1970 - 00100,Ruiru Plaza,,Back Order Allowed,GERDEX@GMAIL.COM,Open Item,,P051800855H,MONTHLY,
False,CUST100346,German School Society,KPEDU,KE,,KES,30DS,Active,24139,Kim-Fay Professional,,Nairobi West,,GERMANSCHO,German school society,,1L,Gigiri,"200,000.00",P096,Doreen Mugwika,Z001,Westlands,P.O. Box 978 - 00621,German School,,Back Order Allowed,facilitymanager@germanschool.co.ke,Open Item,,P000607168E,MONTHLY,
False,CUST100347,Gertrudes Garden Childrens Hospital,KPHEALTH,KE,,KES,90DS,Active,2353,Kim-Fay Professional,,Nairobi West,,GERTRUDESG,Gertrudes Garden Children,,1M,Muthaiga,"2,400,000.00",P193,June Chesire,Z001,Westlands,P.O.Box 42325,Muthaiga Hospital,,Back Order Allowed,emokonge@gerties.org,Open Item,,P000636846E,MONTHLY,
False,CUST100350,Gkay Supplies Ltd,KPDIST,KE,,KES,30D,Active,24946,Kim-Fay Professional,,Nairobi East,,KPDISTRIB,KP Distributors,,4B,Kahawa,1.00,C967,Berna Piwang,Z004,Thika,64776-00620,Kahawa Sukari,,Back Order Allowed,gkaysupplies@gmail.com,Open Item,,P051568441N,MONTHLY,
False,CUST100351,G-Kraft Enterprises Ltd,KPINDUSTRY,KE,,KES,30D,Inactive,24501,Kim-Fay Professional,,Nairobi West,,KPBASE,KP Base price,,4C,Thika Road,"200,000.00",P183,Mercy Irungu,Z004,Thika,P.O Box 11347 - 00400,Thika Road,,Back Order Allowed,,Open Item,,,MONTHLY,
False,CUST100352,Haleon Kenya Ltd,KPHEALTH,KE,,KES,60DS,Active,2378B,Kim-Fay Professional,,Nairobi East,,GLAXOSMITH,Glaxosmithkline pharmaceutical,,5A,Industrial Area,0.00,C1262,Mercyline Kemunto,Z005,Mombasa Road,,Likoni Road,,Back Order Allowed,sandeep.8.singh@haleon.com,Open Item,,P000607685K,MONTHLY,
False,CUST100353,Glaxosmithkline Pharmaceutical Kenya Ltd,KPHEALTH,KE,,KES,60DS,Active,25236,Kim-Fay Professional,,Nairobi East,,KPBASE,KP Base price,,5A,Industrial Area,0.00,C967,Berna Piwang,Z005,Mombasa Road,78392-00507,Likoni Road,,Back Order Allowed,janet.j.kisormoi@gsk.com,Open Item,,P000607685K,MONTHLY,
False,CUST100354,Globo Chemicals (U) Ltd - Consumables,KPEXP,UG,Kyebando,USD,30D,Active,24376,Kim-Fay Professional,,Uganda,,GLOBOCHEMI,Globo Chemicals ( U) Ltd,,14C,Uganda,0.00,P201,Florence Karaya,Z014,Exports,Tirupati Business Park 012,Uganda,,Back Order Allowed,john.magara@globochemicals.com,Open Item,,,MONTHLY,
False,CUST100355,Globo Chemicals (U) Ltd - Closed,KPDIST,UG,,USD,30D,Inactive,24375,Kim-Fay Professional,,Nairobi West,,KPBASE,KP Base price,,14C,Uganda,"200,000.00",P201,Florence Karaya,Z014,Exports,P.O Box 35657,Uganda,,Back Order Allowed,,Open Item,,,MONTHLY,
False,CUST100357,Glumaven Ltd,KPINDUSTRY,KE,,KES,30D,Inactive,24485,Kim-Fay Professional,,Nairobi West,,KPBASE,KP Base price,,5O,South B,"50,000.00",P183,Mercy Irungu,Z005,Mombasa Road,P.O. Box 53138 - 00200,South B,,Back Order Allowed,,Open Item,,,MONTHLY,
False,CUST100358,Golden Ivy Investment Ltd,KPSERVICE,KE,,KES,30D,Active,24545,Kim-Fay Professional,,Nairobi West,,GOLDENIVYI,Golden Ivy investments,,3B,Karen,1.00,C967,Berna Piwang,Z003,Ngong,P.O Box 59830 - 00200,Golden Ivy Plaza,,Back Order Allowed,bgitau26@gmail.com; info@wacein.com,Open Item,,P051389612F,MONTHLY,
False,CUST100359,Golden Jubilee Ltd,KPHOTEL,KE,,KES,60DS,Active,23174,Kim-Fay Professional,,Nairobi West,,GOLDENJUBI,Golden Jubilee ltd 23174,,3O,Upper Hill,"6,250,000.00",P193,June Chesire,Z003,Ngong,P O Box 25574 00100,Crown Plaza,,Back Order Allowed,mathenge.samuel@accor.com,Open Item,,P051192432Z,MONTHLY,
False,CUST100361,Golf Course Hotel T/A Movenpick Hotel,KPHOTEL,KE,,KES,30D,Active,24804,Kim-Fay Professional,,Nairobi West,,KPBASE,KP Base price,,1D,Westlands,"300,000.00",C1262,Mercyline Kemunto,Z001,Westlands,P.O.BOX 49719 - 00100,"Westlands Opp Unga House, Mkungu Lane",,Back Order Allowed,joyce.wadundwe@movenpick.com,Open Item,,P051340957C,DAILY,
False,CUST100362,Gonita Ltd C/O Knight Frank Kenya Ltd,KPPMGR,KE,,KES,30DS,On Hold,25209,Kim-Fay Professional,,Nairobi West,,KPBASE,KP Base price,,1B,Waiyaki Way,"50,000.00",P104,Irene Luketelo,Z001,Westlands,,Westlands,,Back Order Allowed,info@ke.knightfrank.com,Open Item,,P051199219C,MONTHLY,
False,CUST100364,Goodman Agenies Ltd C/O Knight Frank Kenya Ltd,KPPMGR,KE,,KES,30DS,On Hold,25203,Kim-Fay Professional,,Nairobi West,,KPBASE,KP Base price,,1B,Waiyaki Way,"100,000.00",P104,Irene Luketelo,Z001,Westlands,,Goodman Plaza Waiyaki Way,,Back Order Allowed,sharon.agunda@ke.knightfrank.com,Open Item,,P051094269G,MONTHLY,
False,CUST100365,Gordon Court Ltd,KPPMGR,KE,,KES,30DS,Active,23652,Kim-Fay Professional,,Nairobi West,,GORDONCOUR,Gordon Court Ltd,,1D,Westlands,"800,000.00",P104,Irene Luketelo,Z001,Westlands,P.O.Box 30389-00100,Apollo Centre,,Back Order Allowed,info@apollocentre.org,Open Item,,P000591707L,MONTHLY,
False,CUST100366,Grab & Go Cakes And Pastries,KPREST,KE,,KES,30D,Active,24984,Kim-Fay Professional,,Nairobi East,,KPBASE,KP Base price,,5C,Embakasi,1.00,P025,Susan Mwathi,Z005,Mombasa Road,34967-00200,Ruai,,Back Order Allowed,simonngochi@gmail.com,Open Item,,A002877014V,MONTHLY,
False,CUST100367,Grand Cafe And Indian Cuisine Ltd,KPREST,KE,,KES,15DS,On Hold,24645,Kim-Fay Professional,,Nairobi West,,KPBASE,KP Base price,,3L,Hurlingham,"50,000.00",P096,Doreen Mugwika,Z003,Ngong,P.O Box 27789 - 00100,Lenana Towers 843,,Back Order Allowed,info@grandcafe.co.ke,Open Item,,P051572693Q,MONTHLY,
False,CUST100368,Grand West Hotel And Apartments,KPHOTEL,KE,,KES,30DS,Active,25059,Kim-Fay Professional,,Nairobi West,,KPBASE,KP Base price,,1D,Westlands,"200,000.00",C967,Berna Piwang,Z001,Westlands,1919-00600,Karuna Road,,Back Order Allowed,accounts@bestwesternpluswestlands.com,Open Item,,P051375087O,MONTHLY,
False,CUST100369,Grandways Venture Ltd,KPPMGR,KE,,KES,30DS,Active,23725,Kim-Fay Professional,,West Nyanza,,SHILOAHINV,Shiloah investment,,7F,Kisumu,"600,000.00",P489,John Kaguai,Z007,Western A,P.O.Box 2501-40100,Reliance Centre,,Back Order Allowed,john-accounts@shiloahmega.com,Open Item,,P051120712Z,MONTHLY,
False,CUST100370,Grant Thornton Management Ltd,KPSERVICE,KE,,KES,30DS,Active,3548,Kim-Fay Professional,,Nairobi West,,GRANTTHORN,Grant thornton consulting Ltd,,1D,Westlands,"150,000.00",P504,Diana Wendy,Z001,Westlands,P.O.Box 46986-00100,"5Th Floor, Avocado Towers Muthithi Road",,Back Order Allowed,solomon.ochieng@ke.gt.com,Open Item,,P051335071C,MONTHLY,
False,CUST100371,Great Rift Valley Lodge,KPHOTEL,KE,,KES,60DS,Active,3575,Kim-Fay Professional,,South Rift,,GREATRIFTV,Great Rift Valley Lodge,,7A,Naivasha,"500,000.00",YVON,Yvonne Achieng,Z007,Western A,"P.O.Box 1540,",Naivasha,,Back Order Allowed,Nancy.Muthoni@riftvalley-resort.co.ke,Open Item,,P051116703Z,MONTHLY,
False,CUST100372,Greenmar Associates (K) Ltd,KPCCLNRS,KE,,KES,30DS,Active,24500,Kim-Fay Professional,,Nairobi West,,GREENMARAS,Greenmar Associates (K)ltd,,3B,Karen,1.00,P505,Shirleen Chebet,Z003,Ngong,P.O Box 47521-00100,Golden Ivy Plaza,,Back Order Allowed,greenmarkenya@gmail.com; info@greenmarkenya.com; cynthiamwabishi@greenmarkenya.com,Open Item,,P051422714O,MONTHLY,
False,CUST100373,Greenspan Mall Ltd C/O Excellerate Kenya Limited.,KPPMGR,KE,,KES,30DS,Active,24390,Kim-Fay Professional,,Nairobi East,,KPBASE,KP Base price,,5K,Donholm,"200,000.00",P505,Shirleen Chebet,Z005,Mombasa Road,Genadier Tower 2nd Floor,"Greenspan Mall, Donholm",,Back Order Allowed,anne.ngige@cbreexcellerate.com,Open Item,,P051549565Y,MONTHLY,
False,CUST100374,Greensteds School Ltd,KPEDU,KE,,KES,45DS,Active,24746,Kim-Fay Professional,,South Rift,,GREENSTEDS,Greensteds School ltd,,7C,Nakuru,"900,000.00",P489,John Kaguai,Z007,Western A,Private Bag,Greenview,,Back Order Allowed,purchasing@greenstedsschool.com,Open Item,,P000629467M,15DAYS,
False,CUST100375,Gulf African Bank Ltd,KPSERVICE,KE,,KES,30DS,Active,23459,Kim-Fay Professional,,Nairobi West,,GULFAFRICA,Gulf AfricanBank,,3O,Upper Hill,"400,000.00",YVON,Yvonne Achieng,Z003,Ngong,P O Box 43683-00100,Gemini Insurance Plaza,,Back Order Allowed,halima.adan@gab.co.ke,Open Item,,P051194673F,MONTHLY,
False,CUST100376,Gulf Energy Holdings Limited,KPDIST,KE,,KES,30DS,Active,24584,Kim-Fay Professional,,Nairobi West,,KPBASE,KP Base price,,3O,Upper Hill,"50,000.00",P505,Shirleen Chebet,Z003,Ngong,P.O. Box 61872 - 00200,"Geminia Insurance Plaza, 4Th Floor",,Back Order Allowed,lydiam@gulfenergy.co.ke; monica.some@gulfenergy.co.ke; info@gulfenergy.co.ke,Open Item,,P051830456H,MONTHLY,
False,CUST100377,Guru Nanak Hospital,KPHEALTH,KE,,KES,90DS,Active,3429,Kim-Fay Professional,,Nairobi West,,GURUNANAKH,Guru Nanak Hospital 3429,,1H,Ngara,"600,000.00",YVON,Yvonne Achieng,Z001,Westlands,P.O. BOX 33071,Muranga Road Opposite Park Road Hotel,,Back Order Allowed,info@gnrsh.co.ke,Open Item,,P000606360W,MONTHLY,
False,CUST100378,H H Prince Aga Khan Shia Imami Ismaili Council,KPRELGS,KE,,KES,30DS,Active,25127,Kim-Fay Professional,,Nairobi West,,HHPRINCEAG,H.H Prince Aga khan Shia Imami,,1F,Parklands,"200,000.00",P504,Diana Wendy,Z001,Westlands,44500-00100,5Th Parklands Avenue,,Back Order Allowed,jamathealth.nairobi@aku.edu,Open Item,,P051093365B,MONTHLY,
False,CUST100379,Hagon Restaurants,KPREST,KE,,KES,30D,Active,24595,Kim-Fay Professional,,Nairobi East,,HAGONRESTA,Hagon Restaurants,,4C,Thika Road,"100,000.00",P505,Shirleen Chebet,Z004,Thika,P.O Box 1271 - 00200,Garden Estate,,Back Order Allowed,info@hagonhotel.com,Open Item,,A001605182X,DAILY,
False,CUST100380,Halcyon Healthcare Ltd,KPHEALTH,KE,,KES,30D,Active,25118,Kim-Fay Professional,,Nairobi West,,KPBASE,KP Base price,,3C,Ngong Road,1.00,C967,Berna Piwang,Z003,Ngong,2489-00600,5Th Avenue Ngong rd,,Back Order Allowed,,Open Item,,P051794388A,MONTHLY,
False,CUST100382,Hamptons Hospital,KPHEALTH,KE,,KES,45DS,Active,24976,Kim-Fay Professional,,South Nyanza,,KPBASE,KP Base price,,7G,Kakamega,"200,000.00",BADDEBTPRO,Bad Debt Provision,Z007,Western A,121-50101,121 Hamptons Hospital Road,,Back Order Allowed,info@hamptonshospital.com,Open Item,,P051679042P,MONTHLY,
False,CUST100383,Hans Kenya Ltd,KPINDUSTRY,KE,,KES,CURRENT,Active,24287,Kim-Fay Professional,,Nairobi East,,KPBASE,KP Base price,,5A,Industrial Area,"20,000.00",P505,Shirleen Chebet,Z005,Mombasa Road,P.O. Box 47659 - 00100,Mogadishu Road,,Back Order Allowed,accounts@hanskenya.com; info@hanskenya.com,Open Item,,P051117005L,MONTHLY,
False,CUST100385,Harrow Investments Limited C/O Knight Frank Ke Ltd,KPPMGR,KE,,KES,60DS,Active,24916,Kim-Fay Professional,,Nairobi West,,KNIGHTFRAN,Knight Frank Services Ltd 3682,,1L,Gigiri,"400,000.00",P104,Irene Luketelo,Z001,Westlands,P.O.BOX 40519 - 00100,Eaton Place - Gigiri,,Back Order Allowed,rosemary.olimba@ke.knightfrank.com,Open Item,,P051101980P,MONTHLY,
False,CUST100386,Haru Restaurant Ltd,KPREST,KE,,KES,30D,Active,24888,Kim-Fay Professional,,Nairobi West,,HARURESTAU,Haru Restaurant,,3B,Karen,1.00,YVON,Yvonne Achieng,Z003,Ngong,"P.O.BOX 24168-00502, Nairobi","Karen Professional Centre, Karen Road",,Back Order Allowed,harukenya@hotmail.com,Open Item,,P051304333Q,MONTHLY,
False,CUST100387,Harvest Cleaning Company,KPCCLNRS,KE,,KES,CURRENT,Active,24945,Kim-Fay Professional,,Nairobi East,,KPBASE,KP Base price,,5P,Mombasa Road,1.00,P505,Shirleen Chebet,Z005,Mombasa Road,50912-00100,"Vision Plaza, 2Nd Floor Suite 1",,Back Order Allowed,accounts@harvestcleaning.co.ke,Open Item,,P051470466D,MONTHLY,
False,CUST100388,Heavy Engineering Ltd,KPINDUSTRY,KE,,KES,30D,Inactive,23694,Kim-Fay Professional,,Nairobi East,,KPBASE,KP Base price,,5P,Mombasa Road,2.00,YVON,Yvonne Achieng,Z005,Mombasa Road,P.O. Box 41437 - 00100 (GPO),Old Mombasa Road,,Back Order Allowed,info@heavyengineering.co.ke,Open Item,,P000612372R,MONTHLY,
False,CUST100389,Heineken East Africa Import Co Ltd,KPSERVICE,KE,,KES,30D,Active,24894,Kim-Fay Professional,,Nairobi West,,KPBASE,KP Base price,,1C,Lower Kabete,1.00,P504,Diana Wendy,Z001,Westlands,P.O.BOX 360-00606,"The Pavilion 1St Floor, Lower Kabete",,Back Order Allowed,martha.tatu@heineken.com,Open Item,,P051348603B,DAILY,
False,CUST100390,Hemingways Nairobi Ltd,KPHOTEL,KE,,KES,45DS,Active,23860,Kim-Fay Professional,,Nairobi West,,HEMINGWAYS,Hemingways Nairobi Ltd,,3B,Karen,0.00,P096,Doreen Mugwika,Z003,Ngong,P.O.Box 146-00502,Mbagathi Ridge -Karen,,Back Order Allowed,Oliver.Musoga@hemingwaysint.onmicrosoft.com,Open Item,,P051243934X,MONTHLY,
False,CUST100391,Hemingways Watamu,KPHOTEL,KE,,KES,45DS,Active,24774,Kim-Fay Professional,,Coast,,HEMINGWAYS,Hemingways Nairobi Ltd,,12A,Mombasa,"500,000.00",P096,Doreen Mugwika,Z012,Coast,P.O.BOX 267-80202,Mbagathi Ridge -Karen,,Back Order Allowed,grace.atieno@hemingways.co,Open Item,,P000619187M,MONTHLY,
False,CUST100392,Hemocue Kenya Ltd,KPSERVICE,KE,,KES,30D,Active,24299,Kim-Fay Professional,,Nairobi Central,,KPBASE,KP Base price,,3D,Community,1.00,P504,Diana Wendy,Z003,Ngong,P.O Box 19525 - 00202,12 Ralph Bunche Road,,Back Order Allowed,info@hemocuekenya.co.ke,Open Item,,P051173455X,MONTHLY,
False,CUST100393,Heritage Grill Ltd,KPREST,KE,,KES,30D,Inactive,24020,Kim-Fay Professional,,Nairobi West,,KPBASE,KP Base price,,2A,CBD,"100,000.00",YVON,Yvonne Achieng,Z002,CBD,P.O.Box 2453-00100,Heritage Grill,,Back Order Allowed,heritagegrill78@gmail.com,Open Item,,,MONTHLY,
False,CUST100394,Heritage Super Store,KPDIST,KE,,KES,30DS,Active,24940,Kim-Fay Professional,,Nairobi East,,KPBASE,KP Base price,,5A,Industrial Area,"300,000.00",P193,June Chesire,Z005,Mombasa Road,P O BOX 104303-00100,"Industrial Area, Kampala Road",,Back Order Allowed,procurement@heritagesuperstore.co.ke,Open Item,,P051701799P,MONTHLY,
False,CUST100395,Hilton Nairobi Ltd,KPHOTEL,KE,,KES,30DS,Inactive,1124,Kim-Fay Professional,,Nairobi Central,,HILTONNAIR,Hilton Nairobi,,2A,CBD,"600,000.00",C967,Berna Piwang,Z002,CBD,P.O.BOX 30624 - 00100,Hilton Hotel,,Back Order Allowed,steven.kivutse@hilton.com,Open Item,,P051144019J,MONTHLY,
False,CUST100396,HM Clause Kenya Limited,KPAGRI,KE,,KES,CURRENT,Active,25239,Kim-Fay Professional,,Upper Mountain,,HMCLAUSEKE,HM Clause Kenya Ltd,,6E,Nanyuki,5.00,P489,John Kaguai,Z006,Mountain,P.O.BOX 854 - 10400,Turaco Farm Nanyuki Meru Road,,Back Order Allowed,weldon.torongei@hmclause.com,Open Item,,P051455059K,MONTHLY,
False,CUST100397,Horizons Office,KPSERVICE,KE,,KES,30DS,Active,23804,Kim-Fay Professional,,Nairobi West,,HORIZONSOF,Horizons office,,3M,Kilimani,"3,000,000.00",C967,Berna Piwang,Z003,Ngong,The Address,"Muthangari Drive ,Off Waiyaki Rd. Westlands",,Back Order Allowed,mabel@horizonsoffices.com,Open Item,,P051243765E,MONTHLY,
False,CUST100398,Hotel Monarch Ltd,KPHOTEL,KE,,KES,30DS,Active,24108,Kim-Fay Professional,,Nairobi West,,HOTELMONAR,Hotel Monarch ltd,,3C,Ngong Road,"100,000.00",P193,June Chesire,Z003,Ngong,P.O. Box 46460 - 00100,"Rose Avenue, Nairobi",,Back Order Allowed,accounts@monarchhotelskenya.com,Open Item,,P051388832M,MONTHLY,
False,CUST100399,Hotel Nokras (K) Ltd,KPHOTEL,KE,,KES,30DS,Active,24675,Kim-Fay Professional,,Upper Mountain,,HOTELNORKA,Hotel Norkas (K) ltd,,6B,Murang'a,"300,000.00",P489,John Kaguai,Z006,Mountain,P.O Box 990 - 00600,Muranga Town,,Back Order Allowed,info@hotelnokras.co.ke,Open Item,,P051390545X,MONTHLY,
False,CUST100400,Hotel Pikadili Limited,KPHOTEL,KE,,KES,30D,Active,24967,Kim-Fay Professional,,Nairobi West,,HOTELPIKAD,Hotel pikadili,,9F,Homa Bay,1.00,P489,John Kaguai,Z009,Western C,P.O Box 12 - 40301,Along Kendu Bay,,Back Order Allowed,info@hotelpikadili.com,Open Item,,P051688802Z,MONTHLY,
False,CUST100401,Hotel Riverview Westlands Ltd,KPHOTEL,KE,,KES,30D,Active,24931,Kim-Fay Professional,,Nairobi West,,KPBASE,KP Base price,,1D,Westlands,"100,000.00",C967,Berna Piwang,Z001,Westlands,40885-00100,Lantana Road,,Back Order Allowed,sales@hotelriverview.net,Open Item,,P051450453W,DAILY,
False,CUST100402,Hotel San Marino,KPREST,KE,,KES,30D,Active,24989,Kim-Fay Professional,,Eastern,,HOTELSANMA,Hotel San Marino,,10E,Kitui,2.00,P505,Shirleen Chebet,Z010,Eastern,1020-90200,Hotel San Marino Kitui Town,,Back Order Allowed,manager@hotelsanmarino.co.ke,Open Item,,P051625527I,MONTHLY,
False,CUST100403,Hotel Troy Ltd,KPHOTEL,KE,,KES,30D,Active,24636,Kim-Fay Professional,,Nairobi West,,KPBASE,KP Base price,,3B,Karen,1.00,P504,Diana Wendy,Z003,Ngong,P.O Box 15495 - 00509,Off Magadi Road,,Back Order Allowed,info@hotel-troy.com,Open Item,,P051376264L,MONTHLY,
False,CUST100404,House Of Waine,KPREST,KE,,KES,30D,Active,3638,Kim-Fay Professional,,Nairobi West,,HOUSEOFWAI,House of Waine 3638,,3B,Karen,"20,000.00",P504,Diana Wendy,Z003,Ngong,P O Box 25035 00603,,,Back Order Allowed,mail@houseofwaine.co.ke,Open Item,,P051133400C,MONTHLY,
False,CUST100405,Hurricane Services Kenya Ltd,KPCCLNRS,KE,,KES,45INV,Active,24895,Kim-Fay Professional,,Nairobi West,,HURRICANES,Hurricane Services Kenya ltd,,1D,Westlands,"3,000,000.00",C967,Berna Piwang,Z001,Westlands,Brookside Drive Muguga Green,House 331 Near safaricom HQ 3,,Back Order Allowed,jeremiah@hurricaneglobalfm.com,Open Item,,P051556450L,MONTHLY,
False,CUST100406,Huzefa Supplies Kenya Ltd,KPDIST,KE,,KES,45DS,Active,24231,Kim-Fay Professional,,Nairobi East,,KPBASE,KP Base price,,5D,JKIA,"250,000.00",P505,Shirleen Chebet,Z005,Mombasa Road,P.O Box 48004-00100,Paa Crescent,,Back Order Allowed,info@huzefasupplies.co.ke,Open Item,,,MONTHLY,
False,CUST100407,Hychem Hygiene And Healthcare Solutions Ltd,KPCCLNRS,KE,,KES,30D,Active,24820,Kim-Fay Professional,,Nairobi West,,HYCHEMHYGI,Hychem Hygiene and healthcare,,3B,Karen,2.00,C1262,Mercyline Kemunto,Z003,Ngong,P. O. Box 38363 - 00100,Karen End Passed The Hub On Your Way To Kikuyu,,Back Order Allowed,sales@hychemgroup.co.ke,Open Item,,P051470461Y,MONTHLY,
False,CUST100408,I & M Bank Ltd,KPBANK,KE,,KES,30DS,Active,24474,Kim-Fay Professional,,Nairobi Central,CUST100406,IMBANKLTD,I & M Bank ltd,Christine Cheptoo,2A,CBD,"400,000.00",P096,Doreen Mugwika,Z002,CBD,P.O Box 30238 - 00100,I&M Towers,,Back Order Allowed,SOngoro@imbank.co.ke,Open Item,,P000607839E,MONTHLY,
False,CUST100409,Ice Clean Care Ltd,KPCCLNRS,KE,,KES,45DS,Active,23582,Kim-Fay Professional,,Nairobi West,,KPBASE,KP Base price,,1B,Waiyaki Way,"3,200,000.00",C967,Berna Piwang,Z001,Westlands,,Waiyaki way,,Back Order Allowed,icecleancaregroupltd@gmail.com,Open Item,,P051609003B,MONTHLY,
False,CUST100410,Icea Lion G.I Co C/O Knight Frank Kenya Ltd,KPPMGR,KE,,KES,30DS,On Hold,25189,Kim-Fay Professional,,Nairobi West,,KPBASE,KP Base price,,1B,Waiyaki Way,"100,000.00",P104,Irene Luketelo,Z001,Westlands,,Waiyaki Way Icea Buliding,,Back Order Allowed,metusela.kibor@ke.knightfrank.com,Open Item,,P000609362E,MONTHLY,
False,CUST100411,Icolo Limited,KPSERVICE,KE,,KES,30D,Active,25006,Kim-Fay Professional,,Nairobi West,CUST103123,ICOLOLTD,Icolo Ltd,Ismael Hamisi,3B,Karen,1.00,P504,Diana Wendy,Z003,Ngong,P.O.BOX 1649 - 00502,Langata Soth Road Icolo After Tangaza college,,Back Order Allowed,mercy.kitur@icolo.io,Open Item,,P051539003C,MONTHLY,
False,CUST100412,ICRAF,KPNGO,KE,,KES,60DS,Active,2411,Kim-Fay Professional,,Nairobi West,,ICRAF,Icraf,,1L,Gigiri,"750,000.00",P193,June Chesire,Z001,Westlands,P.O.Box 36677,Gigiri  Next To Un Grounds,,Back Order Allowed,C.Koech@cifor-icraf.org; S.Mohono@cifor-icraf.org,Open Item,,P051093025Z,MONTHLY,
False,CUST100413,Ideal Sanitation,KPCCLNRS,KE,,KES,30DS,Active,24457,Kim-Fay Professional,,Nairobi East,,IDEALSANIT,Ideal Sanitation,,5A,Industrial Area,"100,000.00",P505,Shirleen Chebet,Z005,Mombasa Road,P.o. Box 51199-00200,Behind  Liberty Plaza,,Back Order Allowed,doreensimiyu2013@gmail.com,Open Item,,P051644233B,MONTHLY,
False,CUST100414,IFRC & Red Crescent Societies,KPNGO,KE,,KES,30D,Active,25108,Kim-Fay Professional,,Nairobi West,,KPBASE,KP Base price,,3M,Kilimani,1.00,P504,Diana Wendy,Z003,Ngong,P.O Box 41275 - 00100,"Woodlands Avenue,",,Back Order Allowed,caren.oyayo@ifrc.org,Open Item,,P051099363N,MONTHLY,
False,CUST100415,Ikm Place Ltd C/O Knight Frank Kenya Ltd,KPPMGR,KE,,KES,60DS,Active,3695,Kim-Fay Professional,,Nairobi West,,KNIGHTFRAN,Knight Frank Services Ltd 3682,,3D,Community,"400,000.00",P104,Irene Luketelo,Z003,Ngong,P O Box 39773 00623,4Th Ngong Avenue,,Back Order Allowed,Collins.Kimani@ke.knightfrank.com,Open Item,,P051154319N,MONTHLY,
False,CUST100416,ILRI,KPNGO,KE,,KES,60DS,Active,3461,Kim-Fay Professional,,Nairobi West,,ILRI3461,ILRI 3461,,1B,Waiyaki Way,"4,000,000.00",P193,June Chesire,Z001,Westlands,Naivasha road - Riruta,Uthiru,,Back Order Allowed,p.muema@cgiar.org,Open Item,,P051104412C,MONTHLY,
False,CUST100417,Impala Club,KPSERVICE,KE,,KES,30D,On Hold,3671,Kim-Fay Professional,,Nairobi West,,KPBASE,KP Base price,,3C,Ngong Road,"75,000.00",P096,Doreen Mugwika,Z003,Ngong,P O Box 41516 00100,,,Back Order Allowed,,Open Item,,,MONTHLY,
False,CUST100418,Innovation Fitness Ltd,KPREST,KE,,KES,30D,Active,24643,Kim-Fay Professional,,Nairobi West,,KPBASE,KP Base price,,1B,Waiyaki Way,"20,000.00",C967,Berna Piwang,Z001,Westlands,P.O Box 104773 - 00101,Safaricom House Waiyaki Way,,Back Order Allowed,info@i-fitness.co.ke,Open Item,,P051328832G,MONTHLY,
False,CUST100419,Insta Products Epz Ltd,KPEPZ,KE,,KES,45DS,Active,25258,Kim-Fay Professional,,Nairobi East,,INSTAPRODU,Insta Products EPZ) ltd,,5Q,Athi River,"1,000,000.00",P104,Irene Luketelo,Z005,Mombasa Road,1231-00606,Athi River,,Back Order Allowed,margaretmwangi@instaproducts.co; peter.mwangi@instaproducts.co,Open Item,,P051149145B,MONTHLY,
False,CUST100420,Institute Of Advanced Technology,KPEDU,KE,,KES,30DS,Inactive,3785,Kim-Fay Professional,,Nairobi East,,KPBASE,KP Base price,,4C,Thika Road,"60,000.00",YVON,Yvonne Achieng,Z004,Thika,P O Box 20653 00200,,,Back Order Allowed,totiebo@iat.ac.ke,Open Item,,P000605592E,MONTHLY,
False,CUST100421,International Aids Vaccine Initiative (Iavi),KPNGO,KE,,KES,30D,Active,23588,Kim-Fay Professional,,Nairobi West,,KPBASE,KP Base price,,1B,Waiyaki Way,"50,000.00",P505,Shirleen Chebet,Z001,Westlands,,Abc Place,,Back Order Allowed,fkemunto@iavi.org,Open Item,,P051152434M,MONTHLY,
False,CUST100422,International Bible Students Association,KPRELGS,KE,,KES,30DS,Active,3556,Kim-Fay Professional,,Nairobi East,,KPBASE,KP Base price,,3M,Kilimani,"460,000.00",YVON,Yvonne Achieng,Z003,Ngong,"P.O.Box 21290,00605,",Elgeyo Marakwet Road,,Back Order Allowed,purchasing.ke@jw.org,Open Item,,P051091547S,MONTHLY,
False,CUST100423,Brandpack Distributors Limited,KPDIST,KE,,KES,60DS,Active,3691,Kim-Fay Professional,,Coast,,IBRANDS,International Brands Ltd,,12A,Mombasa,"2,000,000.00",P022,Lucy Rimberia,Z012,Coast,Mombasa,Rockwall Plaza Mkomani,,Back Order Allowed,ibl@africaonline.co.ke,Open Item,,P052053364X,MONTHLY,
False,CUST100424,International Centre For Tropical Agriculture-Ciat,KPNGO,KE,,KES,30D,Active,24495,Kim-Fay Professional,,Nairobi East,,KPBASE,KP Base price,,4C,Thika Road,"50,000.00",P505,Shirleen Chebet,Z004,Thika,P.O Box 823 - 00621,Off Kasarani Road,,Back Order Allowed,ciatkenyainfo@cgiar.org,Open Item,,P051335450B,MONTHLY,
False,CUST100425,International House Ltd,KPPMGR,KE,,KES,30DS,Active,23685,Kim-Fay Professional,,Nairobi Central,,INTHOUSE,International house Ltd,,2A,CBD,"1,200,000.00",C967,Berna Piwang,Z002,CBD,P.O.Box 41931-00100,Mama Ngina Street,,Back Order Allowed,kimondowanjiku@ihlkenya.com,Open Item,,P000598217Y,MONTHLY,
False,CUST100426,International Peace Support Training Centre,KPGOVT,KE,,KES,60DS,Active,24274,Kim-Fay Professional,,Nairobi West,,KPBASE,KP Base price,,3B,Karen,"2,000,000.00",P096,Doreen Mugwika,Z003,Ngong,P.O Box 24232 - 00502,Westwood Park,,Back Order Allowed,hpssaccounts@hpss-ipstc.org,Open Item,,,MONTHLY,
False,CUST100427,International Potato Centre,KPNGO,KE,,KES,30DS,Active,24380,Kim-Fay Professional,,Nairobi West,,KPBASE,KP Base price,,1B,Waiyaki Way,"100,000.00",P193,June Chesire,Z001,Westlands,P.O. Box 25171-00603,Ilri Campus,,Back Order Allowed,j.njonjo@cgiar.org,Open Item,,P051099972U,MONTHLY,
False,CUST100428,International School Of Kenya,KPEDU,KE,,KES,60DS,Active,2200,Kim-Fay Professional,,Nairobi West,,ISK,International School of kenya,,1C,Lower Kabete,"600,000.00",YVON,Yvonne Achieng,Z001,Westlands,P. O. Box 14103,Kitisuru Kirwa Road,,Back Order Allowed,mjiwani@isk.ac.ke,Open Item,,P000609013N,MONTHLY,
False,CUST100429,Intertek International Ltd,KPSERVICE,KE,,KES,30D,Active,23330,Kim-Fay Professional,,Nairobi West,,INTERTEKIN,Intertek International Ltd,,1D,Westlands,"10,000.00",P505,Shirleen Chebet,Z001,Westlands,P O Box 696 00621,House Of Vanguard,,Back Order Allowed,sporah.njenga@intertek.com,Open Item,,P051138101M,MONTHLY,
False,CUST100430,Interveg Exports EPZ Limited,KPINDUSTRY,KE,,KES,30DS,Active,23488,Kim-Fay Professional,,Nairobi East,,KPBASE,KP Base price,,5C,Embakasi,"40,000.00",C967,Berna Piwang,Z005,Mombasa Road,Airport Rd,,,Back Order Allowed,sales@interveg.co.ke,Open Item,,P051975051Q,MONTHLY,
False,CUST100431,Inti By Jit Ltd,KPREST,KE,,KES,30DS,Active,24927,Kim-Fay Professional,,Nairobi West,,INTIBYJITM,INTI BY JIT MART,,1D,Westlands,"100,000.00",P505,Shirleen Chebet,Z001,Westlands,P.O. BOX 1250-00621,One Africa Place,,Back Order Allowed,trish.jitgroup@gmail.com,Open Item,,P051727118G,MONTHLY,
False,CUST100432,In-Vitro Diagnostics Ltd,KPHEALTH,KE,,KES,30D,Active,23593,Kim-Fay Professional,,Nairobi West,,KPBASE,KP Base price,,1D,Westlands,1.00,P505,Shirleen Chebet,Z001,Westlands,,Plot Number 47 House Number 2,,Back Order Allowed,vitro@in-vitro.co.ke,Open Item,,P051217628D,MONTHLY,
False,CUST100433,IOM Kenya,KPNGO,KE,,KES,30DS,Active,24750,Kim-Fay Professional,,Nairobi West,,FAOSOMALIA,FAO SOMALIA,,1C,Lower Kabete,"60,000.00",P193,June Chesire,Z001,Westlands,P.O Box 55040 - 00200,Ngecha Road Campus Off Lower Kabete Road,,Back Order Allowed,mmuendi@iom.int,Open Item,,P051098386S,MONTHLY,
False,CUST100436,Iway Africa Kenya Ltd,KPSERVICE,KE,,KES,30D,Active,24719,Kim-Fay Professional,,Nairobi West,,KPBASE,KP Base price,,3O,Upper Hill,"30,000.00",P505,Shirleen Chebet,Z003,Ngong,P.O Box 63017 - 00200,"13Th Floor, Rahimtullah Towers",,Back Order Allowed,info-ke@iwayafrica.net,Open Item,,P051129542A,MONTHLY,
False,CUST100437,J.G Medical Clinic Ltd.,KPHEALTH,KE,,KES,30DS,Active,23611,Kim-Fay Professional,,Nairobi West,,KPBASE,KP Base price,,3C,Ngong Road,"50,000.00",P505,Shirleen Chebet,Z003,Ngong,,5Th Avenue Building,,Back Order Allowed,,Open Item,,P051175743A,MONTHLY,
False,CUST100438,Jacaranda Health Ltd,KPHEALTH,KE,,KES,60DS,Active,24698,Kim-Fay Professional,,Nairobi West,,JACARANDAH,Jacaranda Hotel Ltd 3613,,4D,Zimmerman,"1,200,000.00",C1262,Mercyline Kemunto,Z004,Thika,P.O Box 52595 - 00100,"Kiamumbi, Kahawa West",,Back Order Allowed,procurement@jacarandamaternity.co.ke,Open Item,,P051356725F,MONTHLY,
False,CUST100439,Jacaranda Hotel Ltd,KPHOTEL,KE,,KES,30DS,Active,3613,Kim-Fay Professional,,Nairobi West,,JACARANDAH,Jacaranda Hotel Ltd 3613,,1D,Westlands,"1,500,000.00",P096,Doreen Mugwika,Z001,Westlands,P O Box 14287,Westland Next To Sankara,,Back Order Allowed,john.gichuke@jacarandahotels.com,Open Item,,P000608207S,MONTHLY,
False,CUST100441,Jaet Enterprises Ltd,KPDIST,KE,,KES,30D,Active,24657,Kim-Fay Professional,,Nairobi East,,KPDISTRIB,KP Distributors,,5O,South B,1.00,P504,Diana Wendy,Z005,Mombasa Road,P O Box 50937 00100,South B,,Back Order Allowed,,Open Item,,A005534142O,MONTHLY,
False,CUST100442,Jakatut Giahafa Supermarket,KPEXP,SS,,USD,30D,Inactive,23621,Kim-Fay Professional,,Sudan,,KPBASE,KP Base price,,14D,Mauritius,0.00,P022,Lucy Rimberia,Z014,Exports,,Sudan,,Back Order Allowed,,Open Item,,,MONTHLY,
False,CUST100446,Jextreem Logistics Co Limited,KPCCLNRS,KE,,KES,30D,Active,24943,Kim-Fay Professional,,Nairobi Central,,JEXTREEMLO,JEXTREEM LOGISTICS CO.LTD,,3C,Ngong Road,12.00,C967,Berna Piwang,Z003,Ngong,240-00200,Samima House-4Th Floor,,Back Order Allowed,jextreemcompanyltd@gmail.com,Open Item,,P051319416A,MONTHLY,False
False,CUST100448,Jimlizer Hotel Ltd,KPHOTEL,KE,,KES,30DS,Active,25067,Kim-Fay Professional,,Nairobi East,,KPBASE,KP Base price,,5G,Buru buru,"100,000.00",P505,Shirleen Chebet,Z005,Mombasa Road,70310-00400,Mumias South Road Buruburu,,Back Order Allowed,mwangistanley12@gmail.com,Open Item,,P051410217H,MONTHLY,
False,CUST100450,Jit Mart Ltd,KPREST,KE,,KES,30DS,Active,24676,Kim-Fay Professional,,Nairobi West,,JITMARTLTD,Jit Mart ltd,,1D,Westlands,"150,000.00",P505,Shirleen Chebet,Z001,Westlands,P.O Box 1250 - 00621,Kenrail Towers,,Back Order Allowed,accounts@mercado.co.ke,Open Item,,P051644233B,MONTHLY,
False,CUST100451,Job Cleaning Services Ltd,KPCCLNRS,KE,,KES,30D,Active,24488,Kim-Fay Professional,,Nairobi Central,,KPBASE,KP Base price,,2A,CBD,"50,000.00",P505,Shirleen Chebet,Z002,CBD,P.O. Box 74268 - 00100,10Th Floor,,Back Order Allowed,jobcleaningservices@yahoo.com,Open Item,,P051567759A,MONTHLY,
False,CUST100452,Jomatex Investments Limited,KPSERVICE,KE,,KES,30D,Active,25149,Kim-Fay Professional,,Nairobi Central,,KPBASE,KP Base price,,2A,CBD,2.00,P104,Irene Luketelo,Z002,CBD,P .O. BOX 723 -Nairobi Eastern00,Gatkim Building Ronald Ngala street,,Back Order Allowed,jomatexinvestmentsltd@gmail.com,Open Item,,P051622386L,MONTHLY,
False,CUST100454,Joystar Cereals Commodities Ltd,KPDIST,KE,,KES,30DS,Active,24244,Kim-Fay Professional,,Nairobi Central,,KPBASE,KP Base price,,2A,CBD,"500,000.00",BADDEBTPRO,Bad Debt Provision,Z002,CBD,P.O Box 7469-Nairobi,Crossroad View Hotel (Basement),,Back Order Allowed,husseinayot@gmail.com,Open Item,,,MONTHLY,
False,CUST100455,Juja Capital Hotel,KPREST,KE,,KES,30D,Inactive,23947,Kim-Fay Professional,,Nairobi West,,KPBASE,KP Base price,,4A,Thika Town,1.00,BADDEBTPRO,Bad Debt Provision,Z004,Thika,P.O.Box 21067,Juja Capital Plaza,,Back Order Allowed,,Open Item,,,MONTHLY,
False,CUST100456,Juja Road Fancy Store Ltd,KPDIST,KE,,KES,30D,Active,23734,Kim-Fay Professional,,Nairobi East,,KPDISTRIB,KP Distributors,,1F,Parklands,1.00,C967,Berna Piwang,Z001,Westlands,"BHANDERI RD,  OFF PRAMUKH SWAMI AVENUE",NEAR SHREE RAM MANDHIR OPP HIRA APARTMENTS,,Back Order Allowed,jujafancy@yahoo.co.uk,Open Item,,P000601403X,MONTHLY,
False,CUST100457,Jumbo Commodities Ltd,KPDIST,KE,,KES,CURRENT,Active,24456,Kim-Fay Professional,,Nairobi East,,KPBASE,KP Base price,,5P,Mombasa Road,2.00,P504,Diana Wendy,Z005,Mombasa Road,P.O. Box 18734 - 00500,Icd Road Opposite Wallstreet Godowns,,Back Order Allowed,info@jumbocomm.co.ke,Open Item,,P051320913J,MONTHLY,
False,CUST100459,Jupiter Real Ltd T/A Ibis Styles,KPHOTEL,KE,,KES,30DS,Active,24435,Kim-Fay Professional,,Nairobi West,,JUPITERREA,Jupiter Real Ltd,,1D,Westlands,"600,000.00",P096,Doreen Mugwika,Z001,Westlands,P.O. Box 14746-00800,Rhapta Road,,Back Order Allowed,hb65-gl4@accor.com,Open Item,,P051341250N,MONTHLY,
False,CUST100460,Justliam Enterprises,KPSERVICE,KE,,KES,30D,Active,25043,Kim-Fay Professional,,Nairobi Central,,KPBASE,KP Base price,,CTC,Client to Collect,2.00,P104,Irene Luketelo,Z015,Self Collection,10690-00100,Self Colllection,,Back Order Allowed,justliam.enterprises@gmail.com,Open Item,,A011626647A,MONTHLY,
False,CUST100461,K - Rep Developement Agency,KPBANK,KE,,KES,30D,Active,2303,Kim-Fay Professional,,Nairobi West,,KPBASE,KP Base price,,CTC,Client to Collect,"10,000.00",P505,Shirleen Chebet,Z015,Self Collection,P.O. Box 10528,"Galana Road,China Wu-Yi Apartment F7",,Back Order Allowed,,Open Item,, P051130656Q,MONTHLY,
False,CUST100462,K Kraft Brand Design,KPINDUSTRY,KE,,KES,30D,Active,24090,Kim-Fay Professional,,Nairobi East,,KPBASE,KP Base price,,5A,Industrial Area,1.00,C967,Berna Piwang,Z005,Mombasa Road,P.O Box 3410-00100,Dunga Close,,Back Order Allowed,accounts@kkraft.net,Open Item,,P051194712Z,MONTHLY,
False,CUST100463,Kaizora Centre For Neurodevelopmental Therapies,KPHEALTH,KE,,KES,30D,Active,24911,Kim-Fay Professional,,Nairobi West,,KPBASE,KP Base price,,3B,Karen,"50,000.00",YVON,Yvonne Achieng,Z003,Ngong,1 Kombe Rd Off Silanga Rd,Bogani Rd next to JKUAT Karen,,Back Order Allowed,admin@kaizora.com,Open Item,,P051762244E,MONTHLY,
False,CUST100464,Kaldis Coffee House Ltd,KPREST,KE,,KES,30DS,Active,23830,Kim-Fay Professional,,Nairobi Central,,KPBASE,KP Base price,,2A,CBD,"100,000.00",P505,Shirleen Chebet,Z002,CBD,P.O.Box 100929-00101,Kaldis Coffee House,,Back Order Allowed,,Open Item,,,MONTHLY,
False,CUST100465,Kalon Foods,KPDIST,KE,,KES,30DS,Active,25032,Kim-Fay Professional,,Nairobi East,,KPBASE,KP Base price,,5P,Mombasa Road,"300,000.00",P505,Shirleen Chebet,Z005,Mombasa Road,Viraj Complex,"Go down Number 4, Mombasa Rd.",,Back Order Allowed,paras@kalonfoods.com,Open Item,,P051428833J,MONTHLY,
False,CUST100466,Kamcan Properties Ltd,KPHOTEL,KE,,KES,60DS,Active,23853,Kim-Fay Professional,,Nairobi West,,BESTWESTER,Best western Nairobi Ltd,,3L,Hurlingham,"600,000.00",C967,Berna Piwang,Z003,Ngong,P.O.Box 1939-00606,"Arwings Kodhek Road, Hurlingham",,Back Order Allowed,accounts@fourpointsnairobihurlingham.co.ke,Open Item,,P051325611Q,MONTHLY,
False,CUST100468,Kanune General Limited,KPINDUSTRY,KE,,KES,30D,Active,25161,Kim-Fay Professional,,Nairobi West,,KPBASE,KP Base price,,CTC,Client to Collect,1.00,P096,Doreen Mugwika,Z015,Self Collection,4712-00200,Self Collection,,Back Order Allowed,ABDIMAJIDJAY@GMAIL.COM,Open Item,,P051717231G,MONTHLY,
False,CUST100469,Karanja-Njenga & Co Advocates,KPSERVICE,KE,,KES,30D,Active,25133,Kim-Fay Professional,,Nairobi West,,KPBASE,KP Base price,,1C,Lower Kabete,1.00,P505,Shirleen Chebet,Z001,Westlands,1775-00606,Spring Valley Business Park,,Back Order Allowed,info@knjenga.com,Open Item,,P051377934M,MONTHLY,
False,CUST100470,Karen Blixen Coffee Garden,KPHOTEL,KE,,KES,30DS,Inactive,2392B,Kim-Fay Professional,,Nairobi West,,KPBASE,KP Base price,,3B,Karen,"360,000.00",YVON,Yvonne Achieng,Z003,Ngong,PO BOX 163-00502,,,Back Order Allowed,jacqueline@blixencoffeegarden.co.ke,Open Item,,,MONTHLY,
False,CUST100471,Karen Country Club,KPHOTEL,KE,,KES,30DS,Active,3660,Kim-Fay Professional,,Nairobi West,,KARENCOUNT,Karen Country Club3660,,3B,Karen,"900,000.00",YVON,Yvonne Achieng,Z003,Ngong,P O Box 24816 00502,,,Back Order Allowed,purchasing@karen.or.ke,Open Item,,P000591100Y,MONTHLY,
False,CUST100472,Karen Hospital Limited,KPHEALTH,KE,,KES,60DS,Active,3540,Kim-Fay Professional,,Nairobi West,,KARENHOSPI,Karen Hospital Limited 3540,,3B,Karen,"2,000,000.00",P096,Doreen Mugwika,Z003,Ngong,"P.O.Box 74240-00200,",Karen,,Back Order Allowed,finance.controller@karenhospital.org,Open Item,,P051155956H,MONTHLY,
False,CUST100473,Karen Technical Training Institute For The Deaf,KPEDU,KE,,KES,30D,Active,24779,Kim-Fay Professional,,Nairobi West,,KPBASE,KP Base price,,3B,Karen,1.00,P504,Diana Wendy,Z003,Ngong,P.O.BOX 24785-00603,"Karen Road Off Ngong Road,",,Back Order Allowed,,Open Item,,P051094101J,MONTHLY,
False,CUST100474,Karnel (EA) Limited,KPDIST,KE,,KES,30D,Active,24905,Kim-Fay Professional,,Zanzibar,,KPBASE,KP Base price,,14B,Zanzibar,1.00,P022,Lucy Rimberia,Z014,Exports,P. O. Box 2775,Fuoni,,Back Order Allowed,karnelgroup@yahoo.com,Open Item,,Z0000009728,DAILY,
False,CUST100475,Karura Community Chapel,KPRELGS,KE,,KES,30D,Active,24827,Kim-Fay Professional,,Nairobi West,,KPBASE,KP Base price,,1N,Ruaka,1.00,C967,Berna Piwang,Z001,Westlands,P.O Box 663-0621,Limuru Road,,Back Order Allowed,info@karuracc.or.ke,Open Item,,P051192124L,MONTHLY,
False,CUST100478,Kaste Investments Ltd,KPSERVICE,KE,,KES,30D,Inactive,25288,Kim-Fay Professional,,Nairobi East,,KPBASE,KP Base price,,5C,Embakasi,4.00,YVON,Yvonne Achieng,Z005,Mombasa Road,KNH,Utawala Bypass,,Back Order Allowed,kasteinv@gmail.com,Open Item,,P051362421P,MONTHLY,
False,CUST100479,Kates Bakers,KPREST,KE,,KES,30D,Active,24800,Kim-Fay Professional,,Nairobi West,,KPBASE,KP Base price,,3M,Kilimani,1.00,C967,Berna Piwang,Z003,Ngong,P.O.BOX 12542-00100,Rose Of Sharon Ac. Kabarnet Road,,Back Order Allowed,admin@katesbakers.co.ke,Open Item,,A002716213M,MONTHLY,
False,CUST100480,Kazana Cleaning And Maintenance Services Ltd,KPCCLNRS,KE,,KES,30D,Active,25227,Kim-Fay Professional,,Nairobi East,,KPBASE,KP Base price,,13A,Kakuma,2.00,P104,Irene Luketelo,Z013,North Eastern,,Kazana Offices Kakuma Camp,,Back Order Allowed,kazanacleaningmscoltd@gmail.com,Open Item,,P051856983F,MONTHLY,
False,CUST100481,KCB Bank Kenya Limited,KPBANK,KE,,KES,30DS,Active,25128,Kim-Fay Professional,,Nairobi Central,,KCBBANKKEN,KCB Bank Kenya Ltd,,2A,CBD,"2,600,000.00",P104,Irene Luketelo,Z002,CBD,P.O.BOX 48400 - 00100,Kcb Kencom House,,Back Order Allowed,swmulei@kcbgroup.com,Open Item,,P051542997U,MONTHLY,
False,CUST100482,KCB Staff Retirement Benefits Scheme C/O NW Realite LTD,KPPMGR,KE,,KES,30DS,Active,25180,Kim-Fay Professional,,Nairobi West,,KCBSTAFFPE,KCB Staff Pension,,3O,Upper Hill,"300,000.00",P104,Irene Luketelo,Z003,Ngong,,Upperhill 8A,,Back Order Allowed,wachira@nwrealite.co.ke,Open Item,,P051571863H,MONTHLY,
False,CUST100483,Kelpa Ltd,KPDIST,KE,,KES,30D,Active,24982,Kim-Fay Professional,,Nairobi East,,KPBASE,KP Base price,,4C,Thika Road,1.00,C967,Berna Piwang,Z004,Thika,69715-00400,"Kiambu Road , Four Ways Junction",,Back Order Allowed,kelpalimited@gmail.com,Open Item,,P051532241U,DAILY,
False,CUST100484,Kenafric Industries Ltd,KPINDUSTRY,KE,,KES,90DS,Active,25171,Kim-Fay Professional,,Nairobi East,,KENAFRICIN,Kenafric Industries Ltd,,4C,Thika Road,"1,800,000.00",P025,Susan Mwathi,Z004,Thika,P.O Box 39257 - 00623,Off Babadogo Road,,Back Order Allowed,cwaihiga@kenafricind.com,Open Item,,P000599737M,MONTHLY,
False,CUST100485,Kenchic Ltd.,KPINDUSTRY,KE,,KES,30DS,Active,2345,Kim-Fay Professional,,Nairobi East,,KENCHICLTD,Kenchic Ltd,,5P,Mombasa Road,"450,000.00",YVON,Yvonne Achieng,Z005,Mombasa Road,P.O.Box 20052,Maguguni Kilimambogo,,Back Order Allowed,Kenchic@swiftkenya.com,Open Item,,P000596926F,MONTHLY,
False,CUST100486,Kencom Sacco Homes C/O Metrolink Property,KPPMGR,KE,,KES,30D,Active,25042,Kim-Fay Professional,,Nairobi West,,KPBASE,KP Base price,,4E,Kiambu,1.00,P504,Diana Wendy,Z004,Thika,P.O.BOX 22061 - 00100,kencom Sacco Homes Runda,,Back Order Allowed,RUNDARIDGEHOMES@GMAIL.COM,Open Item,,P051448127G,MONTHLY,
False,CUST100487,Kenma Homecare Services,KPCCLNRS,KE,,KES,30D,On Hold,24805,Kim-Fay Professional,,Coast,,KPBASE,KP Base price,,12A,Mombasa,"20,000.00",P022,Lucy Rimberia,Z012,Coast,P.O.BOX 9721-00200,"Hermes Home, Palli House Mombasa",,Back Order Allowed,,Open Item,,P051681477M,MONTHLY,
False,CUST100488,Kensalt Ltd,KPINDUSTRY,KE,,KES,CURRENT,Active,23637,Kim-Fay Professional,,Nairobi East,,KPBASE,KP Base price,,5C,Embakasi,2.00,P489,John Kaguai,Z005,Mombasa Road,,Airport North Road,,Back Order Allowed,saiyam.solai@gmail.com,Open Item,,P000619398R,MONTHLY,
False,CUST100489,Kenton College Trust,KPEDU,KE,,KES,30DS,Active,25226,Kim-Fay Professional,,Nairobi West,,KPBASE,KP Base price,,3K,Lavington,"400,000.00",P104,Irene Luketelo,Z001,Westlands,25406-00603,James Gichuru Road,,Back Order Allowed,accountspayable@kenton.ac.ke,Open Item,,P000591697E,MONTHLY,
False,CUST100490,Kenya Airfreight Handling Ltd,KPSERVICE,KE,,KES,30D,Active,24899,Kim-Fay Professional,,Nairobi East,,KPBASE,KP Base price,,5D,JKIA,"100,000.00",P504,Diana Wendy,Z005,Mombasa Road,P.O.BOX 19142-00501,Jkia Kahl Cargo Terminal 1,,Back Order Allowed,finance@triple-fff.com,Open Item,,P000610721E,MONTHLY,
False,CUST100491,Kenya Airways,KPAIRLINE,KE,,KES,60DS,Active,1133,Kim-Fay Professional,,Nairobi East,,KENYAAIRWA,Kenya Airways 1133,,5C,Embakasi,"9,000,000.00",P193,June Chesire,Z005,Mombasa Road,P.O.BOX 19002,"J.K.I.A, Freight Terminal Road",,Back Order Allowed,mildred.maranga@kenya-airways.com,Open Item,,P000609533Z,MONTHLY,
False,CUST100492,Kenya Commercial Bank Ltd,KPSERVICE,KE,,KES,30D,Active,23896,Kim-Fay Professional,,Nairobi West,,KENYACOMME,Kenya Commercial Bank Ltd,,2A,CBD,"300,000.00",P504,Diana Wendy,Z002,CBD,P.O.Box 24030-00502,Kcb Leadership Centre,,Back Order Allowed,leadershipcentre@kcb.co.ke,Open Item,,P051542997U,MONTHLY,
False,CUST100493,Kenya Commercial Bank Ltd - C/O Knight Frank K Ltd,KPPMGR,KE,,KES,60DS,Inactive,23449,Kim-Fay Professional,,Nairobi Central,,KPBASE,KP Base price,,2A,CBD,"200,000.00",P104,Irene Luketelo,Z002,CBD,P O Box 48400-00100,Kencom Building,,Back Order Allowed,info@ke.knightfrank.com,Open Item,,P051542997U,MONTHLY,
False,CUST100494,Kenya Horticultural Exporters,KPAGRI,KE,,KES,30DS,On Hold,2544,Kim-Fay Professional,,Nairobi East,,KPBASE,KP Base price,,5A,Industrial Area,"1,500,000.00",P096,Doreen Mugwika,Z005,Mombasa Road,,,,Back Order Allowed,,Open Item,,,MONTHLY,
False,CUST100495,Kenya Institute Of Curriculum Development,KPGOVT,KE,,KES,30DS,Active,24251,Kim-Fay Professional,,Nairobi East,,KENYAINSTI,Kenya institute of curriculum,,1H,Ngara,"1,000,000.00",P096,Doreen Mugwika,Z001,Westlands,P.O Box 30231 00100,Ngara,,Back Order Allowed,procurement@kicd.ac.ke,Open Item,,P051094120M,MONTHLY,
False,CUST100496,Kenya Institute Of Management,KPEDU,KE,,KES,30D,Active,24679,Kim-Fay Professional,,Nairobi Central,,KPBASE,KP Base price,,2A,CBD,"200,000.00",P504,Diana Wendy,Z002,CBD,P.O Box 43706 - 00100,"2Nd Floor, Luther Plaza",,Back Order Allowed,procurement@kim.ac.ke,Open Item,,P000593820Q,MONTHLY,
False,CUST100497,Kenya Kanga Ltd,KPSERVICE,KE,,KES,30D,Active,24060,Kim-Fay Professional,,Nairobi West,,KPBASE,KP Base price,,3G,Langata,"10,000.00",P504,Diana Wendy,Z003,Ngong,P.O.Box 15243-00509,Langata Link,,Back Order Allowed,kenyakanga@gmail.com,Open Item,,,MONTHLY,
False,CUST100498,Gardaworld Consulting (Kenya) Limited,KPCCLNRS,KE,,KES,60DS,Active,24791,Kim-Fay Professional,,Nairobi West,,KKFACILITI,KK Facilities Management Ltd,,9D,Kisii,0.00,P104,Irene Luketelo,Z012,Coast,Xylon Motors,Westlands School Lane,,Back Order Allowed,alfredtanui@kksecurity.com,Open Item,,,MONTHLY,
False,CUST100499,Kenya Red Cross Society,KPHEALTH,KE,,KES,60DS,Active,3328,Kim-Fay Professional,,Nairobi East,,KPBASE,KP Base price,,5N,South C,1.00,P504,Diana Wendy,Z005,Mombasa Road,,South C  Red Cross Road Off Popo Road,,Back Order Allowed,mwangola.cynthia@redcross.or.ke,Open Item,,P051111931F,MONTHLY,
False,CUST100500,Kenya Vet. Vaccines Production Inst.(Kevevapi),KPHEALTH,KE,,KES,30DS,Active,3739,Kim-Fay Professional,,Nairobi East,,KPBASE,KP Base price,,5A,Industrial Area,"300,000.00",P504,Diana Wendy,Z005,Mombasa Road,P O Box 53260,Enterprise Road,,Back Order Allowed,jael.misoi@kevevapi.org,Open Item,,P051096073G,MONTHLY,
False,CUST100501,Kenya Wine Agencies,KPDIST,KE,,KES,30DS,Active,23980,Kim-Fay Professional,,Nairobi East,,KENYAWINEA,Kenya wine Agencies,,5A,Industrial Area,"600,000.00",YVON,Yvonne Achieng,Z005,Mombasa Road,P.O.Box 40550-00100,Industrial Area,,Back Order Allowed,info@kwal.co.ke,Open Item,,P051131217Z,MONTHLY,
False,CUST100502,Kenya Women Finance Trust,KPBANK,KE,,KES,60DS,Active,3725,Kim-Fay Professional,,Nairobi West,CUST102312,KENYAWOMEN,Kenya Women Finance Trust 3725,Christine Cheptoo,3C,Ngong Road,0.00,P505,Shirleen Chebet,Z003,Ngong,P O Box 55919 00200,Upperhill Kiambere Drive,,Back Order Allowed,mmugure@kwftbank.com,Open Item,,P051228214T,MONTHLY,
False,CUST100505,Kianda School(Catering Division),KPEDU,KE,,KES,30DS,Active,2409,Kim-Fay Professional,,Nairobi West,,KPBASE,KP Base price,,1D,Westlands,"180,000.00",P504,Diana Wendy,Z001,Westlands,,"Parklands/Highridge, Kabarsiran Avenue",,Back Order Allowed,accounts@kiandaschool.ac.ke,Open Item,,P000607022N,MONTHLY,
False,CUST100510,Kihingo Village(Waridi Gardens) Management Ltd,KPPMGR,KE,,KES,30DS,Inactive,23423,Kim-Fay Professional,,Nairobi West,,KPBASE,KP Base price,,1C,Lower Kabete,"200,000.00",P504,Diana Wendy,Z001,Westlands,P O Box 1706 00621,Kitisuru Kiambu County,,Back Order Allowed,residentservices@kihingovillage.com,Open Item,,,MONTHLY,
False,CUST100512,Kilimani Greengrocers & Sundries Ltd,KPDIST,KE,,KES,30DS,Active,1165,Kim-Fay Professional,,Nairobi East,,KPDISTRIB,KP Distributors,,4C,Thika Road,"400,000.00",P504,Diana Wendy,Z004,Thika,P O Box 76212-00508,Off Thika Road,,Back Order Allowed,sales@kilimanigreengrocers.co.ke,Open Item,,P000614975E,MONTHLY,
False,CUST100515,Kipeto Energy Plc,KPSERVICE,KE,,KES,30D,Active,25091,Kim-Fay Professional,,Nairobi West,,KIPETOENER,Kipeto Energy PLC,,1C,Lower Kabete,1.00,YVON,Yvonne Achieng,Z001,Westlands,,2Nd Floor Pavillion Lower kabete,,Back Order Allowed,info@kipetoenergy.co.ke,Open Item,,P051350176Y,MONTHLY,
False,CUST100516,Kirec Limited,KPHEALTH,KE,,KES,60DS,Active,24811,Kim-Fay Professional,,Nairobi West,,KPBASE,KP Base price,,3B,Karen,"750,000.00",P504,Diana Wendy,Z003,Ngong,P.O.BOX 66397-00800,"Langata Road, Karen",,Back Order Allowed,kirecpharmaceuticals@gmail.com,Open Item,,P051151595X,MONTHLY,
False,CUST100517,Kirsek Investments Ltd,KPPMGR,KE,,KES,30DS,Active,24039,Kim-Fay Professional,,Nairobi West,,KIRSEKINVE,Kirsek Investments,,3F,Ongata Rongai,"200,000.00",YVON,Yvonne Achieng,Z003,Ngong,P O Box 78780 00507,Maasai Mall,,Back Order Allowed,info@maasaimall.co.ke,Open Item,,P051152075T,MONTHLY,
False,CUST100518,Kiwam Investment Ltd,KPHEALTH,KE,,KES,30DS,Active,24521,Kim-Fay Professional,,Nairobi East,,KIWAMINVES,Kiwam investment ltd,,5P,Mombasa Road,"1,500,000.00",C967,Berna Piwang,Z005,Mombasa Road,P.O Box 184 - 00515,Villa Franca Shopping Centre- Cosmas Ndeti Road.,,Back Order Allowed,simon.gakere@equityafia.co.ke,Open Item,,P051606843L,MONTHLY,
False,CUST100519,Kleansley Hygiene Plus Ltd,KPCCLNRS,KE,,KES,60DS,Active,23329,Kim-Fay Professional,,Nairobi West,,KPBASE,KP Base price,,1D,Westlands,"1,000,000.00",P505,Shirleen Chebet,Z001,Westlands,P O Box 28131 00200,Jimkan House 3Rd Floor,,Back Order Allowed,gocho@kleansley.co.ke,Open Item,,P051151061I,MONTHLY,
False,CUST100520,Knight Frank Kenya Ltd,KPPMGR,KE,,KES,60DS,Active,23693,Kim-Fay Professional,,Nairobi West,,KNIGHTFRAN,Knight Frank Services Ltd 3682,,1D,Westlands,"400,000.00",P104,Irene Luketelo,Z001,Westlands,P.O.Box 39773-00623,"Lion Place, Waiyaki Way",,Back Order Allowed,maureen.atelo@ke.knightfrank.com,Open Item,,P000612733M,MONTHLY,
False,CUST100521,Kodcom Technologies,KPSERVICE,KE,,KES,30D,Active,25129,Kim-Fay Professional,,West Nyanza,,KPBASE,KP Base price,,7F,Kisumu,1.00,P504,Diana Wendy,Z007,Western A,40576-80100,Nkurumah Road,,Back Order Allowed,kodtechno@gmail.com,Open Item,,A005524769G,MONTHLY,
False,CUST100522,Koko Networks Limited,KPINDUSTRY,KE,,KES,30D,Active,25225,Kim-Fay Professional,,Nairobi East,,,,,4C,Thika Road,3.00,P193,June Chesire,Z004,Thika,888-00606,"Prabhaki Industral Park,Baba dogo",,Back Order Allowed,n.kessio@kokonetworks.com,Open Item,,P051557406H,MONTHLY,
False,CUST100523,Kompetens Enterprise,KPDIST,KE,,KES,30D,Active,25034,Kim-Fay Professional,,Nairobi East,,KPBASE,KP Base price,,5G,Buru buru,1.00,P193,June Chesire,Z005,Mombasa Road,P. O. BOX 60466 - 00200,Buru Buru Business Complex,,Back Order Allowed,KOMPETENSJ@GMAIL.COM,Open Item,,A002732110A,MONTHLY,
False,CUST100524,Krystal Asali Ltd,KPREST,KE,,KES,30D,Active,24934,Kim-Fay Professional,,Nairobi West,,KRYSTALASA,Krystal Asali ltd,,1B,Waiyaki Way,"100,000.00",P504,Diana Wendy,Z001,Westlands,23250-00600,"Loresho Ridge , Next To Cavs Gate",,Back Order Allowed,info@shambacafe.co.ke,Open Item,,P051668627T,MONTHLY,
False,CUST100525,Krystal Investments Ltd C/O Knight Frank Ltd,KPPMGR,KE,Westlands,KES,60DS,On Hold,24915,Kim-Fay Professional,,Nairobi West,,KPBASE,KP Base price,,1D,Westlands,"200,000.00",P104,Irene Luketelo,Z001,Westlands,P.O.BOX 42027-00100,Promanade house,,Back Order Allowed,sylvia@dunhillconsulting.com,Open Item,,P051453722W,MONTHLY,
False,CUST100526,Kuku Foods (K) Ltd - KFC,KPREST,KE,,KES,45DS,Inactive,23541,Kim-Fay Professional,,Nairobi West,,KPBASE,KP Base price,,3C,Ngong Road,"500,000.00",P193,June Chesire,Z003,Ngong,,Kfc Junction Mall,,Back Order Allowed,ruth.wangui@kfk.co.ke,Open Item,,P051347778V,MONTHLY,
False,CUST100527,Kul Graphics Limited,KPDIST,KE,,KES,30DS,On Hold,24773,Kim-Fay Professional,,Nairobi East,,KPBASE,KP Base price,,5P,Mombasa Road,"600,000.00",P104,Irene Luketelo,Z005,Mombasa Road,P.O.BOX 18095-00500,"Maasai Road, Off Mombasa Road",,Back Order Allowed,sales@kulgraphics.co.ke,Open Item,,P000610921G,MONTHLY,
False,CUST100528,Kulungu Ltd C/O Knight Frank Kenya Ltd,KPPMGR,KE,,KES,30D,On Hold,25188,Kim-Fay Professional,,Nairobi West,,KPBASE,KP Base price,,1F,Parklands,"100,000.00",P104,Irene Luketelo,Z001,Westlands,,"Rosslyn Lane Tree,Off limuru rd",,Back Order Allowed,joy.kanana@ke.knightfrank.com,Open Item,,P051207437B,MONTHLY,
False,CUST100530,La Pieve Ltd,KPHOTEL,KE,,KES,60DS,Active,3751,Kim-Fay Professional,,Nairobi East,,LAPIEVELTD,La pieve Ltd,,7A,Naivasha,"1,000,000.00",P504,Diana Wendy,Z007,Western A,P O Box 209 20117,Naivasha,,Back Order Allowed,justus.oguta@lapieveltd.com,Open Item,,P000593804Q,MONTHLY,
False,CUST100531,La Salle Catholic Primary School,KPEDU,KE,,KES,30D,Active,24479,Kim-Fay Professional,,Nairobi West,,LASALLECAT,La Salle Catholic Primary Sch,,3B,Karen,"700,000.00",YVON,Yvonne Achieng,Z003,Ngong,P O Box 24083 00502,Academy Road,,Back Order Allowed,info@lasallecatholicprimary.org,Open Item,,P051098127D,MONTHLY,
False,CUST100533,Lake Parm General Agencies,KPSERVICE,KE,,KES,30D,Active,25031,Kim-Fay Professional,,Nairobi West,,LAKEPARMGE,Lake parm General Agencies,,4C,Thika Road,0.00,C967,Berna Piwang,Z004,Thika,207-20117,Thika Road,,Back Order Allowed,alicekybe@gmail.com,Open Item,,a009751648a,MONTHLY,
False,CUST100534,Lake Victoria Basin Commission,KPGOVT,KE,,KES,30DS,Active,3692,Kim-Fay Professional,,West Nyanza,,KPBASE,KP Base price,,7F,Kisumu,"100,000.00",YVON,Yvonne Achieng,Z007,Western A,"P.O. Box 1510-40100,","Huduma Centre, Use The Behind Gate",,Back Order Allowed,munabi@lvbcom.org,Open Item,,P051203990D,MONTHLY,
False,CUST100535,Lakhani General Suppliers Limited,KPDIST,KE,,KES,90DS,Active,1058,Kim-Fay Professional,,Coast,,LAKHANIGEN,Lakhani General Supplies,,12A,Mombasa,"10,000,000.00",P022,Lucy Rimberia,Z012,Coast,P.O.BOX 99172,Mombasa,,Back Order Allowed,sales@lgs.co.ke,Open Item,,P051676640N,MONTHLY,
False,CUST100536,Landmark Plaza (2004) Ltd C/O Knight Frank,KPPMGR,KE,,KES,60DS,Active,25174,Kim-Fay Professional,,Nairobi West,,KNIGHTFRAN,Knight Frank Services Ltd 3682,,3L,Hurlingham,"1,000,000.00",P104,Irene Luketelo,Z003,Ngong,P.O.BOX 39773 - 00623,Landmark Plaza,,Back Order Allowed,rose.njoroge@ke.knightfrank.com,Open Item,,P051165297K,MONTHLY,
False,CUST100537,Landsdown Centre Ltd,KPPMGR,KE,,KES,30D,Active,24877,Kim-Fay Professional,,Nairobi West,,KPBASE,KP Base price,,3B,Karen,1.00,P504,Diana Wendy,Z003,Ngong,P.O.BOX 24673-00502,"Karen Close Road, Off Ngong Road",,Back Order Allowed,manager@karenlandmark.com,Open Item,,P051417036B,DAILY,
False,CUST100538,Langata Botanical Garden,KPREST,KE,,KES,30D,Active,24023,Kim-Fay Professional,,Nairobi West,,KPBASE,KP Base price,,3B,Karen,"40,000.00",P504,Diana Wendy,Z003,Ngong,P.O.Box 24042-00502,Langata South Road,,Back Order Allowed,info@langatabotanical.com,Open Item,,,MONTHLY,
False,CUST100539,Langata Hotel Development Ltd,KPHOTEL,KE,,KES,60DS,Active,24661,Kim-Fay Professional,,Nairobi West,,TML THECAR,TML /THE CARNIVORE,,3G,Langata,"900,000.00",P193,June Chesire,Z003,Ngong,P O Box 48854 00100,Tamarind Tree Hotel,,Back Order Allowed,purchasing.tth@tamarind.co.ke,Open Item,,P051506100R,MONTHLY,
False,CUST100540,Langata Link Limited,KPPMGR,KE,,KES,30DS,Active,23991,Kim-Fay Professional,,Nairobi West,,LANGATALIN,Langata link limited,,3G,Langata,"100,000.00",P504,Diana Wendy,Z003,Ngong,P.O.Box 15097-00509,"Property Link, Langata South Road",,Back Order Allowed,info@langatalink.com,Open Item,,P000642188A,MONTHLY,
False,CUST100541,Langata Links Shop,KPSERVICE,KE,,KES,30D,Active,24629,Kim-Fay Professional,,Nairobi West,,KPBASE,KP Base price,,3G,Langata,"40,000.00",P504,Diana Wendy,Z003,Ngong,P.O Box 15342 - 00509,Langata Link,,Back Order Allowed,info@langatalinkshop.com,Open Item,,P051587394B,MONTHLY,
False,CUST100542,Lanmax Solutions Limited,KPCCLNRS,KE,,KES,30D,Active,24816,Kim-Fay Professional,,Nairobi Central,,KPBASE,KP Base price,,2A,CBD,2.00,P104,Irene Luketelo,Z002,CBD,P.O.BOX 85979 - 00200,"Mithoo House, Moi Avenue, Nairobi",,Back Order Allowed,info@lanmaxsolutions.com,Open Item,,P051721248Z,MONTHLY,
False,CUST100543,Lasap Kenya Ltd,KPSERVICE,KE,,KES,30D,Active,25138,Kim-Fay Professional,,Nairobi East,,KPBASE,KP Base price,,5C,Embakasi,2.00,P505,Shirleen Chebet,Z005,Mombasa Road,Perazim centre next to Ventrix and pace hardware.,Alpha stage/Junction,,Back Order Allowed,info@lesapkenya.com,Open Item,,P051163469C,MONTHLY,
False,CUST100544,Lavington Complex Ltd C/O Kiragu And Mwangi Ltd,KPPMGR,KE,,KES,30D,Active,24742,Kim-Fay Professional,,Nairobi West,,KIRAGUANDM,Kiragu and Mwangi Ltd,,3K,Lavington,4.00,P104,Irene Luketelo,Z003,Ngong,P.O Box 10169 - 00100,Lavington Mall,,Back Order Allowed,joel.simiyu@kiraguandmwangi.co.ke,Open Item,,P051347187Q,MONTHLY,
False,CUST100545,Lavington Hotel Ltd,KPHOTEL,KE,Saturday 7:00AM - 10:00 AM,KES,30DS,Active,25033,Kim-Fay Professional,,Nairobi West,,LAVINGTONH,Lavington Hotel Ltd,,3K,Lavington,"600,000.00",YVON,Yvonne Achieng,Z003,Ngong,154 James Gichuru Road,Monday - Friday 6:00 AM - 10:00 AM,,Back Order Allowed,jgicheru@thesocialhouse.ke,Open Item,,P051475486T,MONTHLY,
False,CUST100548,Leisure Park Development Ltd T/A Of Radisson Blu,KPHOTEL,KE,,KES,45DS,Active,24935,Kim-Fay Professional,,Nairobi West,,LEISUREPAR,Leisure park development ltd,,3N,Milimani,"300,000.00",P096,Doreen Mugwika,Z003,Ngong,46599-00100,"State House Road, Milimani",,Back Order Allowed,jared.warria@radissonblu.com,Open Item,,P051210970U,MONTHLY,
False,CUST100549,Lelaran Shepherds Hospital Ltd,KPHEALTH,KE,,KES,30D,Active,24978,Kim-Fay Professional,,Nairobi East,,KPBASE,KP Base price,,5B,Pipeline,1.00,P504,Diana Wendy,Z005,Mombasa Road,2255-20200,Pipeline,,Back Order Allowed,,Open Item,,P051788639B,DAILY,
False,CUST100550,Lenana Suites Ltd,KPHOTEL,KE,,KES,30D,Active,23922,Kim-Fay Professional,,Nairobi West,,LENANASUIT,Lenana Suites Ltd,,3L,Hurlingham,"50,000.00",P505,Shirleen Chebet,Z003,Ngong,P.O.Box 50260-00100,"Lenana Road, After Onsikiri",,Back Order Allowed,info@lenanasuites.com,Open Item,,P051354265E,MONTHLY,
False,CUST100551,Leo Investments Ltd,KPSERVICE,KE,,KES,60DS,Active,23420,Kim-Fay Professional,,Nairobi West,,KPBASE,KP Base price,,1F,Parklands,"300,000.00",P025,Susan Mwathi,Z001,Westlands,P O Box 49434-00100,Diamond Plaza Highride,,Back Order Allowed,,Open Item,,,MONTHLY,
False,CUST100552,Leomac Traders (K) Limited,KPDIST,KE,,KES,30D,Active,25073,Kim-Fay Professional,,Nairobi West,,KPDISTRIB,KP Distributors,,4C,Thika Road,1.00,P504,Diana Wendy,Z004,Thika,14273 - 00100,TRM Lane,,Back Order Allowed,leomactraders@yahoo.com; info@leomacltd.co.ke,Open Item,,P051174053T,MONTHLY,
False,CUST100553,Leopard Beach Hotel,KPHOTEL,KE,,KES,CURRENT,Active,3610,Kim-Fay Professional,,Coast,,KPBASE,KP Base price,,12B,Diani,1.00,P022,Lucy Rimberia,Z012,Coast,P O Box,Diani,,Back Order Allowed,,Open Item,,P051139262E,MONTHLY,
False,CUST100554,Leshaff Enterprises,KPDIST,KE,,KES,60DS,Inactive,3343,Kim-Fay Professional,,Nairobi West,,KPBASE,KP Base price,,5A,Industrial Area,"100,000.00",P183,Mercy Irungu,Z005,Mombasa Road,,,,Back Order Allowed,,Open Item,,,MONTHLY,
False,CUST100555,Lets Go Travel Ltd,KPSERVICE,KE,,KES,30D,Inactive,3782,Kim-Fay Professional,,Nairobi West,,KPBASE,KP Base price,,1D,Westlands,"60,000.00",P504,Diana Wendy,Z001,Westlands,P O Bo 60342 00200,,,Back Order Allowed,,Open Item,,,MONTHLY,
False,CUST100556,Liberty Life Assurance (K) Ltd,KPBANK,KE,,KES,60DS,Active,24950,Kim-Fay Professional,,Nairobi West,,,,,2A,CBD,"300,000.00",C967,Berna Piwang,Z002,CBD,Liberty House Opposite Serena Hotel,,,Back Order Allowed,pantalion.wamulya@libertylife.co.ke,Open Item,,P000593916S,MONTHLY,
False,CUST100557,Liga Holdings Ltd,KPCCLNRS,KE,,KES,30D,Active,25154,Kim-Fay Professional,,Nairobi West,,LIGAHOLDIN,Liga Holdings Ltd,,9G,Migori,306.00,P193,June Chesire,Z012,Coast,Tourism Fund upperhill,South C,,Back Order Allowed,ligaholdings@gmail.com,Open Item,,P051442166B,MONTHLY,
False,CUST100558,Lilac Healthcare Ltd (Equity Afia),KPHEALTH,KE,,KES,15DS,Active,24522,Kim-Fay Professional,,Nairobi East,,LILACHEALT,Lilac Health care(Equity Afia),,4B,Kahawa,"750,000.00",P504,Diana Wendy,Z004,Thika,P.O. Box 2427 - 00200,Thika Town,,Back Order Allowed,moreen.mark11@gmail.com,Open Item,,P051602410L,MONTHLY,
False,CUST100559,Limah East Africa Ltd,KPCCLNRS,KE,,KES,30DS,Active,24944,Kim-Fay Professional,,Nairobi East,,KPBASE,KP Base price,,5H,Umoja,"300,000.00",P193,June Chesire,Z005,Mombasa Road,36075-00200,"Sosiani Estate, Plot No Lr 154/104,",,Back Order Allowed,info@limaheastafrica.co.ke,Open Item,,P051449944R,MONTHLY,
False,CUST100560,Limuru Country Club,KPSERVICE,KE,,KES,30D,Active,24303,Kim-Fay Professional,,Nairobi West,,LIMURUCOUN,Limuru Country Club,,1I,Limuru,"100,000.00",C1262,Mercyline Kemunto,Z001,Westlands,P.O. Box 10 - 00217,Kabuku-Tigoni Road,,Back Order Allowed,info@limurucountryclub.co.ke,Open Item,,P000622829S,MONTHLY,
False,CUST100561,Lindsay Agencies Ltd,KPDIST,KE,,KES,30D,Active,24968,Kim-Fay Professional,,Nairobi West,,KPBASE,KP Base price,,CTC,Client to Collect,1.00,P504,Diana Wendy,Z015,Self Collection,,For Collection,,Back Order Allowed,,Open Item,,P051598308,DAILY,
False,CUST100562,Linics Enterprises,KPCCLNRS,KE,,KES,30DS,Inactive,23838,Kim-Fay Professional,,Nairobi East,,LINICSENTE,Linics Enterprises,,5T,Utawala,"500,000.00",P193,June Chesire,Z005,Mombasa Road,Jireh House 1st Floor,Along Bypass road ( Utawala ) opp the new Shell,,Back Order Allowed,linic21@gmail.com,Open Item,,P051356000P,MONTHLY,
False,CUST100563,Liverpool Vct & Care Kenya,KPNGO,KE,,KES,60DS,Active,3668,Kim-Fay Professional,,Nairobi West,,LIVERPOOLV,Liverpool VCT & Care Kenya,,7F,Kisumu,"6,000,000.00",C1262,Mercyline Kemunto,Z007,Western A,Sonnings Suite Suna Road off Ngong Rd opp. Shell,"Tivoli Centre,2Nd Floor",,Back Order Allowed,Kenneth.mulewa@lvcthealth.org,Open Item,,P051147281E,MONTHLY,
False,CUST100564,Lizsol Company Ltd,KPCCLNRS,KE,,KES,30D,On Hold,24862,Kim-Fay Professional,,Nairobi East,,KPBASE,KP Base price,,1H,Ngara,1.00,P025,Susan Mwathi,Z001,Westlands,P.O Box 1868 - 00100,Worldwide Printing Centre,,Back Order Allowed,sales@lizsol.co.ke,Open Item,,P051173173W,MONTHLY,
False,CUST100565,Logitech Services Limited,KPINDUSTRY,KE,,KES,30D,Active,25262,Kim-Fay Professional,,Coast,,LOGITECSER,Logitec  Services Ltd,,12A,Mombasa,2.00,P022,Lucy Rimberia,Z012,Coast,P.O.BOX 97950,Mombasa Tononoka,,Back Order Allowed,logitech.services@yahoo.com,Open Item,,P051370609S,MONTHLY,
False,CUST100566,London Distillers (East Africa) Ltd,KPINDUSTRY,KE,,KES,30DS,Active,25272,Kim-Fay Professional,,Nairobi East,,LONDONDIST,London Distillers K ltd,,5A,Industrial Area,"200,000.00",P504,Diana Wendy,Z005,Mombasa Road,57387-00200,Industrial Area,,Back Order Allowed,quotes@londondistillers.com,Open Item,,P051566302B,MONTHLY,
False,CUST100567,London Distillers (K) Ltd,KPINDUSTRY,KE,,KES,30DS,Active,25205,Kim-Fay Professional,,Nairobi East,,KPBASE,KP Base price,,5A,Industrial Area,"150,000.00",P504,Diana Wendy,Z005,Mombasa Road,,Dunga Road,,Back Order Allowed,quotes@londondistillers.com,Open Item,,P051100858R,MONTHLY,
False,CUST100568,Longhorn Kenya Ltd,KPINDUSTRY,KE,,KES,30DS,Active,23479,Kim-Fay Professional,,Nairobi East,,LONGHORNKE,Longhorn Kenya Ltd,,5A,Industrial Area,"200,000.00",YVON,Yvonne Achieng,Z005,Mombasa Road,P O Box 18033 00500,Funzi Rd Enterprises Rd,,Back Order Allowed,knjoki@longhornpublishers.com,Open Item,,P000593793I,MONTHLY,
False,CUST100569,LSG Sky Chefs Kenya Ltd,KPREST,KE,,KES,30DS,Active,24882,Kim-Fay Professional,,Nairobi East,,LSGSKYCHEF,LSG Sky chefs kenya ltd,,5D,JKIA,"900,000.00",C967,Berna Piwang,Z005,Mombasa Road,P. O. Box 19166 - 00501,Jkia - Opposite Terminal 2,,Back Order Allowed,eglah.maina@lsgskychefs.com,Open Item,,P051441257W,MONTHLY,
False,CUST100570,Lufthansa German Airlines,KPAIRLINE,KE,,KES,30D,Active,23304,Kim-Fay Professional,,Nairobi West,,KPBASE,KP Base price,,1F,Parklands,"30,000.00",P504,Diana Wendy,Z001,Westlands,P O Box 30320 - 00100,Swiss International Airlines,,Back Order Allowed,reservations.nairobi@swiss.com,Open Item,,P000592105I,MONTHLY,
False,CUST100571,Lukenya Getaway Limited,KPHOTEL,KE,,KES,60DS,Active,3703,Kim-Fay Professional,,Eastern,,LUKENYAGAT,Lukenya Gateaway Limited 3703,,5Q,Athi River,"1,050,000.00",P104,Irene Luketelo,Z005,Mombasa Road,P O Box 19936 00202,"Lukenya,",,Back Order Allowed,finance@lukenyagetaway.com,Open Item,,P051159348H,MONTHLY,
False,CUST100572,Lupat Cleaning Services Ltd,KPCCLNRS,KE,,KES,60DS,Active,23473,Kim-Fay Professional,,Nairobi Central,,LUPATCLEAN,Lupat Cleaning Services,,8A,Eldoret,"126,000,000.00",P193,June Chesire,Z010,Eastern,College House 3rd Floor,NCBA Eldoret,,Back Order Allowed,lucymutie@lupatservices.co.ke,Open Item,,P051173361U,MONTHLY,
False,CUST100573,Lynwood Court Ltd C/O Knight Frank,KPPMGR,KE,,KES,60DS,Active,24883,Kim-Fay Professional,,Nairobi West,,KPBASE,KP Base price,,1B,Waiyaki Way,"600,000.00",P104,Irene Luketelo,Z001,Westlands,P. O. Box 150 - 20116,Knight Frank,,Back Order Allowed,info@knightfrank.com,Open Item,,P051237351D,MONTHLY,
False,CUST100574,M Pesafoundation Academy,KPEDU,KE,,KES,30DS,Active,24444,Kim-Fay Professional,,Nairobi East,,KPBASE,KP Base price,,4A,Thika Town,"750,000.00",P505,Shirleen Chebet,Z004,Thika,P O Box 7954 00100,Mangu Road,,Back Order Allowed,info@mpesafoundationacademy.ac.ke,Open Item,,P051576110X,MONTHLY,
False,CUST100575,Maanzoni Lodge Ltd,KPHOTEL,KE,,KES,30DS,Active,24172,Kim-Fay Professional,,Eastern,,MAANZONILO,Maanzoni Lodge Ltd (24172),,10A,Machakos,0.00,P193,June Chesire,Z010,Eastern,P.O Box 611-00204,Off Mombasa Road Before Machakos,,Back Order Allowed,sawa@maanzonilodge.co.ke,Open Item,,P051318714Z,MONTHLY,
False,CUST100576,Macushla House,KPHOTEL,KE,,KES,30D,Inactive,3451,Kim-Fay Professional,,Nairobi West,,KPBASE,KP Base price,,3B,Karen,1.00,C967,Berna Piwang,Z003,Ngong,"P.O.Box 42510,",Langata South Road,,Back Order Allowed,,Open Item,,,MONTHLY,
False,CUST100577,Mada Holdings Limited.,KPHOTEL,KE,,KES,60DS,Active,3511,Kim-Fay Professional,,Nairobi East,,MADAHOLDIN,Mada Holdings Limited,,5N,South C,"1,000,000.00",C967,Berna Piwang,Z005,Mombasa Road,"P.O.Box 40683-00100,",Opposite Boma Hotel South C,,Back Order Allowed,purchasing@madahotels.com,Open Item,,P000596330V,MONTHLY,
False,CUST100579,Madison Insurance Company Kenya Ltd,KPSERVICE,KE,,KES,30D,Inactive,24760,Kim-Fay Professional,,Nairobi West,,KPBASE,KP Base price,,3O,Upper Hill,1.00,YVON,Yvonne Achieng,Z003,Ngong,P.O Box 47382 - 00100,Madison Insurance House,,Back Order Allowed,madison@madison.co.ke,Open Item,,P000609344A,MONTHLY,
False,CUST100580,Magaki Cleaning Services,KPCCLNRS,KE,,KES,30DS,Active,24215,Kim-Fay Professional,,Nairobi Central,,KPBASE,KP Base price,,2A,CBD,"100,000.00",P096,Doreen Mugwika,Z002,CBD,P.O. Box 56719 - 00200,Mokhtar Dadah Street,,Back Order Allowed,magakievans@yahoo.com,Open Item,,A002639051B,MONTHLY,
False,CUST100581,Magic Slots Ltd,KPHOTEL,KE,,KES,30DS,Active,23755,Kim-Fay Professional,,Nairobi West,,MAGICSLOTS,Magic slots,,1D,Westlands,"1,250,000.00",P504,Diana Wendy,Z001,Westlands,,Fortis Tower Past Mpaka House,,Back Order Allowed,purchasing@casino-flamingo.co.ke,Open Item,,P051126209Q,MONTHLY,
False,CUST100583,Maisha Bora Cooperative Savings And Credit Society,KPSERVICE,KE,,KES,30D,Active,24837,Kim-Fay Professional,,Nairobi East,,MAISHABORA,Maisha Bora Co-operative savin,,5G,Buru buru,"2,400,000.00",P505,Shirleen Chebet,Z005,Mombasa Road,P.O.BOX 72713-00200,"Pamstech House Woodvale Grove, Nairobi Kenya",,Back Order Allowed,info@maishaborasacco.com,Open Item,,P000608149B,MONTHLY,
False,CUST100585,Majid Restaurant Ltd,KPREST,KE,,KES,30D,Active,24775,Kim-Fay Professional,,Nairobi Central,,KPBASE,KP Base price,,2A,CBD,1.00,P504,Diana Wendy,Z002,CBD,P.O.BOX 1978-20100,"Indersingh Building, Kenyatta Avenue",,Back Order Allowed,matconak@gmail.com,Open Item,,P051650902U,MONTHLY,
False,CUST100586,Makindu Growers & Packers Ltd,KPAGRI,KE,,KES,CURRENT,Active,24802,Kim-Fay Professional,,Nairobi East,,KPBASE,KP Base price,,5D,JKIA,2.00,C967,Berna Piwang,Z005,Mombasa Road,P.O.BOX 45308-00100,"2Nd Freight Avenue, Jkia,",,Back Order Allowed,info@makindugrowers.co.ke,Open Item,,P000600752M,MONTHLY,
False,CUST100587,Makutano Grill,KPREST,KE,,KES,30DS,Active,3722,Kim-Fay Professional,,Nairobi West,,KPBASE,KP Base price,,3B,Karen,"60,000.00",P504,Diana Wendy,Z003,Ngong,P O Box 237 00502,Bogani East Rd,,Back Order Allowed,fleamhillres@iconnect.co.ke,Open Item,,,MONTHLY,
False,CUST100588,Malachite Limited,KPINDUSTRY,KE,,KES,30D,Active,25150,Kim-Fay Professional,,Nairobi West,,MALACHITEL,Malachite ltd,,1D,Westlands,1.00,P504,Diana Wendy,Z001,Westlands,P.O.BOX 40 - 20147,48 Riverside Drive,,Back Order Allowed,accounts@mayers.co.ke,Open Item,,P051472068F,MONTHLY,
False,CUST100589,Malindi Rooster Ltd,KPHOTEL,KE,,KES,60DS,Inactive,3762,Kim-Fay Professional,,Nairobi West,,MALINDIROO,Malindi Rooster Ltd 3762,,1D,Westlands,"500,000.00",YVON,Yvonne Achieng,Z001,Westlands,P O Box 39080 00623,9West Westlands Opposite Curio Shops,,Back Order Allowed,logistics@mediterraneorestaurant.co.ke,Open Item,,,MONTHLY,
False,CUST100590,Mambogani Ltd,KPREST,KE,,KES,30D,Inactive,23635,Kim-Fay Professional,,Nairobi West,,KPBASE,KP Base price,,3B,Karen,"100,000.00",C967,Berna Piwang,Z003,Ngong,P.O BOX 10296 - 00400,"Mambo Italia Restaurant,",,Back Order Allowed,bernardm@mambo-italia.com,Open Item,,P051323055V,MONTHLY,
False,CUST100591,Manchiez Grill Restaurant,KPREST,KE,,KES,30D,Active,25278,Kim-Fay Professional,,Nairobi Central,,MANCHIEZGR,Manchiez Grill Restaurant,,2A,CBD,2.00,P096,Doreen Mugwika,Z002,CBD,P.O.BOX 48183,Commerce House - Ground Floor Next to kenya Cinema,,Back Order Allowed,manchiezgrillltd@gmail.com,Open Item,,P051723354H,MONTHLY,
False,CUST100592,Mara Epz Ltd,KPEPZ,KE,,KES,30DS,On Hold,23961,Kim-Fay Professional,,Nairobi East,,KPBASE,KP Base price,,5A,Industrial Area,"300,000.00",LITIGATION,Litigation Accounts,Z005,Mombasa Road,P.O.Box 1099-00502,Sameer Industrial Park Office Unit 4,,Back Order Allowed,,Open Item,,P051435206V,MONTHLY,
False,CUST100593,Mara Ngenche Safari Camp Limited,KPHOTEL,KE,,KES,30D,Active,24757,Kim-Fay Professional,,Nairobi West,CUST100087,ATUAENKOPA,Atua Enkop Africa,Mercy Nyagano,1D,Westlands,"200,000.00",P504,Diana Wendy,Z001,Westlands,166 Shanzu Road Spring Valley,Lower Kabete,,Back Order Allowed,accounts2@atua-enkop.com,Open Item,,P051328188R,MONTHLY,
False,CUST100594,Mariakani Cottage Hospital,KPHEALTH,KE,,KES,30DS,Active,3685,Kim-Fay Professional,,Nairobi East,,KPBASE,KP Base price,,5O,South B,"200,000.00",P504,Diana Wendy,Z005,Mombasa Road,P O Box 12535 00400,South B Shopping Centre,,Back Order Allowed,procurement@mchkenya.org,Open Item,,P051134703K,MONTHLY,
False,CUST100595,Mariakani Villa,KPHEALTH,KE,,KES,30D,Inactive,23688,Kim-Fay Professional,,Nairobi East,,MARIAKANIV,Mariakani Villa,,5N,South C,"20,000.00",P504,Diana Wendy,Z005,Mombasa Road,P.O.Box 12535-00400,Muhoho Avenue,,Back Order Allowed,enquiries@mariakanivilla.com,Open Item,,P051565952R,MONTHLY,
False,CUST100596,Marina Healthcare Ltd,KPHEALTH,KE,,KES,30D,Active,24985,Kim-Fay Professional,,Nairobi East,,KPBASE,KP Base price,,5B,Pipeline,"20,000.00",P505,Shirleen Chebet,Z005,Mombasa Road,2502-00600,"Marc Centri Parc Building, Ground Floor, pipeline",,Back Order Allowed,info@marinahosp.com,Open Item,,P051706572R,DAILY,
False,CUST100597,Market Masters Ltd,KPPMGR,KE,,KES,30DS,Active,25182,Kim-Fay Professional,,Nairobi West,,KPBASE,KP Base price,,1N,Ruaka,"300,000.00",P504,Diana Wendy,Z001,Westlands,100-00621,Village Market,,Back Order Allowed,daniel@villagemarket-kenya.com,Open Item,,P051105666B,MONTHLY,
False,CUST100598,Masai Lodge Ltd,KPHOTEL,KE,,KES,30DS,Active,24265,Kim-Fay Professional,,Nairobi West,,KPBASE,KP Base price,,3F,Ongata Rongai,"300,000.00",P504,Diana Wendy,Z003,Ngong,P.O. Box 43998 - 00100,Ongata Rongai,,Back Order Allowed,finance@maasailodge.com,Open Item,,P051229504Z,MONTHLY,
False,CUST100599,Masai Mara (Sopa) Lodge Ltd,KPHOTEL,KE,,KES,45DS,Active,24309,Kim-Fay Professional,,Nairobi East,,KPBASE,KP Base price,,5A,Industrial Area,"800,000.00",P096,Doreen Mugwika,Z005,Mombasa Road,P.O. Box 72630 - 00200,Enterprise Road - Kuguru Loop,,Back Order Allowed,payables.nairobi@sopalodges.com,Open Item,,P000601088Q,MONTHLY,
False,CUST100601,Master Power Systems,KPINDUSTRY,KE,,KES,30DS,Active,23680,Kim-Fay Professional,,Nairobi East,,MASTERPOWE,Master power systems,,1F,Parklands,"40,000.00",P505,Shirleen Chebet,Z001,Westlands,P.O.Box 976-00600,Parklands Road,,Back Order Allowed,accounts1@masterpowers.com,Open Item,,P051141662Z,MONTHLY,
False,CUST100602,Master Technologies Ltd,KPSERVICE,KE,,KES,30D,Active,24753,Kim-Fay Professional,,Nairobi East,,KPBASE,KP Base price,,1F,Parklands,1.00,P504,Diana Wendy,Z001,Westlands,P.O Box 976 - 00606,33 Parklands Road,,Back Order Allowed,accouts@mastertechnologies.co.ke,Open Item,,P051324218P,MONTHLY,
False,CUST100603,Mastermind Tobacco (K) Ltd,KPDIST,KE,,KES,30DS,Inactive,23451,Kim-Fay Professional,,Nairobi East,,MASTERMIND,Mastermind Tobacco(k) Ltd,,5P,Mombasa Road,2.00,YVON,Yvonne Achieng,Z005,Mombasa Road,P O Box 68144 00200,Mombasa Rd,,Back Order Allowed,Purchasing@mastermindkenya.co.ke,Open Item,,P000600959V,MONTHLY,
False,CUST100604,Mater Hospital,KPHEALTH,KE,,KES,60DS,Active,1248,Kim-Fay Professional,,Nairobi East,,MATERHOSPI,Mater Hospital,,5O,South B,"5,000,000.00",P104,Irene Luketelo,Z005,Mombasa Road,P.O.BOX 30325,Dunga Road,,Back Order Allowed,smbai@materkenya.com,Open Item,,P000592782D,MONTHLY,
False,CUST100607,Maulaide Healthcare Ltd,KPHEALTH,KE,,KES,30D,Active,24469,Kim-Fay Professional,,Nairobi East,,KPBASE,KP Base price,,4B,Kahawa,1.00,P504,Diana Wendy,Z004,Thika,P.O. Box 683 - 00618,"Kahawa Agrovet, Kahawa West Centre",,Back Order Allowed,maulaidehealthcare@yahoo.com,Open Item,,P051500969I,MONTHLY,
False,CUST100608,Mayday Limited,KPDIST,KE,,KES,30D,Active,25105,Kim-Fay Professional,,Nairobi East,,KPBASE,KP Base price,,5G,Buru buru,1.00,P193,June Chesire,Z005,Mombasa Road,62458-00200,Buruburu,,Back Order Allowed,maydaylimited@gmail.com,Open Item,,P051611737Y,MONTHLY,
False,CUST100609,Maypine Enterprises,KPSERVICE,KE,,KES,30D,Active,25230,Kim-Fay Professional,,Nairobi East,,KPBASE,KP Base price,,5K,Donholm,2.00,P504,Diana Wendy,Z005,Mombasa Road,p o box 52-00219,Donholm,,Back Order Allowed,maypineenterprises@gmail.com,Open Item,,A009100867M,MONTHLY,
False,CUST100610,Mbuzi Foods Ltd,KPREST,KE,,KES,30DS,Active,25040,Kim-Fay Professional,,South Rift,,MBUZIFOODS,Mbuzi Foods Ltd,,7A,Naivasha,"6,000,000.00",C967,Berna Piwang,Z007,Western A,Nairobi Business Park,Naivasha Buffalo Mall,,Back Order Allowed,lizk@mbuzimunch.com,Open Item,,P051589323Z,MONTHLY,
False,CUST100611,Mbweha Camp Limited,KPHOTEL,KE,,KES,30D,Active,24758,Kim-Fay Professional,,Nairobi West,CUST100087,ATUAENKOPA,Atua Enkop Africa,Mercy Nyagano,1D,Westlands,"200,000.00",P504,Diana Wendy,Z001,Westlands,166 Shanzu Road Spring Valley,Lower Kabete,,Back Order Allowed,accounts2@atua-enkop.com,Open Item,,P051120054H,MONTHLY,
False,CUST100612,Medicins Sans Frontiers (Belgium) - KSU KP,KPINDUSTRY,KE,,KES,30DS,Active,23742,Kim-Fay Professional,,Nairobi East,,KPBASE,KP Base price,,5P,Mombasa Road,1.00,YVON,Yvonne Achieng,Z005,Mombasa Road,MSF Supply Kenya,"Memkam Complex Unit 1 Road C, Of Enterprise Rd,",,Back Order Allowed,msfocb-ksu-procurementmanager@brussels.msf.org,Open Item,,P051093363Z,MONTHLY,
False,CUST100613,Mediheal Hospital,KPHEALTH,KE,,KES,45DS,Active,24834,Kim-Fay Professional,,South Rift,,MEDIHEALHO,Mediheal Hospital,,7C,Nakuru,0.00,P025,Susan Mwathi,Z007,Western A,"P.O.BOX 17226, NAKURU",Nakuru,,Back Order Allowed,payable2.nkr@medihealgroup.com,Open Item,,P051357728K,MONTHLY,
False,CUST100614,Mediterraneo Restaurant - Gigiri,KPHOTEL,KE,Nairobi,KES,60DS,Inactive,23490,Kim-Fay Professional,,Nairobi West,,KPBASE,KP Base price,,1L,Gigiri,"250,000.00",YVON,Yvonne Achieng,Z001,Westlands,P O Box 39080,"The Junction Mall, Ngong Rd",,Back Order Allowed,info@mediterraneorestaurant.co.ke,Open Item,,,MONTHLY,
False,CUST100615,Meditest Diagnostic Services Ltd,KPHEALTH,KE,,KES,30DS,Active,24610,Kim-Fay Professional,,Nairobi West,,KPBASE,KP Base price,,1F,Parklands,"100,000.00",P504,Diana Wendy,Z001,Westlands,P O Box 40715 00100,1St Floor,,Back Order Allowed,procurement@meditestdiagnostic.com,Open Item,,P051595463S,MONTHLY,
False,CUST100617,Meridian Hotel,KPHOTEL,KE,,KES,30DS,Active,24373,Kim-Fay Professional,,Nairobi Central,,MERIDIANHO,Meridian Hotel,,2A,CBD,"200,000.00",C967,Berna Piwang,Z002,CBD,P O Box 30278,Cbd,,Back Order Allowed,accounts@meridianhotelkenya.com,Open Item,,P000597793S,MONTHLY,
False,CUST100618,Metro Cleaners & Renovators Ltd,KPCCLNRS,KE,,KES,60DS,Active,23428,Kim-Fay Professional,,Nairobi West,,METROCLEAN,Metro Cleaners & Renovators,,3O,Upper Hill,"63,000,000.00",P104,Irene Luketelo,Z003,Ngong,Union Towers,Upperhill,,Back Order Allowed,info@metrocleaners.com,Open Item,,,MONTHLY,
False,CUST100619,Midland Hotel Ltd,KPHOTEL,KE,,KES,7 DAYS,Active,25274,Kim-Fay Professional,,South Rift,,MIDLANDHOT,Midland hotel ltd,,7C,Nakuru,"100,000.00",YVON,Yvonne Achieng,Z007,Western A,908-20100,Nakuru Godfreykamau Road Off Nairobi,,Back Order Allowed,stores@midlandhotel.co.ke,Open Item,,P000631225E,MONTHLY,
False,CUST100620,Mikeline Detergents Limited,KPDIST,KE,,KES,30DS,Active,23704,Kim-Fay Professional,,Nairobi Central,,KPDISTRIB,KP Distributors,,4G,Ruiru,"700,000.00",C967,Berna Piwang,Z004,Thika,P.O.Box 52210-00100,Ruiru,,Back Order Allowed,accounts@mikelinedetergents.com,Open Item,,P051415649I,MONTHLY,
False,CUST100621,Milachem Tanzania Limited,KPEXP,KE,,KES,30D,Active,23532,Kim-Fay Professional,,Tanzania,,MILACHEMTL,Milachem ( T ) Ltd,,14A,Tanzania,1.00,P022,Lucy Rimberia,Z014,Exports,,Tanzania,,Back Order Allowed,,Open Item,,,MONTHLY,
False,CUST100623,Miliki Afya Clinic,KPHEALTH,KE,,KES,30D,Inactive,23872,Kim-Fay Professional,,Nairobi West,,KPBASE,KP Base price,,3A,Ngong,"10,000.00",YVON,Yvonne Achieng,Z003,Ngong,P.o.Box 2649-00100,Praise House,,Back Order Allowed,info@milikiafya.co.ke,Open Item,,,MONTHLY,
False,CUST100624,Millsview Hotel,KPHOTEL,KE,,KES,30D,Active,24962,Kim-Fay Professional,,West Nyanza,,MILLSVIEWH,Millsview Hotel,,7F,Kisumu,"120,000.00",P489,John Kaguai,Z007,Western A,Milimani,Kisumu,,Back Order Allowed,info@millsviewhotel.com,Open Item,,P051686568B,MONTHLY,
False,CUST100625,Mineca General Supplies,KPDIST,KE,,KES,30D,Active,24825,Kim-Fay Professional,,Nairobi Central,,KPBASE,KP Base price,,2A,CBD,2.00,P104,Irene Luketelo,Z002,CBD,P.O.BOX 530-Nairobi Eastern00,Ronald Ngala Street Nimmi House,,Back Order Allowed,minecakenya@gmail.com,Open Item,,A001219122I,MONTHLY,
False,CUST100626,Minet Kenya Insurance Brokers Limited,KPSERVICE,KE,,KES,30DS,Active,24071,Kim-Fay Professional,,Nairobi Central,,AONMINETIN,AON Minet insurance brokers lt,,2A,CBD,"600,000.00",YVON,Yvonne Achieng,Z002,CBD,P.O.BOX 48279 - 00100,Minet House,,Back Order Allowed,susan.waweru@minet.co.ke,Open Item,,P000591400B,MONTHLY,
False,CUST100627,Mission Aviation Fellowship,KPRELGS,KE,,KES,30DS,Active,3838,Kim-Fay Professional,,Nairobi West,,MISSIONAVI,MISSION AVIATION FELLOWSHIP,,3H,Wilson Airport,"250,000.00",YVON,Yvonne Achieng,Z003,Ngong,P  O Box 21123 00505,Inside Wilson Airport,,Back Order Allowed,sharon.toroitich@mafint.org,Open Item,,P051094135T,MONTHLY,
False,CUST100628,Mitsumi Business Park,KPPMGR,KE,,KES,30D,Active,25119,Kim-Fay Professional,,Nairobi West,,STELLATOMA,Stellato Mall Ltd,,1D,Westlands,"200,000.00",C967,Berna Piwang,Z001,Westlands,32735-00600,"67, Muthithi Road",,Back Order Allowed,rupesh@mitsumidistribution.com,Open Item,,P051594179T,MONTHLY,
False,CUST100629,Mobile Decisioning,KPSERVICE,KE,,KES,30DS,Inactive,23805,Kim-Fay Professional,,Nairobi West,,KPBASE,KP Base price,,3B,Karen,"100,000.00",YVON,Yvonne Achieng,Z003,Ngong,P.O.BOX 15938 – 00509,Watermark Business Park,,Back Order Allowed,kkigani@zioncell.com; mdemba@mo-de.com,Open Item,,P051325362D,MONTHLY,
False,CUST100630,Modi Distributors Ltd,KPCASH,KE,,KES,CURRENT,Active,24813,Kim-Fay Professional,,Coast,,MODIDISTRI,Modi Distributors ltd,,12A,Mombasa,1.00,P022,Lucy Rimberia,Z012,Coast,P.O.BOX 40431-810100,"Palet Flats, Hailesalaesi Road, Msa",,Back Order Allowed,kunal@modidistributors.com,Open Item,,P051716537N,MONTHLY,
False,CUST100631,Modways Investments,KPPMGR,KE,,KES,60DS,Active,3618,Kim-Fay Professional,,Nairobi East,,KNIGHTFRAN,Knight Frank Services Ltd 3682,,5P,Mombasa Road,"1,400,000.00",P104,Irene Luketelo,Z005,Mombasa Road,P O Box 39773 00623,"Capital Centre, Mombasa Rd",,Back Order Allowed,Sharon.Cheptoo@ke.knightfrank.com,Open Item,,P051146703R,MONTHLY,
False,CUST100632,Moi Educational Centre,KPEDU,KE,,KES,30DS,Active,25047,Kim-Fay Professional,,Nairobi West,,MOIEDUCATI,Moi Education Centre,,5N,South C,"200,000.00",P505,Shirleen Chebet,Z005,Mombasa Road,45373-00100,"Maimahiu Rd, South C",,Back Order Allowed,info@moieducentre.ac.ke,Open Item,,P051134958D,MONTHLY,
False,CUST100633,Mombasa Blue Room Limited,KPREST,KE,,KES,30DS,Active,23539,Kim-Fay Professional,,Coast,,BLUEROOM,Blue Room,,12A,Mombasa,"150,000.00",P022,Lucy Rimberia,Z012,Coast,P.O Box 8051-80100,Mombasa Town Centre,,Back Order Allowed,blueroom@blueroomonline.com,Open Item,,P051092234P,MONTHLY,
False,CUST100634,Mombasa Penny Profit Store (1998) Ltd,KPINDUSTRY,KE,,KES,30DS,Active,25175,Kim-Fay Professional,,Nairobi East,,KPBASE,KP Base price,,5P,Mombasa Road,"140,000.00",C967,Berna Piwang,Z005,Mombasa Road,P.O.BOX 31347 - 00600,Mombasa Road Piranha Centre Building,,Back Order Allowed,cfo@mpps.co.ke,Open Item,,P051120877W,MONTHLY,
False,CUST100635,Moo'S Eateries Ltd,KPREST,KE,,KES,30D,Active,25002,Kim-Fay Professional,,Nairobi West,,MOOSEATERI,Moos Eateries Ltd,,3K,Lavington,1.00,P504,Diana Wendy,Z003,Ngong,13898-00100,Lavington,,Back Order Allowed,admin@nabobistro.co.ke,Open Item,,P051694534K,MONTHLY,
False,CUST100636,Morningside Office Park Ltd,KPPMGR,KE,,KES,30D,Active,23848,Kim-Fay Professional,,Nairobi West,,MORNINGSID,Morningside Office park ltd,,3C,Ngong Road,"300,000.00",YVON,Yvonne Achieng,Z003,Ngong,P.O.Box 6254-00100,Ngong Road,,Back Order Allowed,emma.kinyua@morningsideofficepark.com,Open Item,,P051346765O,MONTHLY,
False,CUST100638,Mpata Investment Ltd,KPINDUSTRY,KE,,KES,30D,Active,25003,Kim-Fay Professional,,Nairobi Central,,KPBASE,KP Base price,,2A,CBD,1.00,P096,Doreen Mugwika,Z002,CBD,00200-58402,Annivesary Towers,,Back Order Allowed,purchase@mpata-maasaimara.com,Open Item,,P000604046N,MONTHLY,
False,CUST100639,Mt. Kenya Safari Club,KPHOTEL,KE,,KES,60DS,Active,1136,Kim-Fay Professional,,Lower Mountain,,KPBASE,KP Base price,,6E,Nanyuki,"1,500,000.00",P193,June Chesire,Z006,Mountain,Nanyuki,Nanyuki,,Back Order Allowed,peter.wesonga@fairmont.com,Open Item,,P000609886R,MONTHLY,
False,CUST100641,Mudi Supplies,KPREST,KE,,KES,30D,Active,24377,Kim-Fay Professional,,Nairobi East,,KPBASE,KP Base price,,5R,Kitengela,1.00,P504,Diana Wendy,Z005,Mombasa Road,P.O. Box 46867 - 00100,"Outering Road, Fedha",,Back Order Allowed,anamimungoe@gmail.com,Open Item,,A007526641Z,MONTHLY,
False,CUST100642,Mugoya Vegetables,KPAGRI,KE,,KES,30D,Active,23569,Kim-Fay Professional,,Nairobi West,,KPBASE,KP Base price,,5N,South C,"50,000.00",P504,Diana Wendy,Z005,Mombasa Road,,South C,,Back Order Allowed,,Open Item,,P000606019N,MONTHLY,
False,CUST100644,Mummy'S Fast Food Narok,KPREST,KE,,KES,30D,Active,24345,Kim-Fay Professional,,South Rift,,MUMMYSFAST,Mummy'S Fast Food Narok,,9A,Narok,1.00,P504,Diana Wendy,Z009,Western C,P.O. 160-20500,Narok Town,,Back Order Allowed,,Open Item,,P051611565C,MONTHLY,
False,CUST100645,Munga Investments Ltd C/O Knight Frank,KPPMGR,KE,,KES,60DS,Active,23478,Kim-Fay Professional,,Nairobi West,,KNIGHTFRAN,Knight Frank Services Ltd 3682,,4E,Kiambu,"600,000.00",P104,Irene Luketelo,Z004,Thika,P O Box 39773 00623,Ridgeways Kiambu Rd,,Back Order Allowed,patrick.mburu@ke.knightfrank.com,Open Item,,P000619152B,MONTHLY,
False,CUST100646,Muriithi And Ndonye Advocates,KPSERVICE,KE,,KES,30D,Active,23960,Kim-Fay Professional,,Nairobi West,,MURIITHIAN,Muriithi and Ndonye Advocates,,3O,Upper Hill,"20,000.00",P505,Shirleen Chebet,Z003,Ngong,P.O.Box 40132-0000,Corporate Plaza,,Back Order Allowed,info@mnadvocates.co.ke,Open Item,,P051648387C,MONTHLY,
False,CUST100647,Mustek East Africa Ltd,KPINDUSTRY,KE,,KES,30DS,Active,23729,Kim-Fay Professional,,Nairobi East,,MUSTEKEALT,Mustek E.A. Ltd,,1F,Parklands,"150,000.00",P505,Shirleen Chebet,Z001,Westlands,P.O.Box 1619-00600,"Crescent Lane, Parklands Road",,Back Order Allowed,RitaM@mustek.co.ke,Open Item,,P051154291Z,MONTHLY,
False,CUST100648,Muthaiga Country Club,KPHOTEL,KE,,KES,60DS,Active,2535,Kim-Fay Professional,,Nairobi West,,MUTHAIGACO,Muthaiga Country Club 2535,,4C,Thika Road,0.00,P193,June Chesire,Z004,Thika,PO Box,Muthaiga Road,,Back Order Allowed,mutua@mcc.co.ke,Open Item,,P051334197J,MONTHLY,
False,CUST100650,Muthaiga Road Trust Co. C/O Regent Management Ltd.,KPPMGR,KE,,KES,60DS,Active,3584,Kim-Fay Professional,,Nairobi East,,KPBASE,KP Base price,,3O,Upper Hill,"4,740,000.00",C1262,Mercyline Kemunto,Z003,Ngong,"P.O.Box 79487-00200,","Oillibya Plaza, Muthaiga,",,Back Order Allowed,scheboi@regent-mgt.com,Open Item,,P051097821C,MONTHLY,
False,CUST100652,Mvule Catering Department,KPREST,KE,,KES,30DS,Active,3508,Kim-Fay Professional,,Nairobi West,,MVULECATER,Mvule Catering Department,,5M,Nairobi West,"25,000.00",P504,Diana Wendy,Z005,Mombasa Road,Opposite Strathmore University - Gate B,,,Back Order Allowed,,Open Item,,P000592593E,MONTHLY,
False,CUST100654,Nadiah Investments Ltd,KPINDUSTRY,KE,,KES,30DS,Active,24938,Kim-Fay Professional,,Nairobi East,,NADIAHINVE,Nadiah Investments ltd,,9A,Narok,"19,360,000.00",P505,Shirleen Chebet,Z010,Eastern,Narok Kra-,Sinendet Towers Next To Total Petrol Station,,Back Order Allowed,nadiahinvestments@gmail.com,Open Item,,P051445076K,MONTHLY,
False,CUST100655,Nairobi Bottlers Ltd,KPINDUSTRY,KE,,KES,30DS,Active,24903,Kim-Fay Professional,,Nairobi East,,NAIROBIBOT,Nairobi Bottlers Ltd,,5A,Industrial Area,"2,500,000.00",P104,Irene Luketelo,Z005,Mombasa Road,P. O. Box 18034,Airport North Road,,Back Order Allowed,fkaunda@ccbagroup.com,Open Item,,P000611756Q,MONTHLY,
False,CUST100656,Nairobi Club,KPHOTEL,KE,,KES,30DS,Active,24408,Kim-Fay Professional,,Nairobi West,,KPBASE,KP Base price,,3O,Upper Hill,"50,000.00",P505,Shirleen Chebet,Z003,Ngong,P.O. Box 30171,Ngong Road,,Back Order Allowed,info@nairobiclub.com,Open Item,,P000606880F,MONTHLY,
False,CUST100657,"Nairobi Ear, Nose Throat Clinic",KPHEALTH,KE,,KES,30D,Active,23421,Kim-Fay Professional,,Nairobi West,,NAIROBIEAR,"Nairobi Ear, Nose Throat Clini",,3O,Upper Hill,"60,000.00",YVON,Yvonne Achieng,Z003,Ngong,P O Box 29740-00202,Nairobi Hopistal,,Back Order Allowed,info@nairobientclinic.com,Open Item,,P051106799N,MONTHLY,
False,CUST100658,Nairobi Java House Ltd,KPREST,KE,,KES,60DS,Active,2216B,Kim-Fay Professional,,Nairobi West,,NAIROBIJAV,Nairobi Java House 2216B,,5A,Industrial Area,"10,000,000.00",P025,Susan Mwathi,Z005,Mombasa Road,P.O BOX 21533-00505,Road C Kings Godown,,Back Order Allowed,millicent.were@javahouseafrica.com,Open Item,,P051126577H,MONTHLY,
False,CUST100659,Nairobi Lighthouse Church,KPRELGS,KE,,KES,CURRENT,Active,24969,Kim-Fay Professional,,Nairobi West,,KPBASE,KP Base price,,4C,Thika Road,1.00,P504,Diana Wendy,Z004,Thika,Garden Estate,Off Thika Road,,Back Order Allowed,muraguri@nairobilighthouse.com,Open Item,,P051129008T,DAILY,
False,CUST100660,Nairobi National Museum,KPSERVICE,KE,,KES,30DS,Inactive,23436,Kim-Fay Professional,,Nairobi West,,KPBASE,KP Base price,,1D,Westlands,2.00,BADDEBTPRO,Bad Debt Provision,Z001,Westlands,,Museum Hill,,Back Order Allowed,mochieng@museums.or.ke,Open Item,,P051098780Q,MONTHLY,
False,CUST100661,Nairobi Safari Club,KPHOTEL,KE,,KES,30DS,Active,1139,Kim-Fay Professional,,Nairobi Central,,KPBASE,KP Base price,,2A,CBD,"250,000.00",C967,Berna Piwang,Z002,CBD,P.O.BOX 43564,"University Way, Nairobi",,Back Order Allowed,accounts@nairobisafariclub.com,Open Item,,P000614506L,MONTHLY,
False,CUST100662,Nairobi SDA South C,KPRELGS,KE,,KES,30D,Active,23474,Kim-Fay Professional,,Nairobi West,,KPBASE,KP Base price,,5N,South C,"30,000.00",P504,Diana Wendy,Z005,Mombasa Road,P O Box 26176 - 00504,South C,,Back Order Allowed,nairobisouthsda@gmail.com,Open Item,,P000594353Y,MONTHLY,
False,CUST100663,Naisula School,KPEDU,KE,Kajiado,KES,30DS,Active,24088,Kim-Fay Professional,,Nairobi East,,NAISULASCH,Naisula school,,5U,Isinya,"600,000.00",P096,Doreen Mugwika,Z005,Mombasa Road,"Off Namanga Road, past Isinya Town",5 KM to Kajiado Town,,Back Order Allowed,accountant@naisulaschool.ac.ke,Open Item,,P051327886U,MONTHLY,
False,CUST100665,Nam Consult Ltd,KPSERVICE,KE,,KES,30D,Inactive,23988,Kim-Fay Professional,,Nairobi West,,KPBASE,KP Base price,,1D,Westlands,"300,000.00",P504,Diana Wendy,Z001,Westlands,P.O.Box 44636-00100,"Riverside Drive, Daphton Court",,Back Order Allowed,,Open Item,,,MONTHLY,
False,CUST100666,Nampak Kenya Ltd,KPINDUSTRY,KE,,KES,30DS,Active,24211,Kim-Fay Professional,,Nairobi East,,NAMPAKKENY,Nampak Kenya Limited,,4A,Thika Town,"200,000.00",C967,Berna Piwang,Z004,Thika,P.O. Box 109-01000,Factory/Industrial Road,,Back Order Allowed,julius.mboya@nampak.com,Open Item,,P000591289A,MONTHLY,
False,CUST100668,Nas Airport Services Ltd,KPAIRLINE,KE,,KES,60DS,Active,23861,Kim-Fay Professional,,Nairobi East,,NASAIRPORT,Nas Airport Services Ltd,,5D,JKIA,0.00,P193,June Chesire,Z005,Mombasa Road,P.O.Box 19010-00501,Jkia,,Back Order Allowed,esther.karongo@servair.co.ke,Open Item,,P000593895L,MONTHLY,
False,CUST100669,National Council For Law Reporting,KPEDU,KE,,KES,30DS,Active,24939,Kim-Fay Professional,,Nairobi East,,,,,3D,Community,"240,000.00",P504,Diana Wendy,Z003,Ngong,PO BOX 10443-00100,"1st Ngong Avenue , community- ACK Garden Annexe",,Back Order Allowed,jratemo@kenyalaw.org,Open Item,,P051198655N,MONTHLY,
False,CUST100670,NCBA Bank Kenya Plc,KPBANK,KE,,KES,60DS,Active,25046,Kim-Fay Professional,,Nairobi West,,NICBANK369,NIC BANK 3698,,5P,Mombasa Road,"28,800,000.00",P193,June Chesire,Z005,Mombasa Road,Ncba Center Upperhill,Ncba Annex Upperhill,,Back Order Allowed,Purity.Ngunjiri@ncbagroup.com,Open Item,,P000592851X,MONTHLY,
False,CUST100671,Ndash Enterprises Limited,KPHOTEL,KE,,KES,30D,Active,25255,Kim-Fay Professional,,Eastern,,KPBASE,KP Base price,,10A,Machakos,2.00,P096,Doreen Mugwika,Z010,Eastern,3256-90100,"A &L Hotel, Machakos",,Back Order Allowed,finance@thealhotel.com,Open Item,,P051521233Z,MONTHLY,
False,CUST100672,Ndungu Njoroge & Kwach Advocates,KPSERVICE,KE,,KES,30D,Active,23584,Kim-Fay Professional,,Nairobi Central,,KPBASE,KP Base price,,2A,CBD,"10,000.00",P504,Diana Wendy,Z002,CBD,,International Life House 12Th Floor,,Back Order Allowed,,Open Item,,P000617180B,MONTHLY,
False,CUST100673,Neatcare Cleaning Services Ltd,KPCCLNRS,KE,,KES,30DS,Active,24614,Kim-Fay Professional,,Nairobi West,,NEATCLEANI,Neat Cleaning services ltd,,3K,Lavington,"300,000.00",P504,Diana Wendy,Z003,Ngong,P.O Box 44588 - 00100,Muthangari Road,,Back Order Allowed,neatcare2006@gmail.com,Open Item,,P051204604M,MONTHLY,
False,CUST100674,Nedam Services Ltd,KPCCLNRS,KE,,KES,30DS,Active,24206,Kim-Fay Professional,,Nairobi West,,NEDAMSERVI,Nedam Services Ltd,,3B,Karen,"400,000.00",P504,Diana Wendy,Z003,Ngong,P.O Box 3088-00506,"Pension Towers,",,Back Order Allowed,info@nedamservices.co.ke,Open Item,,P051202596D,MONTHLY,
False,CUST100675,Neno Evangelism Centre,KPRELGS,KE,,KES,30D,On Hold,24543,Kim-Fay Professional,,Nairobi Central,,KPBASE,KP Base price,,2A,CBD,"50,000.00",P025,Susan Mwathi,Z002,CBD,P.O Box 43817 - 00100,Uhuru Highway,,Back Order Allowed,,Open Item,,,MONTHLY,
False,CUST100677,Nephro Med Ltd,KPHEALTH,KE,,KES,30D,Active,24656,Kim-Fay Professional,,Nairobi East,,KPBASE,KP Base price,,3O,Upper Hill,1.00,P504,Diana Wendy,Z003,Ngong,P.O Box 32909 - 00600,"2Nd Floor, Williamson House",,Back Order Allowed,info@nephromed.co.ke,Open Item,,P051651636A,MONTHLY,
False,CUST100678,New Muthokinju Hardware Ltd,KPINDUSTRY,KE,,KES,30D,Active,25251,Kim-Fay Professional,,Nairobi East,,KPBASE,KP Base price,,5P,Mombasa Road,"50,000.00",P504,Diana Wendy,Z005,Mombasa Road,P.O.BOX 64126 - 00100,Mombasa Road,,Back Order Allowed,procurement@muthokinju.co.ke,Open Item,,P051158287N,DAILY,
False,CUST100679,New Westlands Store Ltd,KPDIST,KE,,KES,60DS,Active,3768,Kim-Fay Professional,,Nairobi East,,KPDISTRIB,KP Distributors,,4C,Thika Road,"2,000,000.00",P193,June Chesire,Z004,Thika,P O Box 14304 0080,Outer Ring Road,,Back Order Allowed,admin@newwestlands.co.ke,Open Item,,P000591538Q,MONTHLY,
False,CUST100680,Ngewa Ltd,KPHOTEL,KE,,KES,30DS,Active,23875,Kim-Fay Professional,,Nairobi West,,NGEWALTD,Ngewa Ltd,,5M,Nairobi West,"300,000.00",YVON,Yvonne Achieng,Z005,Mombasa Road,P.O.Box 70858-00400,Summerdale Inn,,Back Order Allowed,store@summerdaleinn.com,Open Item,,P051215355B,MONTHLY,
False,CUST100682,Ngong Hills Hotel,KPHOTEL,KE,,KES,CURRENT,Active,24334,Kim-Fay Professional,,Nairobi West,,NGONGHILLS,Ngong hills Hotel,,3C,Ngong Road,2.00,YVON,Yvonne Achieng,Z003,Ngong,P.O Box 40485 - 00100,Ngong Hills Hotel Stores,,Back Order Allowed,lydia@ngonghillshotel.com,Open Item,,P000594281B,MONTHLY,
False,CUST100685,Nhif Staff Retirement Benefits Scheme,KPSERVICE,KE,,KES,30D,Active,24132,Kim-Fay Professional,,Nairobi West,,NHIFSTAFFR,NHIF Staff Retirement Benefits,,3C,Ngong Road,"140,000.00",P505,Shirleen Chebet,Z003,Ngong,P.O. Box 30443 - 00100,"Riara Corporate suites,Riara road",,Back Order Allowed,riaracorporatesuites@gmail.com,Open Item,,P051208865N,MONTHLY,
False,CUST100686,Nibs Resort Co Ltd,KPHOTEL,KE,,KES,30DS,Active,24798,Kim-Fay Professional,,Nairobi West,,NIBSRESORT,Nibs Resort Co.ltd,,3K,Lavington,"200,000.00",C967,Berna Piwang,Z003,Ngong,P.O.BOX 2484-00606,"Corner Of Gichugu & Kandara, Kileleshwa",,Back Order Allowed,proc@emoryhotel.co.ke,Open Item,,P051435500S,MONTHLY,
False,CUST100687,NIC Bank Ltd,KPBANK,KE,,KES,60DS,Inactive,3698,Kim-Fay Professional,,Nairobi West,,KPBASE,KP Base price,,3O,Upper Hill,"900,000.00",P025,Susan Mwathi,Z003,Ngong,P O Box 44599 00100,"Nic House,2Nd Floor",,Back Order Allowed,,Open Item,,P051625036E,MONTHLY,
False,CUST100688,Nikwetu Holdings Ltd,KPSERVICE,KE,,KES,30D,Active,24801,Kim-Fay Professional,,Nairobi West,,KPBASE,KP Base price,,3B,Karen,1.00,P504,Diana Wendy,Z003,Ngong,"P.O.BOX 54, 00502",Karen At Karen Plains Arcade,,Back Order Allowed,sales@nikwetu.com,Open Item,,P051683663P,DAILY,
False,CUST100689,Nitrogen Cleaning And Hygiene Solutions,KPDIST,KE,,KES,30D,Inactive,25023,Kim-Fay Professional,,Nairobi Central,,KPBASE,KP Base price,,2A,CBD,1.00,YVON,Yvonne Achieng,Z002,CBD,14689-00100,Tumaini House,,Back Order Allowed,,Open Item,,P051660122R,MONTHLY,
False,CUST100690,Njema Stores Githurai -Main,CSSTOCKPTS,KE,,KES,30D,Active,23761,Consumer sales,General Trade,Lower Mountain,,DIRECTWHOL,Direct Wholesale Rift,,4C,Thika Road,"2,000,000.00",P455,Moses Mwaka,Z004,Thika,P.O.Box 54199-00200,"Githurai 45,",,Back Order Allowed,francismul08@gmail.com,Open Item,,A000107398V,MONTHLY,
False,CUST100691,Nodor Kenya Epz Ltd,KPEPZ,KE,,KES,30DS,Active,3612,Kim-Fay Professional,,Nairobi East,,NODORKENYA,Nodor Kenya EPZ Ltd,,5Q,Athi River,"400,000.00",C967,Berna Piwang,Z005,Mombasa Road,P O Box 659,Kitengela Epz,,Back Order Allowed,oscar@nodor-darts.com; rebecca@nodor-darts.com,Open Item,,P051127782I,MONTHLY,
False,CUST100692,Nokras Riverine Limited,KPHOTEL,KE,,KES,30DS,Active,24530,Kim-Fay Professional,,Lower Mountain,,HOTELNORKA,Hotel Norkas (K) ltd,,6N,Sagana,"350,000.00",P489,John Kaguai,Z006,Mountain,P.O. Box 990 - 00600,Muranga - Sagana Road,,Back Order Allowed,info@hotelnorkas.co.ke,Open Item,,P051624586R,MONTHLY,
False,CUST100693,Norfolk Hotel,KPHOTEL,KE,,KES,60DS,Active,2057,Kim-Fay Professional,,Nairobi Central,,NORFOLKHOT,Norfolk Hotel 2057,,2A,CBD,"2,250,000.00",P193,June Chesire,Z002,CBD,P.O.BOX 40064,"Fairmont, The Norfolk",,Back Order Allowed,mercy.ndungu@fairmont.com,Open Item,,P000596314S,MONTHLY,
False,CUST100694,Norkan Investments Ltd,KPPMGR,KE,,KES,60DS,Active,23418,Kim-Fay Professional,,Nairobi West,,NORKANINVE,Norkan Investments Ltd (23418),,3B,Karen,"750,000.00",P104,Irene Luketelo,Z003,Ngong,P O Box 48854-00200,Galleria Mall,,Back Order Allowed,eunice@galleria.co.ke,Open Item,,P000607290D,MONTHLY,
False,CUST100695,Northend Estates Ltd C/O Knight Frank Kenya Ltd,KPPMGR,KE,,KES,60DS,Active,24414,Kim-Fay Professional,,Nairobi West,,KNIGHTFRAN,Knight Frank Services Ltd 3682,,1D,Westlands,"800,000.00",P104,Irene Luketelo,Z001,Westlands,P.O. Box 25552-00603,West End Towers,,Back Order Allowed,evar.kathambi@ke.knightfrank.com,Open Item,,P051360267Z,MONTHLY,
False,CUST100696,"Norwegian People'S Aid, Somalia Programme",KPNGO,KE,,KES,30DS,Inactive,23770,Kim-Fay Professional,,Nairobi West,,KPBASE,KP Base price,,2C,Uhuru Highway,"60,000.00",YVON,Yvonne Achieng,Z002,CBD,P.O.Box 39207-00623,"26 Kiambere Road,",,Back Order Allowed,irenen@npaid.org; lucyw@npaid.org,Open Item,,,MONTHLY,
False,CUST100697,Nova Group Ltd,KPEDU,KE,,KES,30DS,Active,24554,Kim-Fay Professional,,Nairobi West,,NOVAGROUPL,Nova Group ltd,,4C,Thika Road,"13,500,000.00",P104,Irene Luketelo,Z004,Thika,P.O. Box 643 - 00606,"Nova Academies, Tatu City",,Back Order Allowed,info@novaacademies.com,Open Item,,P051556657U,MONTHLY,
False,CUST100699,Oak Place Conference And Training Centre Ltd,KPHOTEL,KE,,KES,30DS,Active,24616,Kim-Fay Professional,,Nairobi West,,OAKPLACECO,Oak place con. and training,,4E,Kiambu,"100,000.00",P504,Diana Wendy,Z004,Thika,P.O Box 48861,Oak Lane,,Back Order Allowed,procurement@oakplace.co.ke,Open Item,,P051326378N,MONTHLY,
False,CUST100700,Oak Therapy Spa Limited,KPSERVICE,KE,,KES,30D,Active,25280,Kim-Fay Professional,,Nairobi West,,KPBASE,KP Base price,,5N,South C,1.00,P505,Shirleen Chebet,Z005,Mombasa Road,P.O.BOS 4214 - 00100,Five Star Estate Phase 1 Hse No 008,,Back Order Allowed,oaktherapyspaltd@gmail.com,Open Item,,P051632232V,MONTHLY,
False,CUST100701,Obradleys Investments Ltd,KPINDUSTRY,KE,,KES,30D,Active,25147,Kim-Fay Professional,,Nairobi East,,OBRADLEYSI,Obradleys Investments ltd,,4C,Thika Road,1.00,C967,Berna Piwang,Z004,Thika,49618-00100,Ruiru,,Back Order Allowed,info@obradleys.com,Open Item,,P051445810V,MONTHLY,
False,CUST100702,Odex Chemicals Ltd,KPINDUSTRY,KE,,KES,30DS,Inactive,23662,Kim-Fay Professional,,Nairobi East,,KPBASE,KP Base price,,5P,Mombasa Road,1.00,P183,Mercy Irungu,Z005,Mombasa Road,P.O.Box 72390-00200,"Old Airport Road, Off Mombasa Road",,Back Order Allowed,,Open Item,,,MONTHLY,
False,CUST100703,Ol Tukai Lodge Limited,KPHOTEL,KE,,KES,60DS,Active,24893,Kim-Fay Professional,,Nairobi East,,SAMCOHOLDI,Samco Holdings Ltd (Eka Hotel),,5P,Mombasa Road,"500,000.00",P193,June Chesire,Z005,Mombasa Road,"P.O.BOX 45403-00100, NAIROBI","Eka Hotel, Mombasa Road, Nairobi",,Back Order Allowed,rwaweru@oltukailodge.com,Open Item,,P051147699S,MONTHLY,
False,CUST100704,Old Mutual,KPBANK,KE,,KES,60DS,On Hold,3593,Kim-Fay Professional,,Nairobi Central,,KPBASE,KP Base price,,3O,Upper Hill,"300,000.00",P096,Doreen Mugwika,Z003,Ngong,"P.O.Box 30059-00100,",,,Back Order Allowed,,Open Item,,P051099651M,MONTHLY,
False,CUST100705,Olive Tree Safari Ltd,KPSERVICE,KE,,KES,30D,Active,24432,Kim-Fay Professional,,Nairobi West,,KPBASE,KP Base price,,7D,Molo,1.00,P504,Diana Wendy,Z007,Western A,P.O Box 30 - 20321,Nyahururu G4S Office,,Back Order Allowed,mugiehouse@mugie.org,Open Item,,P051160331F,MONTHLY,
False,CUST100706,Olseki Ltd (C/O Hemingways Nairobi),KPHOTEL,KE,,KES,45DS,Active,24176,Kim-Fay Professional,,Nairobi West,,HEMINGWAYS,Hemingways Nairobi Ltd,,3B,Karen,"100,000.00",P096,Doreen Mugwika,Z003,Ngong,P.O. Box 146-00502,Mbagathi Ridge,,Back Order Allowed,pauline.maina@hemingways.co,Open Item,,P051217437C,MONTHLY,
False,CUST100707,EAT 'N' GO LIMITED,KPREST,KE,,KES,45DS,Active,24168,Kim-Fay Professional,,Nairobi East,,OMNOMNOMLT,Om Nom Nom ltd,,5P,Mombasa Road,"1,500,000.00",C967,Berna Piwang,Z005,Mombasa Road,P.O. Box 587 - 00621,Saku Industrial Park,,Back Order Allowed,victorosore@omnomnomafrica.com,Open Item,,P051448732J,MONTHLY,
False,CUST100708,One Way Cleaning Services Ltd - Lavington,KPCCLNRS,KE,,KES,60D,Active,23504,Kim-Fay Professional,,Nairobi Central,,ONEWAYLAVI,One Way Cleaning - Lavington,,2A,CBD,18.00,P193,June Chesire,Z012,Coast,P O Box 59540 00200,"Workshop Rd, Off Haile Selassie Avenue",,Back Order Allowed,kendi@onewayfacilities.co.ke,Open Item,,P051124636R,MONTHLY,
False,CUST100709,One Way Cleaning Services Ltd-One Waykahawa Sukari,KPCCLNRS,KE,,KES,60DS,Active,23928,Kim-Fay Professional,,Nairobi East,,ONEWAYCLEA,Oneway cleaning services ltd,,8A,Eldoret,0.00,P104,Irene Luketelo,Z012,Coast,MOMBASA,KRA ELDORET-KIPTAGICH BUILDING,,Back Order Allowed,john.accounts@onewaycleaning.co.ke,Open Item,,,MONTHLY,
False,CUST100711,Optica Ltd,KPHEALTH,KE,,KES,30DS,Active,3819,Kim-Fay Professional,,Nairobi Central,,OPTICALTD,Optica Ltd,,2A,CBD,"200,000.00",YVON,Yvonne Achieng,Z002,CBD,P O Box 41625,,,Back Order Allowed,marione@optica.co.ke,Open Item,,P051125036P,MONTHLY,
False,CUST100712,Oshwal Education & Relief Board,KPEDU,KE,,KES,30DS,Active,23575,Kim-Fay Professional,,Nairobi West,,OSHWALEDUC,Oshwal Education & Relief boad,,1F,Parklands,0.00,P504,Diana Wendy,Z001,Westlands,P.O Box 49633-00100,Bulema Road Off 2Nd Parklands Avenue,,Back Order Allowed,payables@oerb.org,Open Item,,P000615597K,MONTHLY,
False,CUST100713,Oxfam,KPOFFICE,KE,,KES,30DS,Inactive,24181,Kim-Fay Professional,,Nairobi West,,OXFAM,Oxfam,,3C,Ngong Road,"50,000.00",P267,Mercy Gathua,Z003,Ngong,P.O. Box 40680-00100,3Rd Floor,,Back Order Allowed,naris.kisali@oxfam.org,Open Item,,P000607157B,MONTHLY,
False,CUST100714,Ozzbeco (K) Limited,KPREST,KE,,KES,30DS,Active,3569,Kim-Fay Professional,,Nairobi East,,KPBASE,KP Base price,,5P,Mombasa Road,"500,000.00",P504,Diana Wendy,Z005,Mombasa Road,"P.O. BOX 25035-00603,",Mombasa Road Next To Panari/ Vita Foam,,Back Order Allowed,info@ozzbeco.com,Open Item,,P051164895K,MONTHLY,
False,CUST100715,Pacific Stationers (K) Ltd,KPSERVICE,KE,,KES,30DS,Active,1166,Kim-Fay Professional,,Nairobi East,,PACIFICSTA,Pacific stationers (k) ltd,,5A,Industrial Area,"600,000.00",C967,Berna Piwang,Z005,Mombasa Road,P O Box 10562 - 00400,Clesoi Rd Off Lungalunga Rd,,Back Order Allowed,mishal@pacificstationers.com,Open Item,,P051179723E,MONTHLY,
False,CUST100716,Pacis Ins.Co Ltd C/O Knight Frank Kenya Ltd,KPPMGR,KE,,KES,30DS,On Hold,25192,Kim-Fay Professional,,Nairobi West,,KPBASE,KP Base price,,1D,Westlands,"50,000.00",P104,Irene Luketelo,Z001,Westlands,,Centenary House Ring Road Westlands,,Back Order Allowed,info@ke.knightfrank.com,Open Item,,P051165452Z,MONTHLY,
False,CUST100717,Palacina Developments Ltd,KPHOTEL,KE,,KES,30DS,Active,23757,Kim-Fay Professional,,Nairobi West,,PALACINADE,Palacina developments ltd,,3N,Milimani,"200,000.00",YVON,Yvonne Achieng,Z003,Ngong,P.O.Box 48728-00100,"Palacina, The Residence & The Suites",,Back Order Allowed,info@palacina.com,Open Item,,P051121445H,MONTHLY,
False,CUST100718,Palazzo Limited C/O Knight Frank Ltd,KPPMGR,KE,,KES,60DS,Active,24929,Kim-Fay Professional,,Nairobi West,,KNIGHTFRAN,Knight Frank Services Ltd 3682,,1D,Westlands,"400,000.00",P104,Irene Luketelo,Z001,Westlands,P.O.Box 46402 - 00100,One Africa Place,,Back Order Allowed,lydia-ndichu@ke.knightfrank.com,Open Item,,P051413652Z,MONTHLY,
False,CUST100719,Panafric Hotel,KPHOTEL,KE,,KES,60DS,Active,2532,Kim-Fay Professional,,Nairobi West,,SAROVAHOTE,Sarova Hotels Ltd - Central,,3Q,Valley Road,"6,000,000.00",P025,Susan Mwathi,Z003,Ngong,,Valley Road After All Saints Church,,Back Order Allowed,joseph.nyakwaka@sarovahotels.com,Open Item,,P000593546X,MONTHLY,
False,CUST100720,Pancrasiah Laswai,KPDIST,KE,,KES,30D,Active,24639,Kim-Fay Professional,,Nairobi East,,KPBASE,KP Base price,,12A,Mombasa,1.00,P504,Diana Wendy,Z012,Coast,P.O Box 381,Holili - Taveta,,Back Order Allowed,adam.jemeni@gmail.com,Open Item,,110951426,MONTHLY,
False,CUST100721,Panda Chinese Restaurant,KPREST,KE,,KES,30D,Inactive,23587,Kim-Fay Professional,,Nairobi Central,,KPBASE,KP Base price,,2A,CBD,1.00,YVON,Yvonne Achieng,Z002,CBD,,Eco Bank Towers 1St Floor,,Back Order Allowed,,Open Item,,,MONTHLY,
False,CUST100722,Pandya Hospital,KPHEALTH,KE,,KES,60DS,Active,2334,Kim-Fay Professional,,Coast,,PANDYAHOSP,Pandya Hospital (2334),,12A,Mombasa,"1,000,000.00",P022,Lucy Rimberia,Z012,Coast,MOMBASA,"Dedan Kimathi Ave, Mombasa",,Back Order Allowed,customers@pandyahospital.org,Open Item,,P051100907F,MONTHLY,
False,CUST100724,Paprika Limited,KPREST,KE,,KES,30DS,Active,24200,Kim-Fay Professional,,Nairobi West,,PAPRIKALIM,Paprika limited,,3C,Ngong Road,"100,000.00",C967,Berna Piwang,Z003,Ngong,P.O Box 13939 00800,Jacaranda brook nd gate,,Back Order Allowed,procurement@paprika.co.ke,Open Item,,P051514424X,MONTHLY,
False,CUST100725,Paradise Gallery,KPDIST,KE,,KES,30D,Active,25216,Kim-Fay Professional,,Tanzania,,KPBASE,KP Base price,,14A,Tanzania,0.00,P022,Lucy Rimberia,Z014,Exports,P.O.BOX 58 - 00207,,,Back Order Allowed,PARADISE.GALLERY@YAHOO.COM,Open Item,,A003496581H,MONTHLY,
False,CUST100726,Paradise Safari Park Limited,KPHOTEL,KE,,KES,CURRENT,Active,2380B,Kim-Fay Professional,,Nairobi East,,KPBASE,KP Base price,,4C,Thika Road,3.00,P504,Diana Wendy,Z004,Thika,P.O BOX 45038,Kasarani Off Thika Road,,Back Order Allowed,rbrenda@safariparkhotel.co.ke,Open Item,,P000593906T,MONTHLY,
False,CUST100727,Parapet Limited,KPCCLNRS,KE,,KES,45DS,Active,25099,Kim-Fay Professional,,Nairobi West,,PARAPETLIM,Parapet Limited 2424,,5A,Industrial Area,"14,000,000.00",P193,June Chesire,Z005,Mombasa Road,"Bunyala road, plot No L.R. 37/136",Former Magnate Ventures Go-down,,Back Order Allowed,stores@parapetcleaning.com,Open Item,,P051123321F,MONTHLY,
False,CUST100728,Parklands Sports Club,KPHOTEL,KE,,KES,60DS,Active,3020,Kim-Fay Professional,,Nairobi West,,PARKLANDSS,Parklands Sports Club 3020,,1F,Parklands,"1,600,000.00",P025,Susan Mwathi,Z001,Westlands,P O Box 40116-00100,Ojijo Rd Off Museum Hills,,Back Order Allowed,payables@parklandssportsclub.org,Open Item,,P000606836Z,MONTHLY,
False,CUST100729,Parklane Construction Ltd,KPSERVICE,KE,,KES,30D,Active,24836,Kim-Fay Professional,,Nairobi West,,PARKLANECO,Parklane Construction ltd,,1F,Parklands,1.00,P505,Shirleen Chebet,Z001,Westlands,P.O.BOX 39436-00623,33 Parklands Road,,Back Order Allowed,accounts@parklaneconstruction.co.ke,Open Item,,P051430160Q,DAILY,
False,CUST100730,Parmalen Investments Ltd,KPSERVICE,KE,,KES,30DS,Inactive,24398,Kim-Fay Professional,,Nairobi West,,KPBASE,KP Base price,,3L,Hurlingham,"100,000.00",P025,Susan Mwathi,Z003,Ngong,P O Box 56264 00100,Lenana Road,,Back Order Allowed,,Open Item,,P051245783M,MONTHLY,
False,CUST100731,Paynet Kenya Ltd,KPSERVICE,KE,,KES,30D,Inactive,23871,Kim-Fay Professional,,Nairobi West,,KPBASE,KP Base price,,2A,CBD,"20,000.00",YVON,Yvonne Achieng,Z002,CBD,P.O.Box,Ambank House,,Back Order Allowed,mukamic@paymet.co.ke,Open Item,,,MONTHLY,
False,CUST100732,Peachhedge Africa Ltd,KPSERVICE,KE,,KES,30D,Active,24744,Kim-Fay Professional,,Nairobi West,,PEACHHEDGE,Peachhedge Africa ltd,,1D,Westlands,1.00,P504,Diana Wendy,Z001,Westlands,Muthaiga Business Center,Next to Shell Petrol Station,,Back Order Allowed,hygiene.ke@outlook.com,Open Item,,P051595883A,MONTHLY,
False,CUST100733,Pearl Beach Hotels Ltd,KPHOTEL,KE,,KES,30DS,Active,24102,Kim-Fay Professional,,Coast,,PEARLBEACH,Pearl Beach Hotel Ltd,,12A,Mombasa,"600,000.00",P022,Lucy Rimberia,Z012,Coast,P.O. Box 90521 - 80100,"Silos Road, Mkomani",,Back Order Allowed,accountsinfo@englishpointmarina.com,Open Item,,P051092905R,MONTHLY,
False,CUST100734,Pearl Of Riverside Gardenc/Oknight Frank Kenya Ltd,KPPMGR,KE,,KES,30D,Inactive,25191,Kim-Fay Professional,,Nairobi West,,KNIGHTFRAN,Knight Frank Services Ltd 3682,,1D,Westlands,"50,000.00",P104,Irene Luketelo,Z001,Westlands,,"Riverside Drive, Waiyaki Way",,Back Order Allowed,info@ke.knightfrank.com,Open Item,,P051206865J,MONTHLY,
False,CUST100735,Peesam Ltd,KPCCLNRS,KE,,KES,30D,Active,24550,Kim-Fay Professional,,Nairobi East,,PEESAMLTD,Peesam ltd,,9D,Kisii,"231,000,000.00",P104,Irene Luketelo,Z012,Coast,P.O. Box 29006 - 00100,"Ukunda Airstrip, Ukunda",,Back Order Allowed,info@peesamltd.com,Open Item,,P051597280V,MONTHLY,
False,CUST100736,Penda Health Ltd,KPHEALTH,KE,,KES,60DS,Active,24338,Kim-Fay Professional,,Nairobi East,,PENDAHEALT,Penda health care ltd,,5A,Industrial Area,"2,000,000.00",C967,Berna Piwang,Z005,Mombasa Road,P.O. Box 22647 - 00100,"Umoja Warehouse,Along Moi Drive",,Back Order Allowed,jacqueline.manyara@pendahealth.com,Open Item,,P051371655Z,MONTHLY,
False,CUST100737,Peponi  School,KPEDU,KE,,KES,60DS,Active,2421,Kim-Fay Professional,,Nairobi West,,PEPONISCHO,Peponi School 2421,,1C,Lower Kabete,0.00,P193,June Chesire,Z001,Westlands,P O Box 23203,Lower Kabete,,Back Order Allowed,m.waruru@peponihouse.sc.ke,Open Item,,P000602701D,MONTHLY,
False,CUST100738,Petals Hygiene & Sanitation Services Limited,KPCCLNRS,KE,,KES,30DS,Active,24331,Kim-Fay Professional,,Nairobi East,,PETALSHYGI,Petals Hygiene & Sanitation lt,,4C,Thika Road,"9,000,000.00",P096,Doreen Mugwika,Z004,Thika,Matigari House - Opposite Qwetu,Kra  Time Towers,,Back Order Allowed,victor.amollo@petalshygiene.co.ke,Open Item,,P051539392Y,MONTHLY,
False,CUST100741,Pevans East Africa Ltd,KPINDUSTRY,KE,,KES,30DS,Active,24366,Kim-Fay Professional,,Nairobi West,,KPBASE,KP Base price,,3N,Milimani,"200,000.00",P025,Susan Mwathi,Z003,Ngong,P.O. 38477 - 00100,Valley Road,,Back Order Allowed,,Open Item,,P051377946Q,MONTHLY,
False,CUST100742,Pharmaccess Foundation,KPSERVICE,KE,,KES,30DS,Active,24239,Kim-Fay Professional,,Nairobi West,,PHARMACCES,Pharmaccess Foundation,,1D,Westlands,"50,000.00",P505,Shirleen Chebet,Z001,Westlands,P.O Box 6711 00100,"Opposite Jaffery Academy, Lavington",,Back Order Allowed,finance@pharmaccess.or.ke,Open Item,,P051342778J,MONTHLY,
False,CUST100743,Phoenix Aviation Limited,KPAIRLINE,KE,,KES,30DS,Active,3510,Kim-Fay Professional,,Nairobi West,,PHOENIXAVI,Phoenix Aviation,,3H,Wilson Airport,"100,000.00",YVON,Yvonne Achieng,Z003,Ngong,"P.O.Box 49493-00100,","Wilson Airport,",,Back Order Allowed,Mary@phoenixaviation.co.ke,Open Item,,P051098812A,MONTHLY,
False,CUST100744,Phoenix Timber And Hardware Ltd,KPDIST,KE,,KES,30D,Active,24754,Kim-Fay Professional,,Nairobi West,,KPDISTRIB,KP Distributors,,3B,Karen,2.00,YVON,Yvonne Achieng,Z003,Ngong,P.O Box 24491 - 00502,Karen Shopping Centre,,Back Order Allowed,phoenixtimber@gmail.com,Open Item,,P051116553Y,MONTHLY,
False,CUST100745,Physical Therapy Services Ltd,KPHEALTH,KE,,KES,30D,Active,23410,Kim-Fay Professional,,Nairobi Central,,PHYSICALTH,Physical Therapy Services Ltd,,2A,CBD,"10,000.00",P504,Diana Wendy,Z002,CBD,P O 45655 00100,Opposite 680 Hotel,,Back Order Allowed,info@physicaltherapy.co.ke,Open Item,,P000634711J,MONTHLY,
False,CUST100746,Pinewood Beach Resort And Spa,KPHOTEL,KE,,KES,30DS,Active,23831,Kim-Fay Professional,,Coast,,KPBASE,KP Base price,,12B,Diani,"300,000.00",P022,Lucy Rimberia,Z012,Coast,P.O.Box 190,Diani Beach,,Back Order Allowed,accounts@pinewood-beach.com,Open Item,,P051092103H,MONTHLY,
False,CUST100747,Pinpoint Hygiene Services,KPCCLNRS,KE,,KES,CURRENT,Inactive,23437,Kim-Fay Professional,,Nairobi West,,PINPOINTHY,Pin Point Hygiene Services Ltd,,5M,Nairobi West,1.00,YVON,Yvonne Achieng,Z005,Mombasa Road,"P O Box 3173, 00100",Magaribi Plaza 1St Flr Nbi West,,Back Order Allowed,pinpointhyg@yahoo.com,Open Item,,P051153998L,MONTHLY,
False,CUST100748,Pioneer Vision Group - Aldar Restaurant,KPREST,KE,,KES,30DS,Inactive,24583,Kim-Fay Professional,,Nairobi West,,KPBASE,KP Base price,,1N,Ruaka,"100,000.00",P193,June Chesire,Z001,Westlands,P.O Box 1766 - 00620,Aldar Restaurant,,Back Order Allowed,,Open Item,,P051558026J,MONTHLY,
False,CUST100749,Placid View Properties Ltd,KPHOTEL,KE,,KES,60DS,Active,3837,Kim-Fay Professional,,Nairobi East,,PLACIDVIEW,Placid View Properties 3837,,5P,Mombasa Road,"4,800,000.00",P025,Susan Mwathi,Z005,Mombasa Road,P O Box 18187 00500,Mombasa Road,,Back Order Allowed,swachira@ole-serenihotel.com,Open Item,,P051183856D,MONTHLY,
False,CUST100750,Planet Barbeque,KPREST,KE,,KES,30D,Inactive,23629,Kim-Fay Professional,,Nairobi West,,KPBASE,KP Base price,,1D,Westlands,1.00,C967,Berna Piwang,Z001,Westlands,,Sarit Centre,,Back Order Allowed,,Open Item,,,MONTHLY,
False,CUST100751,Planning Systems Services Limited.,KPSERVICE,KE,,KES,30DS,Inactive,2079,Kim-Fay Professional,,Nairobi West,,KPBASE,KP Base price,,1C,Lower Kabete,"120,000.00",C967,Berna Piwang,Z001,Westlands,P.O.BOX 188-00606,Planning House,,Back Order Allowed,johnk@planning-kenya.com,Open Item,,,MONTHLY,
False,CUST100752,Platinum Surgery Center,KPHEALTH,KE,,KES,30D,Active,25020,Kim-Fay Professional,,Nairobi West,,KPBASE,KP Base price,,3L,Hurlingham,1.00,P505,Shirleen Chebet,Z003,Ngong,76239-00508,Arwings Kodhek Road,,Back Order Allowed,,Open Item,,P051738229Q,MONTHLY,
False,CUST100753,Plumbware Ltd,KPSERVICE,KE,,KES,30D,Inactive,23931,Kim-Fay Professional,,Nairobi East,,KPBASE,KP Base price,,5A,Industrial Area,"50,000.00",P183,Mercy Irungu,Z005,Mombasa Road,P.O.Box 54692-00200,Lanet Road,,Back Order Allowed,jayesh@plumbware-ltd.com,Open Item,,,MONTHLY,
False,CUST100754,Porini Camp,KPHOTEL,KE,,KES,30DS,Active,3788,Kim-Fay Professional,,Nairobi West,,PORINICAMP,Porini Camp 3788,,3B,Karen,"600,000.00",C967,Berna Piwang,Z003,Ngong,Opposite The Hub,"Along Dagoreti Road, next to Serenity Spa",,Back Order Allowed,stores1@gamewatchers.co.ke,Open Item,,P051157429B,MONTHLY,
False,CUST100756,Precision Plastics Ltd,KPINDUSTRY,KE,,KES,30DS,Inactive,23943,Kim-Fay Professional,,Nairobi East,,NASPLASTIC,Nas Plastics Ltd,,5A,Industrial Area,"300,000.00",P183,Mercy Irungu,Z005,Mombasa Road,P.O.Box 17653-00500,Enterprise Road,,Back Order Allowed,mmukalani@precisionplastics.co.ke,Open Item,,P000593802O,MONTHLY,
False,CUST100757,Premier Hospital Ltd,KPHEALTH,KE,,KES,30DS,Active,24674,Kim-Fay Professional,,Coast,,KPBASE,KP Base price,,12A,Mombasa,"500,000.00",P022,Lucy Rimberia,Z012,Coast,P.O Box 34526 - 80118,Links Road Nyali,,Back Order Allowed,info@premierhospital.co.ke,Open Item,,P051574102U,MONTHLY,
False,CUST100758,Premier Rehab Centres Ltd,KPHEALTH,KE,,KES,30DS,Active,23865,Kim-Fay Professional,,Nairobi West,,PREMIERREH,Premier Rehab Centres Ltd,,1F,Parklands,"90,000.00",P505,Shirleen Chebet,Z001,Westlands,Garden Estate near Castle Gardens.,,,Back Order Allowed,premierrehabcentresmsa@gmail.com,Open Item,,P051419375R,MONTHLY,
False,CUST100759,Prescott Venture Ltd,KPREST,KE,,KES,30D,Active,25253,Kim-Fay Professional,,Nairobi West,,KPBASE,KP Base price,,4C,Thika Road,2.00,P504,Diana Wendy,Z004,Thika,35547-00100,Juja City mall,,Back Order Allowed,paulmch4@gmail.com,Open Item,,P051741901T,MONTHLY,
False,CUST100760,Pressmaster Africa Ltd,KPINDUSTRY,KE,,KES,30DS,Active,24975,Kim-Fay Professional,,Nairobi East,,PRESSMASTE,Pressmaster africa ltd,,5P,Mombasa Road,"50,000.00",YVON,Yvonne Achieng,Z005,Mombasa Road,P O BOX 17560-00500,Catherine Ndereba Road,,Back Order Allowed,internalaudit@pressmaster.co.ke,Open Item,,P051637464T,MONTHLY,
False,CUST100761,Pricewaterhousecoopers Ltd,KPSERVICE,KE,,KES,60DS,Active,3423,Kim-Fay Professional,,Nairobi West,,PRICEWATER,PriceWaterHouse Coopers ltd,,1D,Westlands,"1,000,000.00",P104,Irene Luketelo,Z001,Westlands,"P.O.BOX 43963,",Pwc Tower,,Back Order Allowed,kennedy.gayah@pwc.com; ke_accountspayable@pwc.com,Open Item,,P000591421G,MONTHLY,
False,CUST100762,Prideinn Azure Hotel Limited,KPHOTEL,KE,,KES,30DS,Active,25125,Kim-Fay Professional,,Nairobi West,,PRIDEINNHO,Prideinn Hotels and invesments,,1D,Westlands,"900,000.00",P504,Diana Wendy,Z001,Westlands,66969-00200,Lantana Road,,Back Order Allowed,payables@prideinnazure.com,Open Item,,P051874168U,MONTHLY,
False,CUST100763,Prideinn Hotels And Investments Ltd,KPHOTEL,KE,,KES,30DS,Active,24594,Kim-Fay Professional,,Nairobi West,,PRIDEINNHO,Prideinn Hotels and invesments,,1D,Westlands,"900,000.00",P504,Diana Wendy,Z001,Westlands,P.O Box 66969 - 00200,Westlands Business Park,,Back Order Allowed,tom@prideinn.co.ke,Open Item,,P051326272G,MONTHLY,
False,CUST100764,Prime Cleaning Services,KPCCLNRS,KE,,KES,30DS,Active,23442,Kim-Fay Professional,,Nairobi West,,PRIMECLEAN,Prime Cleaning Services,,3C,Ngong Road,"200,000.00",P504,Diana Wendy,Z003,Ngong,P O Box 31470-00600,Piedmont Plaza,,Back Order Allowed,prime.primecleaningservices.cl@gmail.com,Open Item,,P051431468A,MONTHLY,
False,CUST100765,Priory Holdings Ltd Ltd C/O Knight Frank Kenya,KPPMGR,KE,,KES,30DS,On Hold,25185,Kim-Fay Professional,,Nairobi West,,KNIGHTFRAN,Knight Frank Services Ltd 3682,,3L,Hurlingham,"100,000.00",P104,Irene Luketelo,Z003,Ngong,40286-00100,Priory Place,,Back Order Allowed,info@ke.knightfrank.com,Open Item,,P051461738Y,MONTHLY,
False,CUST100766,Proctor & Allan Ltd,KPINDUSTRY,KE,,KES,30DS,Active,23722,Kim-Fay Professional,,Nairobi West,,KPBASE,KP Base price,,5A,Industrial Area,"140,000.00",P504,Diana Wendy,Z005,Mombasa Road,P.O.Box 18218-00500,"Limuru Town Next To Equity Bank, Kenya",,Back Order Allowed,jorwa@proctor-allan.com,Open Item,,,MONTHLY,
False,CUST100768,Professional Clean Care Ltd,KPCCLNRS,KE,,KES,90DS,Active,3356,Kim-Fay Professional,,Nairobi East,,PROFESSION,Professional Cleancare,,8G,Bungoma,"75,000,000.00",P104,Irene Luketelo,Z008,Western B,Shimanzi,Mombasa Road,,Back Order Allowed,accounts@professionalcleancare.com,Open Item,,,MONTHLY,
False,CUST100769,Prolific Works Ltd,KPCCLNRS,KE,,KES,30DS,Inactive,24451,Kim-Fay Professional,,Lower Mountain,,KPBASE,KP Base price,,6A,Nyeri,1.00,LITIGATION,Litigation Accounts,Z006,Mountain,P.O. Box 1686 - 00100,"Nyeri, Kenya",,Back Order Allowed,info@prolificworksltd.co.ke,Open Item,,P051221877A,MONTHLY,
False,CUST100770,Proto Energy Ltd,KPINDUSTRY,KE,,KES,30DS,Active,24715,Kim-Fay Professional,,Lower Mountain,,PROTOENERG,Proto Energy ltd,,4A,Thika Town,"500,000.00",P504,Diana Wendy,Z004,Thika,P.O 50384 - 00100,Proto Industrial Park,,Back Order Allowed,jmugambi@protoenergy.com,Open Item,,P051574002T,MONTHLY,
False,CUST100771,Purdy Arms Ltd,KPREST,KE,,KES,30DS,Inactive,23967,Kim-Fay Professional,,Nairobi East,,KPBASE,KP Base price,,3B,Karen,"100,000.00",BADDEBTPRO,Bad Debt Provision,Z003,Ngong,P.O.Box 36482-00100,"Karen, Along Manila Lane",,Back Order Allowed,,Open Item,,P051402254U,MONTHLY,
False,CUST100772,Purple Valley Ltd ( Five Senses Restaurant),KPREST,KE,,KES,30D,Active,24948,Kim-Fay Professional,,Nairobi West,,KPBASE,KP Base price,,3L,Hurlingham,"50,000.00",P096,Doreen Mugwika,Z003,Ngong,13808-00100,Galana Plaza,,Back Order Allowed,ppurplevalley@gmail.com,Open Item,,P051664845N,DAILY,
False,CUST100773,PZ Cussons E.A Ltd,KPINDUSTRY,KE,,KES,30DS,Active,24332,Kim-Fay Professional,,Nairobi East,,PZCUSSONSE,PZ Cussons E.A.Ltd,,4C,Thika Road,"800,000.00",P504,Diana Wendy,Z004,Thika,P.O. Box 48597 - 00100,Babadogo Road,,Back Order Allowed,justine.ongubo@pzcussons.com,Open Item,,P000611389V,MONTHLY,
False,CUST100774,Qaribu Inn (Hewton Ltd),KPHOTEL,KE,,KES,30DS,Inactive,24174,Kim-Fay Professional,,Nairobi West,,KPBASE,KP Base price,,1B,Waiyaki Way,"200,000.00",C967,Berna Piwang,Z001,Westlands,P.O. Box 40596-00100,"Loresho, Off Waiyaki Way",,Back Order Allowed,stores@qaribuinn.com,Open Item,,P051169596U,MONTHLY,
False,CUST100775,Qualibasic Seed Company,KPAGRI,KE,,KES,30D,Active,24688,Kim-Fay Professional,,Nairobi East,,QUALIBASIC,Qualibasic Seed Company,,5P,Mombasa Road,"40,000.00",P504,Diana Wendy,Z005,Mombasa Road,P O Box 28897 00100,"East Gate Road,Mombasa rd",,Back Order Allowed,wanjiru@qualibasicseed.com,Open Item,,P051626120Z,MONTHLY,
False,CUST100776,Quick Facilities Kenya Limited,KPSERVICE,KE,,KES,30D,Active,24970,Kim-Fay Professional,,Nairobi East,,KPBASE,KP Base price,,1C,Lower Kabete,1.00,P504,Diana Wendy,Z001,Westlands,44390-00100,"67 Gitanga Road, Lower Kabete",,Back Order Allowed,emauta@quickfacilitiesk.com,Open Item,,P051321114B,DAILY,
False,CUST100778,Radiant Group of Hospitals Ltd,KPHEALTH,KE,,KES,60DS,Active,25038,Kim-Fay Professional,,Nairobi East,,RADIANTGRO,Radiant Group hospitals,,1G,Pangani,0.00,C967,Berna Piwang,Z001,Westlands,Pangani branch,8th floor  along Juja road,,Back Order Allowed,judithkimeu@radianthospitals.org,Open Item,,P051324102J,MONTHLY,
False,CUST100779,Redcourt Hotel,KPHOTEL,KE,,KES,60DS,Inactive,3808,Kim-Fay Professional,,Nairobi West,,KPBASE,KP Base price,,5N,South C,"1,200,000.00",P104,Irene Luketelo,Z005,Mombasa Road,P O Box 26601 0100,Next To Red Cross,,Back Order Allowed,charles.awino@redcourt.co.ke,Open Item,,P051209508B,MONTHLY,
False,CUST100780,Redcourt-Bie,KPHOTEL,KE,,KES,60DS,Inactive,24046,Kim-Fay Professional,,North Rift,,KPBASE,KP Base price,,8A,Eldoret,"400,000.00",P104,Irene Luketelo,Z008,Western B,,Eldoret,,Back Order Allowed,bie-payables@theboma.co.ke,Open Item,,P051209508B,MONTHLY,
False,CUST100781,Regal Pharmaceuticals Limited,KPHEALTH,KE,,KES,30DS,Active,23602,Kim-Fay Professional,,Nairobi East,,REGALPHARM,Regal Pharmaceutical,,4C,Thika Road,"180,000.00",YVON,Yvonne Achieng,Z004,Thika,P.O.BOX 44421 - 00100,Pharmaceutical Manufacturers And Wholesa,,Back Order Allowed,purchase1@regalpharmaceuticals.com,Open Item,,P000614512G,MONTHLY,
False,CUST100782,Reliance Hospital Limited,KPHEALTH,KE,,KES,30DS,Active,25005,Kim-Fay Professional,,Nairobi West,,RELIANCHOS,Reliance Hospital,,5N,South C,"300,000.00",P096,Doreen Mugwika,Z005,Mombasa Road,P.O.BOX 4166 - 00506,Ole Shapara Avenue South C,,Back Order Allowed,finance.reliance92@gmail.com,Open Item,,P051792742K,MONTHLY,
False,CUST100783,Reliance Hotels Ltd,KPHOTEL,KE,,KES,60DS,Active,24649,Kim-Fay Professional,,Nairobi East,,RELIANCEHO,Reliance Hotels ltd,,5P,Mombasa Road,0.00,P193,June Chesire,Z005,Mombasa Road,P.O Box 25407 - 00603,Hilton Garden Inn,,Back Order Allowed,abbabakhar.abba@hginairobi.co.ke,Open Item,,P051438636L,MONTHLY,
False,CUST100784,Reminisce Bar And Grill Karen,KPREST,KE,,KES,30DS,Active,23327,Kim-Fay Professional,,Nairobi West,,KPBASE,KP Base price,,3B,Karen,"50,000.00",P504,Diana Wendy,Z003,Ngong,P O Box 79080-00400,Karen,,Back Order Allowed,,Open Item,,,MONTHLY,
False,CUST100785,Rensha Enterprises Limited,KPSERVICE,KE,,KES,30D,Active,25201,Kim-Fay Professional,,Nairobi Central,,KPBASE,KP Base price,,2A,CBD,2.00,P104,Irene Luketelo,Z002,CBD,P. O. BOX 12825 -00400,"Dawan House,Near Modern Coast",,Back Order Allowed,INFO@RENSHAENTERPRISES.CO.KE,Open Item,,P051548310A,MONTHLY,
False,CUST100786,Rentokil,KPSERVICE,KE,,KES,60DS,Active,3142,Kim-Fay Professional,,Nairobi East,,RENTOKIL31,Rentokil 3142,,5A,Industrial Area,"2,000,000.00",P104,Irene Luketelo,Z005,Mombasa Road,,Sameer Business Park,,Back Order Allowed,joy.kinuthia@rentokil-initial.com,Open Item,,P000591931N,MONTHLY,
False,CUST100787,Reverend Brothers Cmm C/O Knight Frank Kenya Ltd,KPPMGR,KE,,KES,30D,On Hold,25187,Kim-Fay Professional,,Nairobi West,,KNIGHTFRAN,Knight Frank Services Ltd 3682,,1D,Westlands,"50,000.00",P104,Irene Luketelo,Z001,Westlands,,Rhapta Road,,Back Order Allowed,info@ke.knightfrank.com,Open Item,,P051102313Y,MONTHLY,
False,CUST100788,Revitalize Ltd,KPSERVICE,KE,,KES,30D,Active,24276,Kim-Fay Professional,,Nairobi West,,KPBASE,KP Base price,,1D,Westlands,"50,000.00",P504,Diana Wendy,Z001,Westlands,P.O. Box 1452-00606,New Muthaiga Shopping Centre,,Back Order Allowed,chiefaccountant@revitalize.co.ke,Open Item,,P051449062M,MONTHLY,
False,CUST100789,Riana Properties Ltd - C/O Knight Frank Ltd,KPPMGR,KE,,KES,60DS,Active,24399,Kim-Fay Professional,,Nairobi West,,KNIGHTFRAN,Knight Frank Services Ltd 3682,,3L,Hurlingham,"300,000.00",P104,Irene Luketelo,Z003,Ngong,C/O Knight Frank Ltd,"The Atrium,",,Back Order Allowed,rosemary.olimba@ke.knightfrank.com,Open Item,,P051194009P,MONTHLY,
False,CUST100790,Riara Group Of Schools,KPEDU,KE,,KES,60DS,Active,3713,Kim-Fay Professional,,Nairobi West,,RIARAGROUP,Riara Group of Schools 3713,,3C,Ngong Road,"1,050,000.00",P104,Irene Luketelo,Z003,Ngong,P O Box 21389 00505,Ngong Road Riara Lane,,Back Order Allowed,jnjiraini@riaraschools.ac.ke,Open Item,,P000614853X,MONTHLY,
False,CUST100791,Riara University,KPEDU,KE,,KES,60DS,Active,24623,Kim-Fay Professional,,Nairobi West,,RIARAGROUP,Riara Group of Schools 3713,,5P,Mombasa Road,"2,000,000.00",P104,Irene Luketelo,Z005,Mombasa Road,Mombasa road,Riara road,,Back Order Allowed,jnjiraini@riaraschools.ac.ke,Open Item,,,MONTHLY,
False,CUST100792,Rift Valley Academy,KPEDU,KE,,KES,30DS,Active,3743,Kim-Fay Professional,,Nairobi West,,RIFTVALLEY,Rift Valley Academy,,2B,Kijabe,"1,200,000.00",P193,June Chesire,Z002,CBD,P O Box 80,,,Back Order Allowed,payables@rva.org,Open Item,,P051094283E,MONTHLY,
False,CUST100793,Riscan Enterprises Ltd,KPSERVICE,KE,,KES,30D,Inactive,24315,Kim-Fay Professional,,Nairobi West,,KPBASE,KP Base price,,5C,Embakasi,"500,000.00",P183,Mercy Irungu,Z005,Mombasa Road,,Roundabout After Tuskys Embakasi,,Back Order Allowed,,Open Item,,,MONTHLY,
False,CUST100796,River Cafe Gigiri Ltd,KPREST,KE,,KES,30DS,Active,23664,Kim-Fay Professional,,Nairobi West,,RIVERCAFEG,River Cafe Gigiri ltd,,1L,Gigiri,0.00,C1262,Mercyline Kemunto,Z001,Westlands,P.O.Box 9415-00100,Off Limuru Road,,Back Order Allowed,stores@therivercafekenya.com,Open Item,,P051379487A,MONTHLY,
False,CUST100797,Riverside Grove Apartments Ltd,KPHOTEL,KE,,KES,30DS,Active,24527,Kim-Fay Professional,,Nairobi West,,RIVERSIDEG,Riverside groove apartments,,1D,Westlands,"80,000.00",C967,Berna Piwang,Z001,Westlands,P.O Box 45626 - 00100,Riverside Groove Apartments,,Back Order Allowed,payables@bwexecutiveresidencynairobi.co.ke,Open Item,,P051412600J,MONTHLY,
False,CUST100798,Rizenn Homes Ltd,KPCCLNRS,KE,,KES,60DS,Active,23712,Kim-Fay Professional,,Nairobi Central,,RIZZENHOME,Rizzen Homes Ltd,,2A,CBD,"1,300,000.00",P193,June Chesire,Z002,CBD,"AmBank House,  Lower basement,",University way,,Back Order Allowed,accounts@rizennhomes.co.ke,Open Item,,P051373172C,MONTHLY,
False,CUST100799,Roasters,KPHOTEL,KE,,KES,30DS,Active,3734,Kim-Fay Professional,,Nairobi East,,ROASTERS,Roasters,,4C,Thika Road,"60,000.00",C967,Berna Piwang,Z004,Thika,P O Box 959 00618,Garden  Estate Road Nairobi,,Back Order Allowed,storesnairobi@thelukehotel.co.ke,Open Item,,P051112180N,MONTHLY,
False,CUST100800,Rodentkil Cleaning Company Ltd,KPCCLNRS,KE,,KES,CURRENT,Active,24713,Kim-Fay Professional,,Nairobi East,,RODENTKILC,Rodentkil Cleaning co.,,5A,Industrial Area,2.00,P096,Doreen Mugwika,Z005,Mombasa Road,P O Box 47696 00100,"Wundanyi Road,industrial area",,Back Order Allowed,accounts@rodentkillcleaners.com,Open Item,,P051128227W,MONTHLY,
False,CUST100801,Roho Hospitality Ltd - Fonda Restaurant,KPREST,KE,,KES,30D,Active,24809,Kim-Fay Professional,,Nairobi West,,KPBASE,KP Base price,,1N,Ruaka,1.00,P025,Susan Mwathi,Z001,Westlands,"P.O.BOX 2016-00621 NAIROBI, KENYA",Rosslyn Riviera Mall - Limuru Road,,Back Order Allowed,jom@fondanbo.com,Open Item,,P051590688R,MONTHLY,
False,CUST100802,Rooftop Forty Holdings Ltd,KPREST,KE,,KES,30D,Active,25286,Kim-Fay Professional,,Nairobi West,,ROOFTOPFOR,Rooftop Forty Holdings Ltd,,1D,Westlands,2.00,C967,Berna Piwang,Z001,Westlands,Stellato Mall,,,Back Order Allowed,rooftopforty@gmail.com,Open Item,,P051639942U,MONTHLY,
False,CUST100804,Rosedale Gardens Limited,KPSERVICE,KE,,KES,30D,Active,25036,Kim-Fay Professional,,Nairobi West,,KPBASE,KP Base price,,3M,Kilimani,2.00,P504,Diana Wendy,Z003,Ngong,P.O.BOX 72961 - 00100,Rose Avenue,,Back Order Allowed,INFO@ROSEDALEGARDENSKILIMANI.COM,Open Item,,P051538358U,MONTHLY,
False,CUST100805,Rosevilla Properties Ltd,KPSERVICE,KE,,KES,30DS,Active,24739,Kim-Fay Professional,,Nairobi West,,,,,1D,Westlands,"400,000.00",P505,Shirleen Chebet,Z001,Westlands,P.O Box 35477 - 00100,96 Riverside Drive,,Back Order Allowed,accounts2@furniturepalace.co.ke,Open Item,,P000601009Z,MONTHLY,
False,CUST100806,Rosewood Furniture Ltd,KPINDUSTRY,KE,,KES,30DS,Active,24167,Kim-Fay Professional,,Nairobi East,,KPBASE,KP Base price,,5P,Mombasa Road,"15,000.00",P504,Diana Wendy,Z005,Mombasa Road,Eastgate Industrial Park,National Park East Gate Rd. Godown 8,,Back Order Allowed,karan@pearlkenya.com,Open Item,,P051093546Y,MONTHLY,
False,CUST100807,Rosey International Ltd,KPCCLNRS,KE,,KES,30D,Active,24612,Kim-Fay Professional,,Nairobi West,,ROSEYINTER,Rosey International ltd,,5N,South C,20.00,P104,Irene Luketelo,Z005,Mombasa Road,P.O Box 429 - 00200,"Woodvale Grove, Westlands",,Back Order Allowed,info@roseyintl.com,Open Item,,P051358622F,MONTHLY,
False,CUST100808,Rosslyn Academy,KPEDU,KE,,KES,30DS,Active,24205,Kim-Fay Professional,,Nairobi West,,ROSSLYNACA,Rosslyn Academy,,1L,Gigiri,0.00,P096,Doreen Mugwika,Z001,Westlands,P.O Box 14146,Magnolia Close Past Emerald Gardens,,Back Order Allowed,simong@rosslynacademy.com,Open Item,,P051096020R,MONTHLY,
False,CUST100809,Royal Netherlands Embassy,KPGOVT,KE,,KES,30D,Active,3832,Kim-Fay Professional,,Nairobi West,,KPBASE,KP Base price,,1D,Westlands,"50,000.00",YVON,Yvonne Achieng,Z001,Westlands,P O Box 41537 00100,,,Back Order Allowed,nai-az@minbuza.nl,Open Item,,P051409779Y,MONTHLY,
False,CUST100810,Royal Canaan Nairobi Hotel,KPHOTEL,KE,,KES,30DS,Active,24434,Kim-Fay Professional,,Nairobi West,,CANAANEAST,Canaan East Co.Ltd,,3L,Hurlingham,"600,000.00",C967,Berna Piwang,Z003,Ngong,P.O. Box 28372-00100,Tigoni Road,,Back Order Allowed,payables@rtcanaannairobi.com; fc@canaannairobi.com,Open Item,,P051395757R,MONTHLY,
False,CUST100811,Rumorth E A Ltd,KPCCLNRS,KE,,KES,30D,Active,3614,Kim-Fay Professional,,Nairobi West,,KPBASE,KP Base price,,4B,Kahawa,"100,000.00",P504,Diana Wendy,Z004,Thika,P O Box 61710 00200,"Cross Road, Cbd",,Back Order Allowed,,Open Item,,,MONTHLY,
False,CUST100812,Rusalab,KPHEALTH,KE,,KES,30D,Active,3433,Kim-Fay Professional,,Nairobi West,,KPBASE,KP Base price,,3C,Ngong Road,2.00,P504,Diana Wendy,Z003,Ngong,Nairobi Hospital (Use gate 2),"Doctors Plaza, 1st Flr Room 109",,Back Order Allowed,rusalabltd@gmail.com,Open Item,,P051115370V,MONTHLY,
False,CUST100813,Ruthpharm Limited,KPHEALTH,KE,,KES,30D,Inactive,23620,Kim-Fay Professional,,Nairobi West,,,,,3O,Upper Hill,"100,000.00",YVON,Yvonne Achieng,Z003,Ngong,,"Mara Road, Upperhill",,Back Order Allowed,ruthpharm55@yahoo.com,Open Item,,,MONTHLY,
False,CUST100814,Rwatira Agencies,KPDIST,KE,,KES,30D,Active,24886,Kim-Fay Professional,,Nairobi Central,,KPBASE,KP Base price,,2A,CBD,"100,000.00",P504,Diana Wendy,Z002,CBD,P. O. Box 9103 - 00200,Haileselasie Avenue,,Back Order Allowed,,Open Item,,A001284610B,MONTHLY,
False,CUST100815,Saab Bakery And Cafe Ltd,KPREST,KE,,KES,30D,Active,25162,Kim-Fay Professional,,Nairobi West,,SAABBAKERY,Saab Bakery & Cafe Ltd,,3B,Karen,2.00,P096,Doreen Mugwika,Z003,Ngong,P.O. BOX 15799 - 00509,The Karen Water Front,,Back Order Allowed,officeadmin@saab.co.ke,Open Item,,P051715869Y,MONTHLY,
False,CUST100816,Saape Limited,KPREST,KE,,KES,30DS,Active,24919,Kim-Fay Professional,,Nairobi Central,,SAAPELTD,Saape ltd,,4C,Thika Road,"7,500,000.00",C1262,Mercyline Kemunto,Z004,Thika,Rattansi Educational Trust Building,Thika Rd.,,Back Order Allowed,finance@saape.co.ke,Open Item,,P051232948A,MONTHLY,
False,CUST100817,Sabaki River Holdings Ltd C/O Knight Frank (K) Ltd,KPPMGR,KE,,KES,60DS,Inactive,24416,Kim-Fay Professional,,Coast,,KNIGHTFRAN,Knight Frank Services Ltd 3682,,12D,Malindi,"400,000.00",P104,Irene Luketelo,Z012,Coast,,"Malindi Lamu Road, Oasis Mall",,Back Order Allowed,stephen.ombaka@ke.knightfrank.com,Open Item,,P051328327E,MONTHLY,
False,CUST100819,Safe Haven Ltd C/O Nairobi International School,KPEDU,KE,,KES,30DS,Active,25063,Kim-Fay Professional,,Nairobi West,,KPBASE,KP Base price,,1B,Waiyaki Way,"14,000.00",C967,Berna Piwang,Z001,Westlands,66831-00800,Off James Gichuru,,Back Order Allowed,naazleen.alibhai@nis.ac.ke,Open Item,,P051207132T,MONTHLY,
False,CUST100820,Safe Pak Industries,KPINDUSTRY,KE,,KES,30D,Active,3553,Kim-Fay Professional,,Nairobi East,,KPBASE,KP Base price,,5P,Mombasa Road,1.00,P504,Diana Wendy,Z005,Mombasa Road,"P.O.Box 63150-00619,","Maasai Road,",,Back Order Allowed,,Open Item,,,MONTHLY,
False,CUST100821,Safer World Investment Ltd(Kabete Internationalsch,KPEDU,KE,,KES,60DS,Active,24980,Kim-Fay Professional,,Nairobi West,,PEPONISCHO,Peponi School 2421,,1C,Lower Kabete,0.00,P193,June Chesire,Z001,Westlands,23203,Lower Kabete(Kabete International Schoo,,Back Order Allowed,m.waruru@peponihouse.sc.ke,Open Item,,P051433297K,MONTHLY,
False,CUST100822,Safewayhypermarkets Ltd(Mtwapa Mall)C/Oknightfrank,KPPMGR,KE,,KES,60DS,Active,23661,Kim-Fay Professional,,Coast,,KNIGHTFRAN,Knight Frank Services Ltd 3682,,12A,Mombasa,0.00,P104,Irene Luketelo,Z012,Coast,P.O.Box 39773-00623,"Mtwapa, Mombasa",,Back Order Allowed,Richard.Kombo@ke.knightfrank.com,Open Item,,P051092499K,MONTHLY,
False,CUST100823,Safeways Hypermarket Ltd C/O Knight Frank,KPPMGR,KE,,KES,60DS,Active,3825,Kim-Fay Professional,,Nairobi West,,KNIGHTFRAN,Knight Frank Services Ltd 3682,,3R,Langata Road,0.00,P104,Irene Luketelo,Z003,Ngong,Nairobi,"T-Mall Building, Langata Rd",,Back Order Allowed,grace.munge@ke.knightfrank.com,Open Item,,P051092499K,MONTHLY,
False,CUST100824,Safeways Supermarket - Mtwapa,KPPMGR,KE,,KES,30D,Inactive,24284,Kim-Fay Professional,,Coast,,KPBASE,KP Base price,,12A,Mombasa,1.00,P022,Lucy Rimberia,Z012,Coast,,Mtwapa Mall,,Back Order Allowed,jeremiah.nyaga@ke.knightfrank.com,Open Item,,P051092499K,MONTHLY,
False,CUST100825,Saj Ceramics,KPINDUSTRY,KE,,KES,30DS,Active,3683,Kim-Fay Professional,,Nairobi East,,SAJCERAMIC,Saj Ceramics 3683,,5P,Mombasa Road,"100,000.00",YVON,Yvonne Achieng,Z005,Mombasa Road,P O Box 45244 00100,"Mombasa Road,",,Back Order Allowed,ceramics@saj.co.ke,Open Item,,P000601935K,MONTHLY,
False,CUST100826,Sal Kenya Limited,KPCCLNRS,KE,,KES,30D,Active,25260,Kim-Fay Professional,,Nairobi West,,SALKENYALT,Sal Kenya ltd,,6E,Nanyuki,2.00,YVON,Yvonne Achieng,Z006,Mountain,Sameer Park D3,Nanyuki,,Back Order Allowed,,Open Item,,P051174360V,MONTHLY,
False,CUST100828,Salvador Caetano Kenya,KPSERVICE,KE,,KES,30D,Active,24960,Kim-Fay Professional,,Nairobi East,,KPBASE,KP Base price,,5P,Mombasa Road,1.00,P504,Diana Wendy,Z005,Mombasa Road,,Mombasa Road,,Back Order Allowed,,Open Item,,P051753840H,DAILY,
False,CUST100829,Samaritans Purse,KPRELGS,KE,,KES,30D,Active,25007,Kim-Fay Professional,,Nairobi West,,SAMARITANS,Samaritans purse,,3K,Lavington,1.00,YVON,Yvonne Achieng,Z003,Ngong,,Gem Lane,,Back Order Allowed,,Open Item,,P051100541D,MONTHLY,
False,CUST100830,Samco Holdings Ltd (Eka Hotel),KPHOTEL,KE,,KES,60DS,Active,23700,Kim-Fay Professional,,Nairobi East,,SAMCOHOLDI,Samco Holdings Ltd (Eka Hotel),,5P,Mombasa Road,"1,500,000.00",P193,June Chesire,Z005,Mombasa Road,P.O.Box 27695-00506,"Eka Hotel, Mombasa Road",,Back Order Allowed,mkavili@ekahotel.com,Open Item,,P051097146E,MONTHLY,
False,CUST100831,Sameer Business Park Ltd,KPPMGR,KE,,KES,60DS,Active,25009,Kim-Fay Professional,,Nairobi West,,KNIGHTFRAN,Knight Frank Services Ltd 3682,,5P,Mombasa Road,"600,000.00",P104,Irene Luketelo,Z005,Mombasa Road,po box 55358-00200,Sameer Business Park,,Back Order Allowed,judy@sameer-group.co.ke,Open Item,,P051198649N,MONTHLY,
False,CUST100833,Samsung Electronics East Africa Limited,KPINDUSTRY,KE,,KES,30DS,Active,23697,Kim-Fay Professional,,Nairobi West,,SUMSANGELE,Sumsang Electronics,,1B,Waiyaki Way,"80,000.00",YVON,Yvonne Achieng,Z001,Westlands,"P.O.Box 27577 - 00506, Nairobi, Kenya",West End Towers - 3Rd Floor,,Back Order Allowed,vickie.m@samsung.com,Open Item,,P051374071C,MONTHLY,
False,CUST100835,Sanjha Chulha Kenya Ltd,KPREST,KE,,KES,15DS,Inactive,24983,Kim-Fay Professional,,Nairobi West,,KPBASE,KP Base price,,3M,Kilimani,"80,000.00",P025,Susan Mwathi,Z003,Ngong,22199-00100,"Ole Odume, Kilimani",,Back Order Allowed,sanjhachulha215@gmail.com,Open Item,,P0515191435,MONTHLY,
False,CUST100836,Sankara Nairobi,KPHOTEL,KE,,KES,60DS,Active,23311,Kim-Fay Professional,,Nairobi West,,SANKARANAI,Sankara Nairobi 23311,,1D,Westlands,"1,600,000.00",P025,Susan Mwathi,Z001,Westlands,P O Box 1638 - 00606,Westlands,,Back Order Allowed,jenita.irungu@sankara.com,Open Item,,P051188529H,MONTHLY,
False,CUST100837,Armco (Kenya) Limited,KPINDUSTRY,KE,,KES,30DS,Active,3191,Kim-Fay Professional,,Nairobi East,,CONSUMER,CONSUMER,,5C,Embakasi,"600,000.00",P504,Diana Wendy,Z005,Mombasa Road,Shamneel Court,NO . 2 Muthithi Road westlands,,Back Order Allowed,helen.akinyi@armcokenya.com,Open Item,,P000595344Z,MONTHLY,
False,CUST100838,Sarova Hotels Ltd - Central Stores,KPHOTEL,KE,,KES,60DS,Active,1127,Kim-Fay Professional,,Nairobi West,,SAROVAHOTE,Sarova Hotels Ltd - Central,,5P,Mombasa Road,0.00,P025,Susan Mwathi,Z005,Mombasa Road,P.O.BOX 72493,Opposite City Cabanas,,Back Order Allowed,joseph.nyakwaka@sarovahotels.com,Open Item,,P000607761D,MONTHLY,
False,CUST100839,Sarova Isokon Mara,KPHOTEL,KE,,KES,60DS,Active,24189,Kim-Fay Professional,,Nairobi West,,SAROVAHOTE,Sarova Hotels Ltd - Central,,5P,Mombasa Road,"1,200,000.00",P025,Susan Mwathi,Z005,Mombasa Road,,,,Back Order Allowed,joseph.nyakwaka@sarovahotels.com,Open Item,,P000597448I,MONTHLY,
False,CUST100840,Sarova Lion Hill Camp,KPHOTEL,KE,,KES,60DS,Active,24190,Kim-Fay Professional,,Nairobi West,,SAROVAHOTE,Sarova Hotels Ltd - Central,,5P,Mombasa Road,0.00,P025,Susan Mwathi,Z005,Mombasa Road,,,,Back Order Allowed,joseph.nyakwaka@sarovahotels.com,Open Item,,P000610910A,MONTHLY,
False,CUST100841,Sarova Shaba,KPHOTEL,KE,,KES,60DS,Active,24191,Kim-Fay Professional,,Nairobi West,,SAROVAHOTE,Sarova Hotels Ltd - Central,,5P,Mombasa Road,0.00,P025,Susan Mwathi,Z005,Mombasa Road,,,,Back Order Allowed,joseph.nyakwaka@sarovahotels.com,Open Item,,P000607761D,MONTHLY,
False,CUST100842,Sarova Taita Hills,KPHOTEL,KE,,KES,60DS,Inactive,24192,Kim-Fay Professional,,Nairobi West,,KPBASE,KP Base price,,3Q,Valley Road,0.00,P025,Susan Mwathi,Z003,Ngong,,,,Back Order Allowed,creditcontroller@taitahillssafariresort.com,Open Item,,P000595126V,MONTHLY,
False,CUST100843,Sarova Woodlands,KPHOTEL,KE,,KES,60DS,Active,24609,Kim-Fay Professional,,Nairobi West,,SAROVAHOTE,Sarova Hotels Ltd - Central,,7C,Nakuru,0.00,P025,Susan Mwathi,Z007,Western A,P.O. Box 30486 - 00200,Sarova Woodlands,,Back Order Allowed,joseph.nyakwaka@sarovahotels.com,Open Item,,P051169391N,MONTHLY,
False,CUST100844,Sasini Cofee House Ltd,KPHOTEL,KE,,KES,30DS,Inactive,3702,Kim-Fay Professional,,Nairobi West,,KPBASE,KP Base price,,2A,CBD,"150,000.00",YVON,Yvonne Achieng,Z002,CBD,P O Box 34891 00100,"Sasini House, Ground Floor",,Back Order Allowed,aahmed@mysavannalounge.com,Open Item,,,MONTHLY,
False,CUST100845,Savannah Healthcare Services Ltd,KPHEALTH,KE,,KES,30D,Active,25242,Kim-Fay Professional,,Nairobi Central,,KPBASE,KP Base price,,2A,CBD,1.00,C967,Berna Piwang,Z002,CBD,76098-00508,Pioneer House,,Back Order Allowed,info@savannahhealth.co.ke,Open Item,,P051226769Z,MONTHLY,
False,CUST100846,Sawela Lodge,KPHOTEL,KE,,KES,60DS,Active,23750,Kim-Fay Professional,,South Rift,,SAWELALODG,Sawela Lodge,,7A,Naivasha,"1,050,000.00",P489,John Kaguai,Z007,Western A,P.O.Box 51391-00100,Moi South Lake Road - Naivasha,,Back Order Allowed,controls@sawelalodges.com,Open Item,,P051198729K,MONTHLY,
False,CUST100847,Sbm Bank (Kenya) Ltd,KPBANK,KE,,KES,30DS,Active,3835,Kim-Fay Professional,,Nairobi West,,CHASEBANKK,Chase bank (k) ltd,,9D,Kisii,0.00,P104,Irene Luketelo,Z012,Coast,Zion Mall,Zion Mall,,Back Order Allowed,beatrice.guya@sbmbank.co.ke,Open Item,,,MONTHLY,
False,CUST100848,Scanad Kenya Ltd,KPSERVICE,KE,,KES,60DS,Active,23361,Kim-Fay Professional,,Nairobi West,,SCANADKENY,Scanad Kenya Ltd,,3Q,Valley Road,"750,000.00",YVON,Yvonne Achieng,Z003,Ngong,,The Chancery / Valley Road,,Back Order Allowed,william.nganga@wpp-scangroup.com,Open Item,,P051143374W,MONTHLY,
False,CUST100849,Schenker Ltd,KPSERVICE,KE,,KES,30DS,Active,23797,Kim-Fay Professional,,Nairobi East,,SCHENKERLT,Schenker Ltd,,5D,JKIA,"400,000.00",C1262,Mercyline Kemunto,Z005,Mombasa Road,P.O.Box 46757,North Airport,,Back Order Allowed,saumu.saidi@dbschenker.com,Open Item,,P000592806Q,MONTHLY,
False,CUST100850,Schneider Electric (Kenya) Limited,KPINDUSTRY,KE,,KES,30DS,Active,23419,Kim-Fay Professional,,Nairobi East,,POWERTECHN,Power technics Ltd,,5P,Mombasa Road,"450,000.00",P505,Shirleen Chebet,Z005,Mombasa Road,P O Box 49197-00100,Msa Rd Next City Cabanas,,Back Order Allowed,nduati.kuria@se.com,Open Item,,P051444990N,MONTHLY,
False,CUST100851,School Operators LtdXXXX,KPEDU,KE,,KES,30DS,Inactive,3833,Kim-Fay Professional,,Nairobi West,,KPBASE,KP Base price,,3O,Upper Hill,"100,000.00",P183,Mercy Irungu,Z003,Ngong,P O Box 236 00232,,,Back Order Allowed,,Open Item,,P000602701D,MONTHLY,
False,CUST100853,Secret Garden Cafe,KPREST,KE,,KES,30D,Inactive,23906,Kim-Fay Professional,,Nairobi West,,KPBASE,KP Base price,,1D,Westlands,"60,000.00",YVON,Yvonne Achieng,Z001,Westlands,P.O.Box 5104-00100,14 Riverside Drive,,Back Order Allowed,admin@secretgardencafe.co.ke,Open Item,,P051380907U,MONTHLY,
False,CUST100854,Securex Agencies (K) Ltd,KPSERVICE,KE,,KES,30DS,Active,24138,Kim-Fay Professional,,Nairobi West,,SECUREXAGE,Securex Agencies (K)ltd,,1D,Westlands,"30,000.00",P505,Shirleen Chebet,Z001,Westlands,P.O Box 48399-00100,Securex Place,,Back Order Allowed,accounts@securex.co.ke,Open Item,,P000593054U,MONTHLY,
False,CUST100855,Securex Investments Ltd C/O Knight Frank Kenya Ltd,KPPMGR,KE,,KES,60DS,Active,24625,Kim-Fay Professional,,Nairobi West,,KNIGHTFRAN,Knight Frank Services Ltd 3682,,1D,Westlands,"400,000.00",P104,Irene Luketelo,Z001,Westlands,P.O Box 48399 - 00100,9 Riverside Drive,,Back Order Allowed,lydia.ndichu@ke.knightfrank.com,Open Item,,P051214091Y,MONTHLY,
False,CUST100857,Serena  Hotels,KPHOTEL,KE,,KES,60DS,Active,1125,Kim-Fay Professional,,Nairobi Central,,SERENAHOTE,Serena Hotels,,2A,CBD,0.00,P193,June Chesire,Z002,CBD,Next to Liberty life,,,Back Order Allowed,edna.gikombo@serenahotels.com,Open Item,,P000595529C,MONTHLY,
False,CUST100858,Serenity Spa Limited,KPHOTEL,KE,,KES,30D,Active,25145,Kim-Fay Professional,,Nairobi West,,SERENITYSP,Serenity Spa ltd,,1L,Gigiri,"600,000.00",C967,Berna Piwang,Z001,Westlands,P.O.BOX 1934 - 00621,Kitusuru,,Back Order Allowed,Vanessa@serenityspa.co.ke,Open Item,,P051343586J,MONTHLY,
False,CUST100859,Seton International Ltd,KPDIST,KE,,KES,30DS,Active,24932,Kim-Fay Professional,,Nairobi East,,KPDISTRIB,KP Distributors,,5P,Mombasa Road,"900,000.00",P193,June Chesire,Z005,Mombasa Road,20028-00100,Nextgen Mall,,Back Order Allowed,susan@setoninternational.com,Open Item,,P051539348S,MONTHLY,
False,CUST100860,Seven Degrees North Ltd,KPREST,KE,,KES,30DS,Active,25095,Kim-Fay Professional,,Nairobi West,,SEVENDEGNO,Seven Degrees North,,1D,Westlands,"140,000.00",P505,Shirleen Chebet,Z001,Westlands,7525-00200,Prosperity House,,Back Order Allowed,info@sdnlimited.com,Open Item,,P051332814O,MONTHLY,
False,CUST100861,Seven Degrees Restaurant,KPREST,KE,,KES,30DS,Active,23673,Kim-Fay Professional,,Nairobi West,,SEVENDEGRE,Seven Degrees Restaurant,,3C,Ngong Road,"100,000.00",P504,Diana Wendy,Z003,Ngong,109-00502,Ngong Road,,Back Order Allowed,info@7degrees.co.ke,Open Item,,P051758110D,MONTHLY,
False,CUST100862,Severine Properties Ltd,KPPMGR,KE,,KES,30D,Active,25056,Kim-Fay Professional,,Nairobi West,,SEVERINEPR,Severine properties ltd,,3B,Karen,1.00,P505,Shirleen Chebet,Z003,Ngong,6850-00200,Lamwia Road,,Back Order Allowed,info@severine-cottages.com,Open Item,,P051721466F,MONTHLY,
False,CUST100863,Shade Manufacturers & Hotel Ltd,KPREST,KE,,KES,30D,Active,24730,Kim-Fay Professional,,Nairobi West,,SHADEMANUF,Shade Manufactures & hotel ltd,,3C,Ngong Road,2.00,P504,Diana Wendy,Z003,Ngong,P.O Box 62667 - 00200,"Ask Show Ground, Jamhuri Grounds",,Back Order Allowed,info@shadehotel.co.ke,Open Item,,P000601103U,MONTHLY,
False,CUST100864,Shahraz Ltd (T/A Pride Inn Paradise),KPHOTEL,KE,,KES,CURRENT,Inactive,24409,Kim-Fay Professional,,Coast,,KPBASE,KP Base price,,12A,Mombasa,1.00,P022,Lucy Rimberia,Z012,Coast,P.O. Box 66969-00200,Shanzu Mombasa,,Back Order Allowed,purchasing@prideinnparadise.com,Open Item,,P051203216H,MONTHLY,
False,CUST100865,Shamgro Limited C/O Knight Frank,KPPMGR,KE,,KES,60DS,Active,24855,Kim-Fay Professional,,Nairobi West,,KNIGHTFRAN,Knight Frank Services Ltd 3682,,1D,Westlands,"600,000.00",P104,Irene Luketelo,Z001,Westlands,P. O. Box 39773 - 00623,Eden Square,,Back Order Allowed,david.mugwe@ke.knightfrank.com,Open Item,,P051155598N,MONTHLY,
False,CUST100867,Shani Kindergarten,KPEDU,KE,,KES,15DS,Active,24597,Kim-Fay Professional,,Nairobi West,,KPBASE,KP Base price,,1B,Waiyaki Way,"120,000.00",P505,Shirleen Chebet,Z001,Westlands,P.O. Box 67978 - 00200,Junction Of Musa Gitau Road,,Back Order Allowed,admin@shanischool.com,Open Item,,P051170947U,15DAYS,
False,CUST100869,Sheria Sacco,KPSERVICE,KE,,KES,30D,Active,23873,Kim-Fay Professional,,Nairobi Central,,SHERIASACC,Sheria Sacco,,2A,CBD,2.00,YVON,Yvonne Achieng,Z002,CBD,P.O.Box 34390-00100,"Upperhill, Next To Geomap Centre",,Back Order Allowed,leah.muchiri@sheriasacco,Open Item,,P000607440T,MONTHLY,
False,CUST100870,Shiloah Investments Limited,KPPMGR,KE,,KES,30DS,Active,3515,Kim-Fay Professional,,West Nyanza,,SHILOAHINV,Shiloah investment,,7F,Kisumu,"600,000.00",P489,John Kaguai,Z007,Western A,"P.O.Box 2501-40100,",Mega City Kisumu,,Back Order Allowed,john-accounts@shiloahmega.com,Open Item,,P051120710X,MONTHLY,
False,CUST100871,Shining Hope For Communities,KPNGO,KE,,KES,30DS,Active,25196,Kim-Fay Professional,,Nairobi East,,KPBASE,KP Base price,,5H,Umoja,"2,000,000.00",P504,Diana Wendy,Z005,Mombasa Road,P O BOX 8303-00200,Kibera Drive,,Back Order Allowed,baloo@shininghopeforcommunities.org,Open Item,,P0514170651,MONTHLY,
False,CUST100872,Shiva Mombasa Ltd,KPDIST,KE,,KES,30DS,On Hold,3815,Kim-Fay Professional,,Coast,,KPBASE,KP Base price,,12A,Mombasa,"20,000.00",P022,Lucy Rimberia,Z012,Coast,,,,Back Order Allowed,,Open Item,,P051137332T,MONTHLY,
False,CUST100875,SIA QSR Kenya Ltd,KPAIRLINE,KE,,KES,60DS,Active,24785,Kim-Fay Professional,,Nairobi East,,NASAIRPORT,Nas Airport Services Ltd,,5P,Mombasa Road,"2,100,000.00",P193,June Chesire,Z005,Mombasa Road,"ALONG MOMBASA RD, BEHIND HILTON INN GARDEN HOTEL","FIRST BLUE GATE, SECOND GODOWN",,Back Order Allowed,rodger@qsrkenya.com,Open Item,,P051646008E,MONTHLY,
False,CUST100876,Sidian Bank Ltd - Head Office,KPBANK,KE,,KES,30DS,Active,24196,Kim-Fay Professional,,Nairobi West,,KREPBANKKA,K- Rep Bank - Kawangware Head,,3M,Kilimani,"200,000.00",P096,Doreen Mugwika,Z003,Ngong,P.O Box 25363 - 00603,K-Rep Centre,,Back Order Allowed,dratemo@sidianbank.co.ke; CKagecha@sidianbank.co.ke,Open Item,,P051130656Q,MONTHLY,
False,CUST100877,Sheal Limited,KPHOTEL,KE,,KES,30DS,Active,23969,Kim-Fay Professional,,Nairobi West,,SIGNATUREH,Signature Holdings Ltd,,1D,Westlands,"300,000.00",P504,Diana Wendy,Z001,Westlands,P.O.Box 66432-00800,4Th Floor,,Back Order Allowed,accounts@capitalclubea.com,Open Item,,P051354833A,MONTHLY,
False,CUST100878,Silafrica Kenya Ltd,KPINDUSTRY,KE,,KES,30DS,Active,2307,Kim-Fay Professional,,Nairobi East,,KPBASE,KP Base price,,5A,Industrial Area,"80,000.00",P505,Shirleen Chebet,Z005,Mombasa Road,P.O.Box 42565,Off Enterprise Road,,Back Order Allowed,veronicah@silkenya.com,Open Item,, P000610404A,MONTHLY,
False,CUST100879,Silver Holdings Ltd - Blue Post Hotel-Closed,KPHOTEL,KE,,KES,60DS,Inactive,24084,Kim-Fay Professional,,Nairobi West,,KPBASE,KP Base price,,1D,Westlands,"600,000.00",YVON,Yvonne Achieng,Z001,Westlands,,Heritage Hotels Management Office,,Back Order Allowed,,Open Item,,,MONTHLY,
False,CUST100880,Silver Springs Hotel.,KPHOTEL,KE,,KES,30DS,Inactive,2026,Kim-Fay Professional,,Nairobi West,,KPBASE,KP Base price,,3L,Hurlingham,"150,000.00",YVON,Yvonne Achieng,Z003,Ngong,P.O.BOX 61362,,,Back Order Allowed,,Open Item,,P000594228U,MONTHLY,
False,CUST100881,Silverstone Air Services,KPAIRLINE,KE,,KES,30D,Active,24708,Kim-Fay Professional,,Nairobi West,,KPBASE,KP Base price,,3H,Wilson Airport,"500,000.00",P104,Irene Luketelo,Z003,Ngong,P.O Box 34538 - 00100,"Airlink Building, Wilson Airport",,Back Order Allowed,info@silverstoneair.co.ke,Open Item,,P051190796F,MONTHLY,
False,CUST100882,Simba Colt Motors,KPSERVICE,KE,,KES,30D,Inactive,3754,Kim-Fay Professional,,Nairobi East,,KPBASE,KP Base price,,5P,Mombasa Road,1.00,YVON,Yvonne Achieng,Z005,Mombasa Road,P O Box 48296 00100,Along Mombasa Road Between Gm And Nyayo,,Back Order Allowed,,Open Item,,,MONTHLY,
False,CUST100883,Simba Corporation Ltd T/A Acacia Premier Hotel,KPHOTEL,KE,,KES,30DS,Inactive,24258,Kim-Fay Professional,,West Nyanza,,KPBASE,KP Base price,,7F,Kisumu,"500,000.00",P096,Doreen Mugwika,Z007,Western A,P.O. Box 626 - 40100,Acacia Premier Hotel Kisumu,,Back Order Allowed,loreine.ogum@acaciapremier.com,Open Item,,P051509397A,MONTHLY,
False,CUST100884,Simba Union,KPSERVICE,KE,,KES,30D,Inactive,23630,Kim-Fay Professional,,Nairobi West,,KPBASE,KP Base price,,1F,Parklands,1.00,P183,Mercy Irungu,Z001,Westlands,P.o Box 40114-00100,,,Back Order Allowed,,Open Item,,,MONTHLY,
False,CUST100885,Simbisa Brands Kenya Ltd,KPREST,KE,,KES,60DS,Active,2092,Kim-Fay Professional,,Nairobi East,,INNSCORKEN,Innscor Kenya Ltd 2092,,5P,Mombasa Road,"20,000,000.00",P025,Susan Mwathi,Z005,Mombasa Road,P.O.Box 27724,Masai Road,,Back Order Allowed,samuel.gitau@simbisakenya.co.ke,Open Item,,P051121010P,MONTHLY,
False,CUST100886,Simply Perfect,KPSERVICE,KE,,KES,30D,Active,25140,Kim-Fay Professional,,Nairobi East,,KPBASE,KP Base price,,5A,Industrial Area,1.00,P504,Diana Wendy,Z005,Mombasa Road,,Mombasa Road,,Back Order Allowed,hemal@simply.co.ke,Open Item,,P051110628I,MONTHLY,
False,CUST100887,Simpson Lane Services Limited,KPSERVICE,KE,,KES,30D,Active,25202,Kim-Fay Professional,,Nairobi West,,KPBASE,KP Base price,,3M,Kilimani,1.00,P504,Diana Wendy,Z003,Ngong,P.O.BOX 7327 - 00200,Kilimani - Hill Apartment Hs No. 2,,Back Order Allowed,sales@simpsonlanes.com,Open Item,,P051696569D,MONTHLY,
False,CUST100888,Sirville Investments Ltd,KPHOTEL,KE,,KES,30D,On Hold,24079,Kim-Fay Professional,,Nairobi West,,KPBASE,KP Base price,,3B,Karen,"60,000.00",YVON,Yvonne Achieng,Z003,Ngong,P.O Box 427 - 00502,Galleria Shopping Mall,,Back Order Allowed,judithanyango.ja@gmail.com,Open Item,,,MONTHLY,
False,CUST100889,Sivad Constructions Ltd,KPSERVICE,KE,,KES,30D,Active,24776,Kim-Fay Professional,,Nairobi West,,KPBASE,KP Base price,,3A,Ngong,2.00,P504,Diana Wendy,Z003,Ngong,P.O.BOX 15026 - 00100,"Ngong Heights, Near Ngong Town",,Back Order Allowed,info@sivadconstruction.com,Open Item,,P051141389W,MONTHLY,
False,CUST100890,Six Square Ltd,KPDIST,KE,,KES,30DS,Active,23970,Kim-Fay Professional,,Nairobi East,,SIXSQUARE,Six Square,,5P,Mombasa Road,"1,500,000.00",C1262,Mercyline Kemunto,Z005,Mombasa Road,P.O.Box 89448-00100,"The mall,Basement,Ringroad Parklands",,Back Order Allowed,ajay.saini@gmail.com,Open Item,,P051408717D,MONTHLY,
False,CUST100891,SKF Kenya Limited,KPINDUSTRY,KE,,KES,30D,Active,25160,Kim-Fay Professional,,Nairobi East,,KPBASE,KP Base price,,5A,Industrial Area,1.00,P504,Diana Wendy,Z005,Mombasa Road,,"Lusaka Road, Industrial Area",,Back Order Allowed,david.baiya@skfkenya.com,Open Item,,P000607508U,MONTHLY,
False,CUST100892,Slater & Whittaker,KPSERVICE,KE,,KES,30D,Active,24157,Kim-Fay Professional,,Nairobi West,,KPBASE,KP Base price,,1D,Westlands,"50,000.00",P505,Shirleen Chebet,Z001,Westlands,P.O. Box 40443 - 00100,Westlands Road Gate 16,,Back Order Allowed,mike@swkenya.com,Open Item,,P000591377X,MONTHLY,
False,CUST100894,Smart Outsource Ltd,KPCCLNRS,KE,,KES,30DS,Active,24824,Kim-Fay Professional,,Nairobi East,,SMARTOUTSO,Smart Outsource ltd,,5P,Mombasa Road,"2,400,000.00",YVON,Yvonne Achieng,Z005,Mombasa Road,"Upperhill Gardens, Office A 40,","Airtel Kenya ,Parkside",,Back Order Allowed,info@smartoutsource.co.ke,Open Item,,P051607321C,MONTHLY,
False,CUST100895,SMT Holidays,KPDIST,KE,,KES,30D,Active,25030,Kim-Fay Professional,,Coast,,KPBASE,KP Base price,,12A,Mombasa,1.00,P504,Diana Wendy,Z012,Coast,80109,Sunset Paradise Holiday Homes,,Back Order Allowed,,Open Item,,P051809793G,MONTHLY,
False,CUST100898,Soilex Prosolve Ltd,KPINDUSTRY,KE,,KES,30DS,Active,3609,Kim-Fay Professional,,Nairobi East,,KPBASE,KP Base price,,5A,Industrial Area,"600,000.00",P504,Diana Wendy,Z005,Mombasa Road,P O Box 78175,Ectovile Industrial Estate  Off Road A,,Back Order Allowed,jainathwani@soilex.co.ke,Open Item,,P000614932R,MONTHLY,
False,CUST100900,Soluxe International Group Of Hotels & Lodges,KPHOTEL,KE,,KES,30DS,Active,23752,Kim-Fay Professional,,Nairobi West,,KPBASE,KP Base price,,3K,Lavington,"50,000.00",P504,Diana Wendy,Z003,Ngong,P.O.Box 5792-00200,James Gichuru Road,,Back Order Allowed,taotao@hotmail.com,Open Item,,P051323296G,MONTHLY,
False,CUST100901,Sonar Imaging Centre,KPHEALTH,KE,,KES,30D,Inactive,23957,Kim-Fay Professional,,Nairobi West,,SONARIMAGI,Sonar Imaging Centre,,3C,Ngong Road,1.00,YVON,Yvonne Achieng,Z003,Ngong,P.O.Box 48981-00100,"Fortis Office Suites, Ground Floor",,Back Order Allowed,,Open Item,,P051215992M,MONTHLY,
False,CUST100903,Soset Shinners Services Limited,KPCCLNRS,KE,,KES,30D,Active,24835,Kim-Fay Professional,,Nairobi Central,,SOSETSHINN,Soset Shinners services ltd,,7F,Kisumu,2.00,YVON,Yvonne Achieng,Z007,Western A,P.O.BOX 9538-00100,Transnational Plaza 2Nd Floor,,Back Order Allowed,sosetsunshinners@gmail.com,Open Item,,P051516590Q,MONTHLY,
False,CUST100905,Southern Sun Mayfair Nairobi,KPHOTEL,KE,,KES,60DS,Inactive,2178,Kim-Fay Professional,,Nairobi West,,KPBASE,KP Base price,,1D,Westlands,"750,000.00",P104,Irene Luketelo,Z001,Westlands,P.O.Box 66807,Corner Of Parklands Road & Msapo Close,,Back Order Allowed,njugunas@holidayinn.co.ke,Open Item,,P051330086X,MONTHLY,
False,CUST100906,Soy Afric Ltd,KPINDUSTRY,KE,,KES,30D,Active,24127,Kim-Fay Professional,,Nairobi East,,KPBASE,KP Base price,,4C,Thika Road,4.00,P504,Diana Wendy,Z004,Thika,P.O Box 21113 - 00505,Ruiru Town,,Back Order Allowed,info=soys.co.ke@mail7.atl91.mcsv.,Open Item,,P051109733Z,MONTHLY,
False,CUST100907,Soylent Ltd (Equity Afia),KPHEALTH,KE,,KES,15DS,Active,24561,Kim-Fay Professional,,Nairobi West,,,,,1B,Waiyaki Way,"50,000.00",P504,Diana Wendy,Z001,Westlands,"P.O Box 2058 - 19020, 380 - 00100",Alingo Plaza,,Back Order Allowed,Anthony.Rumathi@equityafia.co.ke,Open Item,,P051622053Z,MONTHLY,
False,CUST100908,Space And Style Ltd,KPINDUSTRY,KE,,KES,30D,Active,25011,Kim-Fay Professional,,Nairobi East,,KPBASE,KP Base price,,5P,Mombasa Road,1.00,C967,Berna Piwang,Z005,Mombasa Road,"Mombasa Rd, Libra House",,,Back Order Allowed,info@spaceandstyle.co.ke,Open Item,,P051147545B,MONTHLY,
False,CUST100909,Sparklean Cleaning Ltd,KPCCLNRS,KE,,KES,30DS,Active,24556,Kim-Fay Professional,,Nairobi West,,SPARKLEANC,Sparklean Cleaning ltd,,5N,South C,"100,000.00",C967,Berna Piwang,Z005,Mombasa Road,Miller Estate  Nairobi west,Nairobi west,,Back Order Allowed,juliet@sparklean.co.ke,Open Item,,P051370323N,MONTHLY,
False,CUST100911,Spartan Relief Supplies Ltd,KPCCLNRS,KE,,KES,30DS,Active,24493,Kim-Fay Professional,,Nairobi Central,,SPARTANREL,Spartan Relief Supplies Ltd,,2A,CBD,"800,000.00",C967,Berna Piwang,Z002,CBD,P.O. Box 13912 - 00800,Building No. 46,,Back Order Allowed,sales@spartanrelief.com,Open Item,,P051195339C,MONTHLY,
False,CUST100912,Ceva Interfreight Kenya Plc,KPSERVICE,KE,,KES,30DS,Active,2043,Kim-Fay Professional,,Coast,,SPEDAGINTE,Spedag Interfreight Kenya Ltd,,5P,Mombasa Road,0.00,P505,Shirleen Chebet,Z005,Mombasa Road,P.O.Box 42106,Mvita Majengo Mwakilingo Street,,Back Order Allowed,ke.paymentrun@spedaginterfreight.com,Open Item,,P051102805G,MONTHLY,
False,CUST100913,Speed Enterprises,KPSERVICE,KE,,KES,30D,Inactive,25261,Kim-Fay Professional,,Nairobi West,,KPBASE,KP Base price,,1F,Parklands,1.00,YVON,Yvonne Achieng,Z001,Westlands,49373-00100,Githuri Road,,Back Order Allowed,jaimin9320@yahoo.com,Open Item,,P0513246130,MONTHLY,
False,CUST100914,Spic & Span Cleaning Services Ltd,KPCCLNRS,KE,,KES,60DS,Active,3822,Kim-Fay Professional,,Nairobi Central,,SPICANDSPA,Spic and Span Cleaning  - 3822,,5P,Mombasa Road,"308,000,000.00",P104,Irene Luketelo,Z005,Mombasa Road,Zep re building,"Zep Replace, Kilimani Longonot Road",,Back Order Allowed,spicspan.cleaning@yahoo.com,Open Item,,,MONTHLY,
False,CUST100915,Sportsview Hotel Kasarani Ltd,KPHOTEL,KE,,KES,60DS,Active,3631,Kim-Fay Professional,,Nairobi East,,SPORTSVIEW,Sportsview Hotel Kasarani ltd,,4C,Thika Road,"1,000,000.00",P096,Doreen Mugwika,Z004,Thika,P O Box 74194 00200,,,Back Order Allowed,accounts@sportsviewhotel.com,Open Item,,P000599161I,MONTHLY,
False,CUST100916,Spring Valley Coffee Roasters Limited,KPREST,KE,,KES,30D,Active,24769,Kim-Fay Professional,,Nairobi West,,KPBASE,KP Base price,,1C,Lower Kabete,"150,000.00",C1262,Mercyline Kemunto,Z001,Westlands,P.O.BOX 66012-00800,"Shop 5, Spring Valley Shopping Centre",,Back Order Allowed,ezekiel@springvalleycoffee.com,Open Item,,P051380899P,MONTHLY,
False,CUST100918,St Hannah'S Preparatory School Limited,KPEDU,KE,,KES,30D,Active,24971,Kim-Fay Professional,,Nairobi West,,STHANNAHSP,ST. Hannahs Preparatory,,3B,Karen,2.00,C967,Berna Piwang,Z003,Ngong,,St Hannahs Preparatory School,,Back Order Allowed,,Open Item,,P000615445V,DAILY,
False,CUST100919,St. Andrews School Turi,KPEDU,KE,,KES,30DS,Active,24906,Kim-Fay Professional,,South Rift,,STANDREWSS,St. Andrews School Turi,,7D,Molo,"1,500,000.00",P104,Irene Luketelo,Z007,Western A,Private Bag 20106,Elburgon - Molo Road,,Back Order Allowed,gidraph.anyembe@turimail.co.ke,Open Item,,P000629534C,MONTHLY,
False,CUST100920,St. Christophers Holdings Ltd,KPEDU,KE,,KES,30D,Active,24717,Kim-Fay Professional,,Nairobi West,,KPBASE,KP Base price,,3B,Karen,1.00,P504,Diana Wendy,Z003,Ngong,,St. Christophers Secondary School,,Back Order Allowed,info@scslearning.com,Open Item,,P000608324U,MONTHLY,
False,CUST100921,St.Austins Academy,KPEDU,KE,,KES,60DS,Active,STAS01,Kim-Fay Professional,,Nairobi West,,STAUSTINSA,ST.Austins Academy,,3K,Lavington,"800,000.00",P096,Doreen Mugwika,Z003,Ngong,"P.O.BOX 25138 ,",,,Back Order Allowed,amutua@faculty.staustins.ac.ke,Open Item,,P000618753G,MONTHLY,
False,CUST100922,St.Marys School,KPEDU,KE,,KES,30DS,Active,2408,Kim-Fay Professional,,Nairobi West,,STMARYSSCH,ST.Marys School,,3K,Lavington,"700,000.00",C1262,Mercyline Kemunto,Z003,Ngong,NAIROBI,Lower Kabete Road,,Back Order Allowed,info@stmarysinternationalacademy.com,Open Item,,P051104811F,MONTHLY,
False,CUST100924,Stanbic Bank Ltd,KPBANK,KE,,KES,60DS,Active,2515,Kim-Fay Professional,,Nairobi West,,CFCSTANBIC,CFC Stanbic Bank Ltd,,3M,Kilimani,"36,000,000.00",P025,Susan Mwathi,Z003,Ngong,,Westlands Museum Hill,,Back Order Allowed,otienow@stanbic.com,Open Item,,P000594433T,MONTHLY,
False,CUST100925,Standard Global E.A Ltd,KPSERVICE,KE,,KES,30D,Active,24581,Kim-Fay Professional,,Nairobi West,,STANDARDGL,Standard Global E.A ltd,,3L,Hurlingham,"150,000.00",C967,Berna Piwang,Z003,Ngong,Finix Casino,,,Back Order Allowed,jackson.baburam@yahoo.com,Open Item,,P051329847P,MONTHLY,
False,CUST100926,Starehe Girls' Centre,KPEDU,KE,,KES,30DS,Active,23780,Kim-Fay Professional,,Nairobi West,,STAREHEGIR,Starehe  Girls centre,,4E,Kiambu,"100,000.00",YVON,Yvonne Achieng,Z004,Thika,P.O.Box 6847-00200,Njathaini Road,,Back Order Allowed,info@starehegirlscentre.co.ke,Open Item,,P051164380Y,MONTHLY,
False,CUST100927,Stawika Capital Ltd,KPSERVICE,KE,,KES,30D,Active,24740,Kim-Fay Professional,,Nairobi West,,KPBASE,KP Base price,,3L,Hurlingham,1.00,P504,Diana Wendy,Z003,Ngong,P.O Box 13481 - 00200,Marple Court,,Back Order Allowed,rkimeu@stawika.com; annesony@yahoo.com,Open Item,,P051612155b,MONTHLY,
False,CUST100928,Steak And Pancake Ltd,KPREST,KE,,KES,30D,Active,24988,Kim-Fay Professional,,Nairobi West,,STEAKANDPA,Steak and Pancake ltd,,5M,Nairobi West,1.00,YVON,Yvonne Achieng,Z005,Mombasa Road,Rubis Nyayo Stadium Cafe Bistro,0705717335,,Back Order Allowed,,Open Item,,P051715552M,MONTHLY,
False,CUST100929,Steel Structures Ltd,KPINDUSTRY,KE,,KES,30DS,Active,3718,Kim-Fay Professional,,Nairobi East,,STEELSTRUC,Steel Structures 3718,,5C,Embakasi,"150,000.00",P505,Shirleen Chebet,Z005,Mombasa Road,P O Box 49862 00100,"Kangundo Road,",,Back Order Allowed,erick.agola@steelstructureskenya.com,Open Item,,P000594476G,MONTHLY,
False,CUST100931,Stellato Mall Limited,KPPMGR,KE,,KES,30D,Active,25232,Kim-Fay Professional,,Nairobi West,,STELLATOMA,Stellato Mall Ltd,,1D,Westlands,4.00,C967,Berna Piwang,Z001,Westlands,32735-00600,Muthithi Road,,Back Order Allowed,samueal.m@mitsumidistribution.com,Open Item,,P051785321I,MONTHLY,
False,CUST100932,Stemain Solutions Ltd,KPCCLNRS,KE,,KES,30DS,Active,23819,Kim-Fay Professional,,Nairobi West,,STEMAIN,Stemain,,3O,Upper Hill,"300,000.00",P096,Doreen Mugwika,Z003,Ngong,P.O.Box 34601-00100,"Upperhill, Kiambere Road",,Back Order Allowed,jnyokabi@stemainsolutions.com,Open Item,,P051385093N,MONTHLY,
False,CUST100933,Stepric Kenya Ventures Ltd,KPSERVICE,KE,,KES,30D,Active,25240,Kim-Fay Professional,,Nairobi Central,,KPBASE,KP Base price,,5A,Industrial Area,1.00,P104,Irene Luketelo,Z005,Mombasa Road,,"Trance Towers Builing,industrial area Tsavo rd",,Back Order Allowed,sales@stepric.com,Open Item,,P051883840M,MONTHLY,
False,CUST100935,Stima Sacco Society Ltd,KPSERVICE,KE,,KES,30D,Active,24748,Kim-Fay Professional,,Nairobi West,,KPBASE,KP Base price,,1H,Ngara,"100,000.00",P505,Shirleen Chebet,Z001,Westlands,P.O Box 75629 - 00200,Mushembi Road,,Back Order Allowed,info@stimasacco.com,Open Item,,P000608112L,MONTHLY,
False,CUST100936,Strami Ltd,KPCCLNRS,KE,,KES,60DS,Active,23596,Kim-Fay Professional,,Nairobi East,,STRAMILTD,Strami Ltd,,5P,Mombasa Road,0.00,P096,Doreen Mugwika,Z005,Mombasa Road,Westlands,Westfield Towers -2 Refills,,Back Order Allowed,stramiltd@gmail.com,Open Item,,P051112057N,MONTHLY,
False,CUST100937,Strathmore University (Catering Unit),KPEDU,KE,,KES,30DS,Active,2416,Kim-Fay Professional,,Nairobi West,,STRATHMORE,Strathmore School,,3J,Madaraka,"1,500,000.00",P104,Irene Luketelo,Z003,Ngong,,Ole Sangale Road,,Back Order Allowed,voluoch@strathmore.edu,Open Item,,P051201576U,MONTHLY,
False,CUST100938,Strathmore University- Admin,KPEDU,KE,,KES,60DS,Active,24453,Kim-Fay Professional,,Nairobi West,,KPBASE,KP Base price,,3J,Madaraka,"600,000.00",P104,Irene Luketelo,Z003,Ngong,P O Box 25095 00603,Mzima Springs Lane,,Back Order Allowed,lorege@strathmore.edu,Open Item,,P051201576U,MONTHLY,
False,CUST100939,Strathmore University- Housekeeping,KPEDU,KE,,KES,30DS,Active,2406,Kim-Fay Professional,,Nairobi West,,STRATHMORE,Strathmore School,,3J,Madaraka,0.00,P104,Irene Luketelo,Z003,Ngong,P.O.Box 59857,Strathmore University,,Back Order Allowed,skimani@strathmore.edu,Open Item,,P051201576U,MONTHLY,
False,CUST100940,Subati Group Limited,KPAGRI,KE,,KES,30DS,Active,24780,Kim-Fay Professional,,Nairobi West,,SUBATIGROU,Subati Group ltd,,1F,Parklands,"200,000.00",P504,Diana Wendy,Z001,Westlands,P.O.BOX 25130-00100,"Cresent Business Centre, 9Th Floor",,Back Order Allowed,accounts@subatigroup.com,Open Item,,P051203051N,MONTHLY,
False,CUST100941,Sufra Garden Restaurant Ltd,KPSERVICE,KE,,KES,30D,Active,25271,Kim-Fay Professional,,Nairobi West,,KPBASE,KP Base price,,1D,Westlands,1.00,P504,Diana Wendy,Z001,Westlands,,"Church Road,Westlands",,Back Order Allowed,sufragardens@gmail.com,Open Item,,P051905196X,MONTHLY,
False,CUST100942,Sugo Limited,KPSERVICE,KE,,KES,30D,Active,25112,Kim-Fay Professional,,Nairobi West,,KPBASE,KP Base price,,1D,Westlands,1.00,P504,Diana Wendy,Z001,Westlands,P.O.BOX 61663 - 00200,Sarit Centre - Roof Garden,,Back Order Allowed,SUGOLTD@OUTLOOK.COM,Open Item,,P051852816E,MONTHLY,
False,CUST100944,Sun Africa Hotels Ltd,KPHOTEL,KE,,KES,30DS,Inactive,23867,Kim-Fay Professional,,Nairobi West,,KPBASE,KP Base price,,1D,Westlands,"200,000.00",P489,John Kaguai,Z001,Westlands,P.O.Box 102124-00101,"School Grove, Off School Lane",,Back Order Allowed,debtors@sunafricahotels.com,Open Item,,P051340169Y,MONTHLY,
False,CUST100945,Sun Developers Ltd - Golden Tulip,KPHOTEL,KE,,KES,30DS,Active,24402,Kim-Fay Professional,,Nairobi West,,SUNDEVELOP,Sun developers ltd,,1D,Westlands,"400,000.00",P193,June Chesire,Z001,Westlands,P.O. Box 32735 - 00600,65 Muthithi Road,,Back Order Allowed,ap@goldentulipwestlandsnairobi.com,Open Item,,P051381414K,MONTHLY,
False,CUST100946,Sun Power Products Ltd,KPAGRI,KE,,KES,30DS,Active,24563,Kim-Fay Professional,,Nairobi West,,SUNPOWERPR,Sun power products ltd,,1I,Limuru,"2,000,000.00",C967,Berna Piwang,Z001,Westlands,P.O Box 41112 - 00100,St. Georges Road,,Back Order Allowed,purchasing@brownscheese.com,Open Item,,P000608453C,MONTHLY,
False,CUST100947,Sunbird Business Services Kenya Limited,KPSERVICE,KE,,KES,30D,Active,23856,Kim-Fay Professional,,Nairobi West,,KPBASE,KP Base price,,1D,Westlands,"30,000.00",P504,Diana Wendy,Z001,Westlands,P.O.Box 856-00606,"Eden Square, Chiromo Road,Westlands",,Back Order Allowed,info@esbc.co.ke,Open Item,,P051182302G,MONTHLY,
False,CUST100948,Sunbird Lodge Ltd,KPHOTEL,KE,,KES,30DS,On Hold,3755,Kim-Fay Professional,,Nairobi West,,KPBASE,KP Base price,,7C,Nakuru,"100,000.00",P025,Susan Mwathi,Z007,Western A,P O Box 13932 20100,Nakuru,,Back Order Allowed,,Open Item,,,MONTHLY,
False,CUST100949,Sunny Hills Hotel Naivasha,KPEDU,KE,,KES,30D,On Hold,24544,Kim-Fay Professional,,South Rift,,KPBASE,KP Base price,,7A,Naivasha,"50,000.00",P025,Susan Mwathi,Z007,Western A,Kayole,"Kayole, Naivasha",,Back Order Allowed,,Open Item,,P051501736U,MONTHLY,
False,CUST100950,Sunnyside Learning Centre,KPEDU,KE,,KES,30D,Active,24592,Kim-Fay Professional,,Nairobi West,,KPBASE,KP Base price,,3F,Ongata Rongai,2.00,P104,Irene Luketelo,Z003,Ngong,,Taifa Road,,Back Order Allowed,sunnysideschool@outlook.com,Open Item,,P051501736U,MONTHLY,
False,CUST100951,Sunripe(1976)Ltd.,KPAGRI,KE,,KES,30D,Inactive,2340,Kim-Fay Professional,,Nairobi West,,KPBASE,KP Base price,,5C,Embakasi,1.00,P025,Susan Mwathi,Z005,Mombasa Road,P.O.Box 41852,North Airport,,Back Order Allowed,info@sunripe.co.ke,Open Item,,,MONTHLY,
False,CUST100952,Suntrek Investments,KPPMGR,KE,,KES,30D,Active,24529,Kim-Fay Professional,,Nairobi West,,SUNTRECKIN,Suntreck Investment,,1D,Westlands,0.00,P504,Diana Wendy,Z001,Westlands,P.O. Box 48076 - 00100,The Pavilion,,Back Order Allowed,ashish@suntrek.co.ke,Open Item,,P051416757N,MONTHLY,
False,CUST100953,Superbroom Sevices Ltd,KPCCLNRS,KE,,KES,30DS,Active,24559,Kim-Fay Professional,,Nairobi Central,,SUPERBROOM,Superbroom services ltd,,2A,CBD,"50,000.00",P505,Shirleen Chebet,Z002,CBD,P.O. Box 54714 - 00200,"Utalii House, 2Nd Floor",,Back Order Allowed,super_broomc@yahoo.com,Open Item,,P051160958Y,MONTHLY,
False,CUST100954,Superclean Shine Enterprise Limited,KPCCLNRS,KE,,KES,30D,Active,25101,Kim-Fay Professional,,Nairobi West,,SUPERCLEAN,Superclean shine ent.ltd,,3I,Mbagathi Road,1.00,P096,Doreen Mugwika,Z003,Ngong,P.O.BOX 4326 -00506,After Strathmore Roundabout,,Back Order Allowed,SUPERCLEANSHINELTD@GMAIL.COM,Open Item,,P051387357Q,MONTHLY,
False,CUST100956,Sutton Hoo Ltd,KPSERVICE,KE,,KES,30D,Active,24904,Kim-Fay Professional,,Lower Mountain,,KPBASE,KP Base price,,6A,Nyeri,1.00,P504,Diana Wendy,Z006,Mountain,P.O.BOX 3027-10400,"Honey Badger Farm, 455 Tambuzi Road",,Back Order Allowed,quality@suttonhoofarm.com,Open Item,,P051332257Y,DAILY,
False,CUST100957,Suzan Duty Free,KPSERVICE,KE,,KES,30D,Inactive,24166,Kim-Fay Professional,,Nairobi East,,KPBASE,KP Base price,,5D,JKIA,"50,000.00",P183,Mercy Irungu,Z005,Mombasa Road,19281-00501,Kenroid Building,,Back Order Allowed,marketing@suzanfree.com,Open Item,,P051440161S,MONTHLY,
False,CUST100958,Swai Willson Investment,KPDIST,KE,,KES,30D,Inactive,24860,Kim-Fay Professional,,Nairobi East,,KPDISTRIB,KP Distributors,,CTC,Client to Collect,1.00,P183,Mercy Irungu,Z015,Self Collection,P.O.BOX 16956,To Be Collected,,Back Order Allowed,,Open Item,,,MONTHLY,
False,CUST100959,Sybyl Kenya Limited,KPSERVICE,KE,,KES,30D,Active,24917,Kim-Fay Professional,,Nairobi West,,KPBASE,KP Base price,,CTC,Client to Collect,1.00,P504,Diana Wendy,Z015,Self Collection,P.O.BOX 12129 - 00100,Kusi Lane Off 3Rd Parklands Avenue,,Back Order Allowed,sales.ke@sybyl.com,Open Item,,P051159900X,MONTHLY,
False,CUST100960,Synergy Group Ltd,KPSERVICE,KE,,KES,30D,Inactive,24113,Kim-Fay Professional,,Nairobi West,,KPBASE,KP Base price,,1F,Parklands,2.00,YVON,Yvonne Achieng,Z001,Westlands,P.O. Box 1037 - 00100,"3Rd Parklands Avenue,",,Back Order Allowed,wagathiri@yahoo.com,Open Item,,A002566769N,MONTHLY,
False,CUST100961,System Integration Ltd (Symphony),KPSERVICE,KE,,KES,30DS,On Hold,23192,Kim-Fay Professional,,Nairobi West,,KPBASE,KP Base price,,1D,Westlands,2.00,YVON,Yvonne Achieng,Z001,Westlands,P O Box 14201 00800,Waiyaki Way,,Back Order Allowed,lmbai@symphony.co.ke,Open Item,,,MONTHLY,
False,CUST100962,T.M.L. Tamarind Nairobi - Closed,KPHOTEL,KE,,KES,30D,Inactive,2064,Kim-Fay Professional,,Nairobi West,,KPBASE,KP Base price,,3O,Upper Hill,0.00,P193,June Chesire,Z003,Ngong,"P.O.Box 74493,",,,Back Order Allowed,,Open Item,,,MONTHLY,
False,CUST100963,Taita Hills And Saltlick Wildlife Resort Ltd,KPHOTEL,KE,,KES,60DS,Active,25282,Kim-Fay Professional,,Coast,,TAITAHILLS,Taita Hills and Salt lick,,11A,Voi,0.00,P022,Lucy Rimberia,Z011,Voi,84198-80100,Voi,,Back Order Allowed,julius-accts@taitahillssafariresort.com,Open Item,,P000595126V,MONTHLY,
False,CUST100964,Tamia Ltd,KPCCLNRS,KE,,KES,60DS,Active,23301,Kim-Fay Professional,,Nairobi East,,TAMIALTD23,Tamia Ltd (23301),,5G,Buru buru,"2,400,000.00",P504,Diana Wendy,Z005,Mombasa Road,P O Box 1034 00515,Off Outer Ring Road On The Right,,Back Order Allowed,felister.njiru@tamia.co.ke,Open Item,,P051152161Z,MONTHLY,
False,CUST100965,Tara Suites,KPHOTEL,KE,,KES,30D,Active,23617,Kim-Fay Professional,,Nairobi West,,KPBASE,KP Base price,,1L,Gigiri,2.00,P504,Diana Wendy,Z001,Westlands,,Gigiri,,Back Order Allowed,Christine-accounts@tarasuites.com,Open Item,,,MONTHLY,
False,CUST100968,Tarpo Industries Ltd,KPINDUSTRY,KE,,KES,30DS,Active,3827,Kim-Fay Professional,,Nairobi East,,TARPOINDUS,Tarpo Industries -,,5A,Industrial Area,"100,000.00",P505,Shirleen Chebet,Z005,Mombasa Road,P O Box 45164 00100,"Road C, Off Enterprise Road",,Back Order Allowed,musau@tarpo.com,Open Item,,P000619877R,MONTHLY,
False,CUST100969,Tea Tot Hotel Ltd,KPREST,KE,,KES,30D,Active,24770,Kim-Fay Professional,,Eastern,,TEATOTHOTE,Tea Tot hotel ltd,,10A,Machakos,1.00,C967,Berna Piwang,Z010,Eastern,P.O.BOX 599-90100,"Machakos, Machakos Town",,Back Order Allowed,info@teatot.co.ke,Open Item,,P051094645A,MONTHLY,
False,CUST100970,Tebere Concrete Co. Ltd,KPINDUSTRY,KE,,KES,30DS,Active,24884,Kim-Fay Professional,,Lower Mountain,,KPBASE,KP Base price,,6C,Embu,"100,000.00",P489,John Kaguai,Z006,Mountain,P. O. Box 117 - 60100,"Sagana, Immediately After Sagana Bridge",,Back Order Allowed,raju@teberconcrete.co.ke,Open Item,,P000634176Z,MONTHLY,
False,CUST100971,TECHNO BRAIN BPO ITES LIMITED,KPSERVICE,KE,,KES,30DS,Active,3640,Kim-Fay Professional,,Nairobi West,,TECHNOBRAI,Techno Brain 3640,,3L,Hurlingham,0.00,YVON,Yvonne Achieng,Z003,Ngong,"3rd Floor, Heritan House",Woodlands Road off Arwings Khodek,,Back Order Allowed,joseph.mwangi@technobraingroup.com,Open Item,,P051191692Z,MONTHLY,
False,CUST100972,Techno Relief Services Ltd,KPSERVICE,KE,Nairobi,KES,30DS,Active,3831,Kim-Fay Professional,,Nairobi West,,KPBASE,KP Base price,,5P,Mombasa Road,"2,000,000.00",YVON,Yvonne Achieng,Z005,Mombasa Road,"Samir Industrial Park, Road C",off Enterprise Rd behind Exotic EPZ,,Back Order Allowed,info@technorelief.com,Open Item,,P051137167E,MONTHLY,
False,CUST100973,Technoleo Solutions Limited,KPCCLNRS,KE,,KES,30D,Active,24913,Kim-Fay Professional,,Nairobi Central,,TECHNOLEOS,Technoleo solutions ltd,,5P,Mombasa Road,2.00,P193,June Chesire,Z005,Mombasa Road,Unilever,Mombasa Road,,Back Order Allowed,james@technoleo.net,Open Item,,P051515513W,MONTHLY,
False,CUST100974,Technoserve,KPSERVICE,KE,,KES,30D,Active,3689,Kim-Fay Professional,,Nairobi West,,TECHNOSERV,Technoserve 3689,,3K,Lavington,"100,000.00",P504,Diana Wendy,Z003,Ngong,P O Box 14821 00800,"House 39,Apple Cross Rd,James Gichuru Rd,Lavington",,Back Order Allowed,smunene@tns.org,Open Item,,P000591944S,MONTHLY,
False,CUST100975,Techsavvy-(K) Limited,KPSERVICE,KE,,KES,30D,Active,24918,Kim-Fay Professional,,Nairobi East,,KPBASE,KP Base price,,4C,Thika Road,1.00,P504,Diana Wendy,Z004,Thika,P.O. BOX 17222 - 00100,National Youth Service,,Back Order Allowed,info@techsavvykenya.com; techsavvyltd2@gmail.com,Open Item,,P051433072Z,MONTHLY,
False,CUST100976,Tembuland Ltd C/O Knight Frank,KPPMGR,KE,,KES,60DS,Active,24741,Kim-Fay Professional,,Nairobi West,,KNIGHTFRAN,Knight Frank Services Ltd 3682,,1D,Westlands,"400,000.00",P104,Irene Luketelo,Z001,Westlands,P.O Box 39773 - 00623,Keystone Park,,Back Order Allowed,brenda.busienei@ke.knightfrank.com,Open Item,,P051320002A,MONTHLY,
False,CUST100977,Tenwek Hospital,KPHEALTH,KE,,KES,60DS,Active,24925,Kim-Fay Professional,,South Nyanza,,TENWEKHOSP,Tenwek Hospital,,9B,Bomet,"1,950,000.00",P489,John Kaguai,Z009,Western C,P.O Box 39 - 20400,"Bomet, Kenya",,Back Order Allowed,weldon.kigen@tenwekhosp.org,Open Item,,P051094623U,MONTHLY,
False,CUST100978,Thaara Limited C/O Knight Frank Kenya Ltd,KPPMGR,KE,,KES,60DS,On Hold,24868,Kim-Fay Professional,,Nairobi West,,KPBASE,KP Base price,,1N,Ruaka,"400,000.00",P104,Irene Luketelo,Z001,Westlands,P.O.BOX 39773-00623,"Rosslyn Riviera Mall, Limuru Road",,Back Order Allowed,james.githinji@ke.knightfrank.com,Open Item,,P051324911P,MONTHLY,
False,CUST100979,Thames Tana Ltd,KPSERVICE,KE,,KES,30D,Active,25114,Kim-Fay Professional,,Nairobi East,,KPBASE,KP Base price,,5A,Industrial Area,1.00,P504,Diana Wendy,Z005,Mombasa Road,51443-00100,Shimolatewa Road,,Back Order Allowed,khadija.mohamed.churchill@gmail.com,Open Item,,P051699259E,MONTHLY,
False,CUST100980,The Address Property Management Ltd,KPPMGR,KE,,KES,30DS,Active,24885,Kim-Fay Professional,,Nairobi West,,THEADRESSP,The Adress Property management,,1B,Waiyaki Way,"1,200,000.00",P193,June Chesire,Z001,Westlands,P. O. Box 66709 - 00800,The Address - Off Waiyaki Way,,Back Order Allowed,accounts@theaddress.co.ke,Open Item,,P051743911Z,MONTHLY,
False,CUST100981,The AECF,KPNGO,KE,,KES,30DS,Active,24734,Kim-Fay Professional,,Nairobi West,,THEAECF247,The AECF 24734,,1B,Waiyaki Way,"50,000.00",P505,Shirleen Chebet,Z001,Westlands,P.O Box 1996 - 00606,Ground Floor,,Back Order Allowed,info@aecfafrica.org,Open Item,,P051627692Y,MONTHLY,
False,CUST100982,The African Academy Of Sciences,KPNGO,KE,,KES,30DS,Active,25037,Kim-Fay Professional,,Nairobi West,,KPBASE,KP Base price,,3B,Karen,"200,000.00",P504,Diana Wendy,Z003,Ngong,24916-00502,8 Miotoni Lane,,Back Order Allowed,g.musyoki@aasciences.africa,Open Item,,P000606492F,MONTHLY,
False,CUST100983,The Alba Hotels Ltd,KPHOTEL,KE,,KES,30DS,Active,23888,Kim-Fay Professional,,Upper Mountain,,LAVINGTONH,Lavington Hotel Ltd,,6F,Meru,"400,000.00",YVON,Yvonne Achieng,Z006,Mountain,Alba hotel Meru-Milimani Road.,,,Back Order Allowed,pmeme@albahotels.co.ke,Open Item,,P051356117W,MONTHLY,
False,CUST100984,The Alps Hotel Nakuru,KPREST,KE,,KES,30D,Active,25131,Kim-Fay Professional,,Nairobi West,,KPBASE,KP Base price,,3B,Karen,"600,000.00",P489,John Kaguai,Z003,Ngong,"Kcb Leadership Centre,Karen",,,Back Order Allowed,leah.chege@thealpshotelnakuru.com,Open Item,,P051659065W,MONTHLY,
False,CUST100985,The Banda School,KPEDU,KE,,KES,45DS,Active,24641,Kim-Fay Professional,,Nairobi West,,THEBANDASC,The Banda School,,3F,Ongata Rongai,"1,100,000.00",P104,Irene Luketelo,Z003,Ngong,P.o Box 24722 - 00502,Magadi Road,,Back Order Allowed,finance@bandaschool.com,Open Item,,P000614120F,MONTHLY,
False,CUST100986,The Big Five (Brew Bistro),KPREST,KE,,KES,30DS,Active,23597,Kim-Fay Professional,,Nairobi West,,KPBASE,KP Base price,,3C,Ngong Road,"900,000.00",P504,Diana Wendy,Z003,Ngong,Baba Dogo Spectrum Business park,Ruaraka,,Back Order Allowed,payables@thebigfivebreweries.com,Open Item,,P051183573B,MONTHLY,
False,CUST100987,The Blues Holdings Ltd,KPSERVICE,KE,,KES,30D,Inactive,3797,Kim-Fay Professional,,Nairobi Central,,KPBASE,KP Base price,,2A,CBD,"20,000.00",P183,Mercy Irungu,Z002,CBD,P O Box 18914 00100,Barclays Plaza,,Back Order Allowed,,Open Item,,,MONTHLY,
False,CUST100988,The British Council,KPNGO,KE,,KES,30DS,Active,24198,Kim-Fay Professional,,Nairobi West,,THEBRITISH,The British Council,,3O,Upper Hill,"500,000.00",C1262,Mercyline Kemunto,Z003,Ngong,,The British Council,,Back Order Allowed,gideon.koech@britishcouncil.or.ke,Open Item,,P051098771P,MONTHLY,
False,CUST100989,The Church Of Jesus Christ Of Latter Day,KPRELGS,KE,,KES,30DS,Inactive,2541,Kim-Fay Professional,,Nairobi West,,KPBASE,KP Base price,,3O,Upper Hill,"150,000.00",YVON,Yvonne Achieng,Z003,Ngong,Kenya Service Centre,Upperhill,,Back Order Allowed,GesimbaCN@idschurch.org,Open Item,, P051093958I,MONTHLY,
False,CUST100990,The Concord Hotel & Suites,KPHOTEL,KE,,KES,30DS,Active,25111,Kim-Fay Professional,,Nairobi West,,THECONCORD,The Concord Hotel,,1F,Parklands,"700,000.00",P096,Doreen Mugwika,Z001,Westlands,49434-00100,31 Wangapala Road,,Back Order Allowed,zara@theconcordhotels.com,Open Item,,P000597732D,MONTHLY,
False,CUST100991,The Cradle Hotel,KPHOTEL,KE,,KES,CURRENT,Active,24463,Kim-Fay Professional,,Nairobi West,,THECRADLEH,The Cradle hotel ltd,,2A,CBD,1.00,C967,Berna Piwang,Z002,CBD,CBD,Dhl Medical Care K1,,Back Order Allowed,thecradlecamp@gmail.com,Open Item,,P051548671V,MONTHLY,
False,CUST100992,The Ford Foundation,KPNGO,KE,,KES,30DS,Active,2133,Kim-Fay Professional,,Nairobi West,,THEFORDFOU,The Ford Foundation,,3C,Ngong Road,"50,000.00",P505,Shirleen Chebet,Z003,Ngong,"Vienna Court, West Wing,","4th Floor, State House Crescent Road.",,Back Order Allowed,r.abdallah@fordfoundation.org,Open Item,,P051092900M,MONTHLY,
False,CUST100993,The Garden & Wedding Centre Ltd,KPSERVICE,KE,,KES,30D,Active,24447,Kim-Fay Professional,,Nairobi East,,THEGARDENA,The Garden and wedding,,5P,Mombasa Road,"200,000.00",P504,Diana Wendy,Z005,Mombasa Road,P.O. Box 3921-00100,Cosmas Ndeti Road Muimara Estate House no.23 Regar,,Back Order Allowed,mugodg@gmail.com,Open Item,,,MONTHLY,
False,CUST100994,The Good Earth Group Ltd - Gigiri,KPHOTEL,KE,,KES,30DS,Inactive,23846,Kim-Fay Professional,,Nairobi West,,KPBASE,KP Base price,,1L,Gigiri,"350,000.00",YVON,Yvonne Achieng,Z001,Westlands,P.O.Box 368-00606,Un Avenue Gigiri,,Back Order Allowed,tedmo@rocketmail.com,Open Item,,P051531229T,MONTHLY,
False,CUST100995,The Jubilee Life Insurance LTD,KPSERVICE,KE,,KES,60DS,Active,3673,Kim-Fay Professional,,Nairobi Central,,THEJUBILEE,The Jubilee Insurance Co.,,2A,CBD,"1,800,000.00",P104,Irene Luketelo,Z002,CBD,P O Box 30376 00100,Cbd Jubilee Insurance Building.,,Back Order Allowed,pamela.shitoshe@jubileekenya.com,Open Item,,P051166688P,MONTHLY,
False,CUST100996,The Junction Ltd C/O Knight Frank,KPPMGR,KE,,KES,60DS,Active,23503,Kim-Fay Professional,,Nairobi West,,KPBASE,KP Base price,,3C,Ngong Road,"250,000.00",P104,Irene Luketelo,Z003,Ngong,P O Box 40612,The Junction,,Back Order Allowed,rehema.maena@ke.knightfrank.com,Open Item,,P000602260L,MONTHLY,
False,CUST100997,The Kca University,KPEDU,KE,,KES,60DS,Active,23303,Kim-Fay Professional,,Nairobi East,,THEKCAUNIV,The KCA University,,4C,Thika Road,"1,200,000.00",P104,Irene Luketelo,Z004,Thika,P O Box 56808 00200,Ruaraka,,Back Order Allowed,kyengo@kcau.ac.ke,Open Item,,P051437784U,MONTHLY,
False,CUST100998,The King Post Ltd,KPHOTEL,KE,,KES,30D,Active,23189,Kim-Fay Professional,,Nairobi West,,KPBASE,KP Base price,,1D,Westlands,"180,000.00",P504,Diana Wendy,Z001,Westlands,P O Box 13606 00800,East Church Road,,Back Order Allowed,maintenance@gablesgroup.co.ke,Open Item,,P051168562I,DAILY,
False,CUST100999,The Kyaka Hotel,KPHOTEL,KE,,KES,30D,Active,24514,Kim-Fay Professional,,Eastern,,THEKYAKAHO,The kyaka hotel,,10A,Machakos,0.00,P193,June Chesire,Z010,Eastern,P.O Box 2321 - 90100,Machakos Town,,Back Order Allowed,accounts@thekyakahotel.co.ke; Procurement@thekyakahotel.co.ke,Open Item,,P051453217R,MONTHLY,
False,CUST101000,The Lazizi Premiere Ltd,KPHOTEL,KE,,KES,30DS,Active,24523,Kim-Fay Professional,,Nairobi East,,THELAZIZIP,The Lazizi premier ltd,,5D,JKIA,"400,000.00",P096,Doreen Mugwika,Z005,Mombasa Road,P.O Box 37813 - 00100,Jkia Airport,,Back Order Allowed,rebecca.michoki@crowneplazanairobiairport.com,Open Item,,P051439266R,MONTHLY,
False,CUST101001,The Library Sports Bar Ltd,KPREST,KE,,KES,30D,Inactive,25113,Kim-Fay Professional,,Nairobi West,,KPBASE,KP Base price,,3C,Ngong Road,1.00,YVON,Yvonne Achieng,Z003,Ngong,41-00100,Ngong Road,,Back Order Allowed,,Open Item,,P051812520W,MONTHLY,
False,CUST101002,The Local Grill Kenya Ltd,KPREST,KE,,KES,30D,Active,24846,Kim-Fay Professional,,Nairobi West,,KPBASE,KP Base price,,1L,Gigiri,"100,000.00",YVON,Yvonne Achieng,Z001,Westlands,"P.O.BOX 47770-00100, NAIROBI, KENYA","Village Market, New Wing",,Back Order Allowed,alicewambeti@yahoo.com,Open Item,,P051661348C,MONTHLY,
False,CUST101003,The Lord Errol,KPHOTEL,KE,,KES,30DS,Inactive,3770,Kim-Fay Professional,,Nairobi West,,KPBASE,KP Base price,,1L,Gigiri,"300,000.00",YVON,Yvonne Achieng,Z001,Westlands,P O Box 0621 999,Gigiri Past Un,,Back Order Allowed,procurement@lord-erroll.comGigiri,Open Item,,P051117540T,MONTHLY,
False,CUST101004,The Mombasa Hospital,KPHEALTH,KE,,KES,60DS,Active,2335,Kim-Fay Professional,,Coast,,THEMOMBASA,The Mombasa Hospital,,12A,Mombasa,"3,000,000.00",P022,Lucy Rimberia,Z012,Coast,"P.O.BOX 90294,",Kizingo Mombasa,,Back Order Allowed,creditors@mombasahospital.com,Open Item,,P051092199H,MONTHLY,
False,CUST101005,The Monarch Insurance Co. Ltd,KPSERVICE,KE,,KES,30D,Active,24549,Kim-Fay Professional,,Nairobi Central,,THEMONARCH,The Monarch insurance co.ltd,,2A,CBD,"100,000.00",P504,Diana Wendy,Z002,CBD,P.O. Box 44Nairobi Eastern - 00100,Chester House 1St Floor,,Back Order Allowed,pkinyanjui@monarchinsurance.co.ke,Open Item,,P000609356G,MONTHLY,
False,CUST101006,The Nairobi Hospital,KPHEALTH,KE,,KES,60DS,Active,1257,Kim-Fay Professional,,Nairobi West,,THENAIROBI,The Nairobi Hospital 1257,,3L,Hurlingham,"13,600,000.00",P096,Doreen Mugwika,Z003,Ngong,Nairobi Hospital,"Argwings Kodhek Rd, Nairobi",,Back Order Allowed,festuslangat@nbihosp.org,Open Item,,P000592671Z,MONTHLY,
False,CUST101007,The Neviane Limited,KPDIST,KE,,KES,30D,Active,24853,Kim-Fay Professional,,Nairobi East,,KPDISTRIB,KP Distributors,,5P,Mombasa Road,"2,400,000.00",LITIGATION,Litigation Accounts,Z005,Mombasa Road,Plessey House Along Uhuru Highway,The Gate on Baricho Road,,Back Order Allowed,neviane.limited@gmail.com,Open Item,,P051704705A,MONTHLY,
False,CUST101008,The Ninety Group Ltd,KPDIST,KE,,KES,30D,Active,24305,Kim-Fay Professional,,Nairobi West,,KPDISTRIB,KP Distributors,,,,"50,000.00",P505,Shirleen Chebet,Z003,Ngong,Wambco Highway Court,After NextGen Mall,,Back Order Allowed,theninetygroup@gmail.com,Open Item,,P051535674R,MONTHLY,
False,CUST101010,The Panari Resort Nyahururu,KPHOTEL,KE,,KES,30D,Active,24536,Kim-Fay Professional,,South Rift,,KPBASE,KP Base price,,5P,Mombasa Road,"60,000.00",P489,John Kaguai,Z005,Mombasa Road,Panari Hotel,,,Back Order Allowed,purchasing@panariresort.com,Open Item,,P051163217J,MONTHLY,
False,CUST101011,The Real Ipm Company Kenya Ltd,KPAGRI,KE,,KES,30DS,Active,24106,Kim-Fay Professional,,Nairobi East,,THEREALIPM,The Real IPM Company Kenya Ltd,,4A,Thika Town,"200,000.00",P096,Doreen Mugwika,Z004,Thika,P.O. Box 4001 - 01002,"Kichozi Farm,",,Back Order Allowed,kenneth.ngure@biobestgroup.com; mary.mirigo@biobestgroup.com,Open Item,,P051154048S,MONTHLY,
False,CUST101012,The River Cafe Ltd,KPHOTEL,KE,,KES,30DS,Active,3780,Kim-Fay Professional,,Nairobi West,CUST100796,RIVERCAFEG,River Cafe Gigiri ltd,Maximillian Otieno,1L,Gigiri,0.00,C1262,Mercyline Kemunto,Z001,Westlands,P O Box 9415 00100,Off Limuru Road,,Back Order Allowed,sophie@therosslyncentre.com,Open Item,,P051199179S,MONTHLY,
False,CUST101013,The Safari Collection Ltd,KPSERVICE,KE,,KES,30DS,On Hold,24057,Kim-Fay Professional,,Nairobi West,,KPBASE,KP Base price,,3B,Karen,"100,000.00",P096,Doreen Mugwika,Z003,Ngong,P.O.Box 15565-0503,Giraffe Manor,,Back Order Allowed,,Open Item,,,MONTHLY,
False,CUST101015,The Smith Bar & Restaurant Ltd,KPHOTEL,KE,,KES,30DS,Active,23817,Kim-Fay Professional,,Nairobi West,,THESMITH,The smith,,3F,Ongata Rongai,"500,000.00",P096,Doreen Mugwika,Z003,Ngong,Ollaro by The Smith,Masai Lodge Road,,Back Order Allowed,womondi@thesmithhotels.co.ke,Open Item,,P051316693O,MONTHLY,
False,CUST101016,The Standard Group Plc,KPSERVICE,KE,,KES,30DS,Active,3684,Kim-Fay Professional,,Nairobi East,,THESTANDAR,The Standard Group Ltd,,5P,Mombasa Road,"300,000.00",C1262,Mercyline Kemunto,Z005,Mombasa Road,P O Box 30080 00100,The Standard Group Centre,,Back Order Allowed,hgitau@standardmedia.co.ke,Open Item,,P000591094V,MONTHLY,
False,CUST101017,The Stanley Hotel,KPHOTEL,KE,,KES,60DS,Active,1134,Kim-Fay Professional,,Nairobi Central,,SAROVAHOTE,Sarova Hotels Ltd - Central,,2A,CBD,0.00,P025,Susan Mwathi,Z002,CBD,P.O.BOX 30680,The Stanley Hotel,,Back Order Allowed,joseph.nyakwaka@sarovahotels.com,Open Item,,P000607761D,MONTHLY,
False,CUST101018,The Wrigley Company (Ea) Ltd,KPINDUSTRY,KE,,KES,60DS,Inactive,23471,Kim-Fay Professional,,Nairobi East,,KPBASE,KP Base price,,2A,CBD,"300,000.00",YVON,Yvonne Achieng,Z002,CBD,P O Box 30767 - 00100,Bamburi Rd,,Back Order Allowed,infokenya@wrigley.com,Open Item,,,MONTHLY,
False,CUST101020,Thika Sports Club,KPHOTEL,KE,,KES,30DS,Active,23434,Kim-Fay Professional,,Nairobi East,,THIKASPORT,Thika Sports Club,,4A,Thika Town,"600,000.00",YVON,Yvonne Achieng,Z004,Thika,"P O Box 257,",Bendor Rd - Thika,,Back Order Allowed,bethwgikura@gmail.com,Open Item,,P000622837S,MONTHLY,
False,CUST101022,Tigoni Study Centre,KPEDU,KE,,KES,30DS,Active,2543,Kim-Fay Professional,,Nairobi West,,KPBASE,KP Base price,,1I,Limuru,"100,000.00",YVON,Yvonne Achieng,Z001,Westlands,,Limuru Near Maramba Tea Factory,,Back Order Allowed,tigonistudycentre@gmail.com,Open Item,,P000607022N,MONTHLY,
False,CUST101023,Tile & Carpet Centre Ltd,KPINDUSTRY,KE,,KES,60DS,Active,24322,Kim-Fay Professional,,Nairobi East,,TILECARPET,Tile & Carpet Centre Ltd,,5P,Mombasa Road,"150,000.00",P504,Diana Wendy,Z005,Mombasa Road,P.O. Box 3115 - 00200,Mombasa Road,,Back Order Allowed,danm@tilecentre.com,Open Item,,,MONTHLY,
False,CUST101024,Timescon Engineering Co. Ltd,KPSERVICE,KE,,KES,30D,Active,25070,Kim-Fay Professional,,Nairobi East,,KPBASE,KP Base price,,4C,Thika Road,1.00,P504,Diana Wendy,Z004,Thika,8752-Nairobi Eastern00,Kenyatta University Referral Hospital,,Back Order Allowed,timescanlimited@yahoo.com,Open Item,,P051201755R,MONTHLY,
False,CUST101025,Tipilikwani Mara Camp Limited,KPHOTEL,KE,,KES,30D,Active,24756,Kim-Fay Professional,,Nairobi West,CUST100087,ATUAENKOPA,Atua Enkop Africa,Mercy Nyagano,1D,Westlands,"200,000.00",P504,Diana Wendy,Z001,Westlands,166 Shanzu Road Spring Valley,Lower Kabete,,Back Order Allowed,accounts2@atua-enkop.com,Open Item,,P051182598I,MONTHLY,
False,CUST101026,Tipsy Corner Llp,KPREST,KE,,KES,30D,Active,25057,Kim-Fay Professional,,Nairobi West,,KPBASE,KP Base price,,4E,Kiambu,1.00,P504,Diana Wendy,Z004,Thika,9718-00100,"Vineyard Lounge,kimabu Rd",,Back Order Allowed,tipsycorner2018@gmail.com,Open Item,,P051755226J,MONTHLY,
False,CUST101027,Tiramisu Ltd,KPREST,KE,,KES,30D,Active,24261,Kim-Fay Professional,,Nairobi West,,KPBASE,KP Base price,,1L,Gigiri,"50,000.00",P504,Diana Wendy,Z001,Westlands,P.O. Box 39584 - 00623,Village Market,,Back Order Allowed,info@tiramisubakery.co.ke,Open Item,,P051410948Y,MONTHLY,
False,CUST101028,TML/The Carnivore,KPREST,KE,,KES,60DS,Inactive,3514,Kim-Fay Professional,,Nairobi West,,LANGATAHOT,Langata hotel development ltd,,3G,Langata,"1,000,000.00",P193,June Chesire,Z003,Ngong,"P.O.BOX 56685-00200,","Langata Road, Nairobi",,Back Order Allowed,supervisor.accountspayable@tamarind.co.ke,Open Item,,P000604488D,MONTHLY,
False,CUST101029,Tnt Express Worldwide (K) Ltd,KPSERVICE,KE,,KES,30DS,Active,24350,Kim-Fay Professional,,Nairobi East,,KPBASE,KP Base price,,5P,Mombasa Road,1.00,P504,Diana Wendy,Z005,Mombasa Road,P.O. Box 25133 - 00100,Even Business Parkwing A 1St Fl,,Back Order Allowed,finance.ke@tnt.com,Open Item,,P051202136L,MONTHLY,
False,CUST101031,Top Image Cleaning Services Ltd,KPCCLNRS,KE,Nairobi,KES,30DS,Active,24365,Kim-Fay Professional,,Nairobi Central,,TOPIMAGECL,Top Image Cleaning Services Lt,,2A,CBD,"800,000.00",P504,Diana Wendy,Z002,CBD,Freedom height mall - Langata,3rd Floor Rm NO: 10,,Back Order Allowed,topimageke@gmail.com; info@topimagecleaners.com,Open Item,,P051454783N,MONTHLY,
False,CUST101032,Torrent East Africa Ltd,KPINDUSTRY,KE,,KES,30DS,Active,24714,Kim-Fay Professional,,Nairobi East,,TORRENTEAS,Torrent East Africa Ltd,,5A,Industrial Area,4.00,P504,Diana Wendy,Z005,Mombasa Road,P.O Box 78632 - 00507,"Kampala Road, Off Enterprise Road",,Back Order Allowed,s.njuguna@torrentclosures.com,Open Item,,P051625768V,MONTHLY,
False,CUST101033,Total Foodservice Solutions Ltd,KPDIST,KE,,KES,60DS,Active,24826,Kim-Fay Professional,,Nairobi East,,KPBASE,KP Base price,,5A,Industrial Area,"120,000.00",P025,Susan Mwathi,Z005,Mombasa Road,"P.O.BOX 88844-00100, NAIROBI KENYA",23 Bamburi Road Off Enterprise Road,,Back Order Allowed,accounts@tfs.co.ke,Open Item,,P051713029A,MONTHLY,
False,CUST101034,Total Touch Cargo Ltd,KPSERVICE,KE,,KES,30D,Active,23772,Kim-Fay Professional,,Nairobi East,,TOTALTOUCH,Total Touch Cargo Ltd,,5D,JKIA,"60,000.00",P504,Diana Wendy,Z005,Mombasa Road,P.O.Box 19295-00501,Jkia Kahl Terminal 1,,Back Order Allowed,ttc@totaltouch-cargo.com,Open Item,,P051134734R,MONTHLY,
False,CUST101035,Trade House Africa Ltd,KPINDUSTRY,KE,,KES,30D,Active,25233,Kim-Fay Professional,,Nairobi East,,TRADEHOUSE,Trade House Africa Ltd,,5A,Industrial Area,2.00,YVON,Yvonne Achieng,Z005,Mombasa Road,78378-00507,Kenya Industrial Estate Godown 39,,Back Order Allowed,info@tradehouse.co.ke,Open Item,,P051107332Q,MONTHLY,
False,CUST101036,Trade Made Ltd,KPSERVICE,KE,,KES,30D,On Hold,24644,Kim-Fay Professional,,Nairobi East,,KPBASE,KP Base price,,5P,Mombasa Road,"50,000.00",P025,Susan Mwathi,Z005,Mombasa Road,P.O Box 40799 - 00100,Sabaki Area Past Mlolongo,,Back Order Allowed,,Open Item,,P051549531M,MONTHLY,
False,CUST101037,Tranquil Communities Limited,KPPMGR,KE,,KES,30DS,On Hold,25176,Kim-Fay Professional,,Nairobi Central,,KPBASE,KP Base price,,2A,CBD,"400,000.00",C967,Berna Piwang,Z002,CBD,P.O.BOX 2211 - 00202,Standard Street Lonrhouse,,Back Order Allowed,tranquilcltd@gmail.com,Open Item,,P051624807D,MONTHLY,
False,CUST101038,Trans Business Machines Ltd,KPINDUSTRY,KE,,KES,30DS,Active,24016,Kim-Fay Professional,,Nairobi West,,TRANSBUSIN,Transbusiness Machines Ltd,,3O,Upper Hill,"200,000.00",P504,Diana Wendy,Z003,Ngong,P O Box10069 00100,Solutions Tech Place,,Back Order Allowed,jnjoki@tbm.co.ke,Open Item,,P000605997N,MONTHLY,
False,CUST101040,Tribe 44 Limited,KPREST,KE,,KES,30D,Active,24763,Kim-Fay Professional,,Nairobi West,,TRIBE44LIM,Tribe 44 limited,,1C,Lower Kabete,2.00,P504,Diana Wendy,Z001,Westlands,P.O Box 1522 - 00606,Spring Valley Business Park Ltd,,Back Order Allowed,chefjandu@tribe44.co,Open Item,,P051684508H,MONTHLY,
False,CUST101041,Tribe Hotel Ltd,KPHOTEL,KE,,KES,60DS,Active,3752,Kim-Fay Professional,,Nairobi West,,TRIBEHOTEL,Tribe Hotel Ltd,,1L,Gigiri,"3,600,000.00",P025,Susan Mwathi,Z001,Westlands,P O Box 300 00621,Gigiri,,Back Order Allowed,saccounts@tribehotelsgroup.com,Open Item,,P051216196K,MONTHLY,
False,CUST101042,Two Rivers Lifestyle Centre Ltd,KPPMGR,KE,,KES,60DS,Active,24271,Kim-Fay Professional,,Nairobi West,,TWORIVERSL,Two Rivers Lifestyle Centre Lt,,1N,Ruaka,0.00,P096,Doreen Mugwika,Z001,Westlands,Two Rivers Lifestyle Centre Ltd,Ruaka,,Back Order Allowed,m.mburu@tworivers.co.ke,Open Item,,P051500774D,MONTHLY,
False,CUST101043,Tribus - Tsg Limited,KPPMGR,KE,,KES,60DS,Active,24782,Kim-Fay Professional,,Nairobi West,,KPBASE,KP Base price,,1N,Ruaka,0.00,P096,Doreen Mugwika,Z001,Westlands,P.O. Box 10518 - 00100,"Two Rivers Mall, Ruaka",,Back Order Allowed,m.mburu@tworivers.co.ke,Open Item,,P051634615Z,MONTHLY,
False,CUST101044,Two Rivers Lifestyle Centre Limited - Office Towers,KPPMGR,KE,,KES,60DS,Active,24751,Kim-Fay Professional,,Nairobi West,,KPBASE,KP Base price,,1N,Ruaka,"250,000.00",P096,Doreen Mugwika,Z001,Westlands,P.O Box 2 - 00627,Two Rivers Lifestyle Centre,,Back Order Allowed,m.mburu@tworivers.co.ke,Open Item,,P051500774D,MONTHLY,
False,CUST101045,Tribus - TSG Security Limited (Sabis International),KPPMGR,KE,,KES,60DS,Active,24823,Kim-Fay Professional,,Nairobi East,CUST101043,TWORIVERSL,Two Rivers Lifestyle Centre Lt,Christine Cheptoo,1N,Ruaka,0.00,P096,Doreen Mugwika,Z001,Westlands,Runda Off Kiambu Road,,,Back Order Allowed,m.kinyanjui@tribus-tsg.com,Open Item,,P051634615Z,MONTHLY,
False,CUST101046,Tripple O'S Hotel,KPHOTEL,KE,,KES,30D,Active,24378,Kim-Fay Professional,,Nairobi East,,KPBASE,KP Base price,,5T,Utawala,"100,000.00",P504,Diana Wendy,Z005,Mombasa Road,,Utawala,,Back Order Allowed,info@trippleoshotel.com,Open Item,,P051538083S,MONTHLY,
False,CUST101048,Tropicana Enterprises Ltd,KPREST,KE,,KES,60DS,Active,23197,Kim-Fay Professional,,Nairobi West,,KPBASE,KP Base price,,1D,Westlands,"150,000.00",P505,Shirleen Chebet,Z001,Westlands,P O Box 8509 00200,Woodvale Groove,,Back Order Allowed,gipsybar@gmail.com,Open Item,,P000599076O,MONTHLY,
False,CUST101049,Tropikal Brands (Afrika)Ltd,KPINDUSTRY,KE,,KES,30DS,Active,25048,Kim-Fay Professional,,Nairobi East,,TROPIKALBR,Tropikal Brands (Africa)ltd,,4C,Thika Road,"50,000.00",YVON,Yvonne Achieng,Z004,Thika,49465-00100,Kasarani Mwiki Road,,Back Order Allowed,justine@tropikal.co.ke,Open Item,,P000612376V,MONTHLY,
False,CUST101050,True D Pictures Ltd,KPSERVICE,KE,,KES,30D,Active,24961,Kim-Fay Professional,,Nairobi East,,KPBASE,KP Base price,,5P,Mombasa Road,1.00,P504,Diana Wendy,Z005,Mombasa Road,,Afric Centre,,Back Order Allowed,haika@truedpictures.co.ke,Open Item,,P051557492X,DAILY,
False,CUST101053,Closed Two Rivers Lifestyle Centre Ltd,KPPMGR,KE,,KES,60DS,On Hold,24438,Kim-Fay Professional,,Nairobi West,,KPBASE,KP Base price,,1N,Ruaka,"1,000,000.00",P096,Doreen Mugwika,Z001,Westlands,P.O. Box 10518 - 00100,Two Rivers Ruaka,,Back Order Allowed,m.mburu@tworivers.co.ke,Open Item,,P051500774D,MONTHLY,
False,CUST101054,Two Ways Africa Ltd,KPDIST,KE,,KES,30D,Active,25142,Kim-Fay Professional,,Nairobi West,,KPDISTRIB,KP Distributors,,4E,Kiambu,1.00,P504,Diana Wendy,Z004,Thika,784-00216,"Moran Liquor Shop Kiambu rd, opp Naivas Ridgeways",,Back Order Allowed,twowaysafrica4@gmail.com,Open Item,,P051716753R,MONTHLY,
False,CUST101056,Ultra Chemicals Industries Ltd,KPINDUSTRY,KE,,KES,30D,Active,24810,Kim-Fay Professional,,Nairobi East,,ULTRACHEMI,Ultra Chemical Industries ltd,,5P,Mombasa Road,1.00,C1262,Mercyline Kemunto,Z005,Mombasa Road,"P.O. BOX 31762-00600 NGARA, NAIROBI",Eastgate Road Off Mombasa Road,,Back Order Allowed,info@ultrachemicals.co.ke,Open Item,,P051205095F,MONTHLY,
False,CUST101057,Umang Holdings Ltd,KPSERVICE,KE,,KES,30D,Active,3626,Kim-Fay Professional,,Nairobi West,,KPBASE,KP Base price,,3B,Karen,"50,000.00",P504,Diana Wendy,Z003,Ngong,P O Box 66818 00800,,,Back Order Allowed,,Open Item,,,MONTHLY,
False,CUST101058,Umash Funeral Services Ltd,KPSERVICE,KE,,KES,30DS,Active,3805,Kim-Fay Professional,,Nairobi West,,UMASHFUNER,Umash Funeral Services Ltd,,3I,Mbagathi Road,"100,000.00",P504,Diana Wendy,Z003,Ngong,P O Box 23567 00625,,,Back Order Allowed,info@umash.co.ke,Open Item,,P051130060G,MONTHLY,
False,CUST101059,Umoja Projects,KPNGO,KE,,KES,30D,Active,24617,Kim-Fay Professional,,Nairobi East,,KPBASE,KP Base price,,5H,Umoja,1.00,C967,Berna Piwang,Z005,Mombasa Road,P.O Box 441 - 40501,Chulaimbo,,Back Order Allowed,leonardotieno66@yahoo.com,Open Item,,P051551079F,MONTHLY,
False,CUST101060,UNHCR,KPNGO,KE,,KES,30DS,Inactive,23687,Kim-Fay Professional,,Nairobi West,,KPBASE,KP Base price,,1D,Westlands,1.00,P104,Irene Luketelo,Z001,Westlands,P.O.Box 43801-00100,35 Raphta Road,,Back Order Allowed,makaue@unhcr.org,Open Item,,P051096733D,MONTHLY,
False,CUST101061,UNHCR Somalia,KPNGO,KE,,KES,30D,Inactive,25148,Kim-Fay Professional,,Nairobi West,,KPBASE,KP Base price,,1D,Westlands,1.00,P104,Irene Luketelo,Z001,Westlands,43801-00100,Lynwood Court,,Back Order Allowed,makaur@unhcr.org,Open Item,,P051096733D,MONTHLY,
False,CUST101063,United Nations Office At Nairobi (UNON),KPNGO,KE,,KES,30DS,Active,3500,Kim-Fay Professional,,Nairobi West,,UNON,United Nations Office Nairobi,,1L,Gigiri,"16,000,000.00",P193,June Chesire,Z001,Westlands,P.O.Box 67578 - 00100,Chief Of Accounts Section,,Back Order Allowed,unon-bfms.servicedesk@un.org,Open Item,,P051114193W,MONTHLY,
False,CUST101064,United Nations Office For Projects (UNOPS),KPNGO,KE,,KES,30DS,Active,23767,Kim-Fay Professional,,Nairobi West,,KPBASE,KP Base price,,1L,Gigiri,"100,000.00",P193,June Chesire,Z001,Westlands,P.O.Box 783-00621,"Unops Building, Un Lane,",,Back Order Allowed,kennedyn@unops.org,Open Item,,,MONTHLY,
False,CUST101065,United States Embassy Nairobi,KPNGO,KE,,KES,60DS,Active,23447,Kim-Fay Professional,,Nairobi West,,UNITEDSTAT,United states Embassy,,1L,Gigiri,"3,000,000.00",P193,June Chesire,Z001,Westlands,"P O Box 606,Village Market","Club Sidai Entim, With A K.K Security",,Back Order Allowed,nairobipayables@state.gov,Open Item,,P051102372Z,MONTHLY,
False,CUST101066,Uon Pension Scheme C/O Knight Frank Kenya Ltd,KPPMGR,KE,,KES,30D,On Hold,25194,Kim-Fay Professional,,Nairobi Central,,KPBASE,KP Base price,,2A,CBD,"60,000.00",P104,Irene Luketelo,Z002,CBD,,Uon Ps Ambank House,,Back Order Allowed,metusela.kibor@ke.knightfrank.com,Open Item,,P051141456Z,MONTHLY,
False,CUST101067,Van Woustraat Limited,KPOFFICE,KE,,KES,30D,Active,25157,Kim-Fay Professional,,Nairobi West,,VANWOUSTRA,Van woustraat ltd,,8A,Eldoret,1.00,P193,June Chesire,Z008,Western B,Eldoret - Kikao,,,Back Order Allowed,gladys.kerich@vwt.co.ke,Open Item,,P051760985S,MONTHLY,
False,CUST101068,Variety Flooring Works Ltd,KPINDUSTRY,KE,,KES,30DS,Active,24601,Kim-Fay Professional,,Nairobi East,,KPBASE,KP Base price,,5P,Mombasa Road,1.00,P504,Diana Wendy,Z005,Mombasa Road,P.O. Box 10736 - 00400,Mombasa Road,,Back Order Allowed,info@variety.co.ke,Open Item,,P051199516C,MONTHLY,
False,CUST101069,Ved Enterprises,KPSERVICE,KE,,KES,30D,Active,25044,Kim-Fay Professional,,Nairobi East,,KPBASE,KP Base price,,1H,Ngara,1.00,P504,Diana Wendy,Z001,Westlands,38303-00623,Ngara,,Back Order Allowed,,Open Item,,A004191106T,MONTHLY,
False,CUST101070,Vegpro(K) Ltd,KPAGRI,KE,,KES,60DS,Active,3323,Kim-Fay Professional,,Nairobi East,,VEGPROKENY,Vegpro Kenya Ltd,,5D,JKIA,0.00,P193,June Chesire,Z005,Mombasa Road,P O Box 19226-00201,North Airport Cargo,,Back Order Allowed,hgachango@vegpro-group.com,Open Item,,P000615414L,MONTHLY,
False,CUST101071,Velvety General Supplies Ltd,KPSERVICE,KE,,KES,30D,Active,24991,Kim-Fay Professional,,Nairobi West,,KPBASE,KP Base price,,3M,Kilimani,1.00,P504,Diana Wendy,Z003,Ngong,104818-00818,"George Padmore Road,Kilimani",,Back Order Allowed,velvetysuppliers@gmail.com,Open Item,,P051755918N,DAILY,
False,CUST101072,Victoria Technical Enterprises Ltd,KPSERVICE,KE,,KES,30D,Active,24777,Kim-Fay Professional,,Nairobi East,,KPBASE,KP Base price,,5L,Jogoo road,1.00,P504,Diana Wendy,Z005,Mombasa Road,"OUTER RING ROAD, NAIROBI","Outer Ring Road, Green Garden",,Back Order Allowed,jemima.undisa@yahoo.com,Open Item,,P051235303P,MONTHLY,
False,CUST101073,Viewers Park Hotel,KPREST,KE,,KES,30D,Active,24658,Kim-Fay Professional,,South Rift,,KPBASE,KP Base price,,7A,Naivasha,1.00,P489,John Kaguai,Z007,Western A,Naivasha town (Opposite Hass Petrol Station),,,Back Order Allowed,viewersparkhotel@gmail.com,Open Item,,P051585267T,MONTHLY,
False,CUST101074,Viking House Best Of Kenya,KPREST,KE,,KES,30D,Active,23483,Kim-Fay Professional,,Nairobi West,,KPBASE,KP Base price,,1B,Waiyaki Way,1.00,P504,Diana Wendy,Z001,Westlands,P O Box 14155 - 00800,Waiyaki Way,,Back Order Allowed,,Open Item,,,MONTHLY,
False,CUST101075,Villa Rosa Kempinski C/O Simba Colt Ltd,KPHOTEL,KE,,KES,30DS,Active,23876,Kim-Fay Professional,,Nairobi West,,VILLAROSAK,Villa Rosa Kempinski / Simba C,,1D,Westlands,"1,000,000.00",P504,Diana Wendy,Z001,Westlands,P.O.Box 14164-00800,"Chiromo Lane, Off Chiromo Road",,Back Order Allowed,joy.cherotich@kempinski.com,Open Item,,P000609718Z,MONTHLY,
False,CUST101076,Vipingo Developement Plc,KPSERVICE,KE,,KES,30DS,Active,25267,Kim-Fay Professional,,Nairobi West,,KPBASE,KP Base price,,1N,Ruaka,"200,000.00",C967,Berna Piwang,Z001,Westlands,117-80119,1St Floor Vipingo Ridge Conference Centre,,Back Order Allowed,info@vipingodevelopment.com,Open Item,,P051561122Z,MONTHLY,
False,CUST101078,Viva Healthcare Limited,KPHEALTH,KE,,KES,30D,Active,25265,Kim-Fay Professional,,Nairobi East,,KPBASE,KP Base price,,5P,Mombasa Road,1.00,P504,Diana Wendy,Z005,Mombasa Road,56591-00200,Rapid Kate Logistics Centre Compound,,Back Order Allowed,mitalvelani@vivahealthcare.org,Open Item,,P051519744Q,MONTHLY,
False,CUST101079,VLCC Welness (E.A) Ltd,KPHEALTH,KE,,KES,CURRENT,Active,24288,Kim-Fay Professional,,Nairobi West,,KPBASE,KP Base price,,3K,Lavington,2.00,P504,Diana Wendy,Z003,Ngong,P.O. Box 2245 - 00606,Muthangari Drive,,Back Order Allowed,accounts.kenya@vlccwellness.com,Open Item,,P051426648K,MONTHLY,
False,CUST101080,Vogue Group Ltd,KPREST,KE,,KES,30D,Inactive,23889,Kim-Fay Professional,,Nairobi West,,KPBASE,KP Base price,,1D,Westlands,"100,000.00",YVON,Yvonne Achieng,Z001,Westlands,P.O.Box 13686-00200,Westlands Road,,Back Order Allowed,voguecafe211@gmail.com,Open Item,,P051414165B,MONTHLY,
False,CUST101081,Wachira Irungu & Associates,KPSERVICE,KE,,KES,30D,Inactive,23745,Kim-Fay Professional,,Nairobi West,,WACHIRAIRU,Wachira Irungu & Associates,,1D,Westlands,2.00,YVON,Yvonne Achieng,Z001,Westlands,P.O.Box 46671-00100,Westlands Business Park,,Back Order Allowed,info@wia-eastafrica.com,Open Item,,,MONTHLY,
False,CUST101082,Wadi Degla Investment (Kenya) Ltd,KPREST,KE,,KES,60DS,Active,24480,Kim-Fay Professional,,Nairobi West,,WADIDEGLAI,Wadi Degla Investments (K)ltd,,4F,Runda,"750,000.00",P504,Diana Wendy,Z004,Thika,P O Box 41973 00100,"Runda Club, Off Kiambu Road.",,Back Order Allowed,Isaack.Mwangi@wdclubsafrica.com,Open Item,,P051518511A,MONTHLY,
False,CUST101083,Walker Kontos,KPOFFICE,KE,,KES,30D,Active,25134,Kim-Fay Professional,,Nairobi West,,KPBASE,KP Base price,,1D,Westlands,1.00,P193,June Chesire,Z001,Westlands,P.O.BOX 60680 - 00200,Hakika House Bishops Road Near Fairview Hotel,,Back Order Allowed,accounts@walkerkontos.com,Open Item,,P000617382F,MONTHLY,
False,CUST101084,Waridi Paradise Hotel And Suites,KPHOTEL,KE,,KES,30D,Active,24604,Kim-Fay Professional,,Nairobi West,,WARIDIPARA,Waridi Paradise hotel suites,,3L,Hurlingham,"100,000.00",C967,Berna Piwang,Z003,Ngong,P.O Box 13475 - 00100,Off Arwings Kodhek Road,,Back Order Allowed,samuel.accounts@waridi-paradise.com,Open Item,,P051337820B,MONTHLY,
False,CUST101086,Water Point Store Ltd,CSSTOCKPTS,KE,,KES,45INV,Active,24607,Consumer sales,General Trade,Eastleigh,,DISTRIBUTO,DISTRIBUTOR,,5E,Eastleigh,"750,000.00",P487,Clement Otieno,Z005,Mombasa Road,P.O 7019 - 00610,Eastleigh 1St Avenue,,Back Order Allowed,waterpointstore@gmail.com,Open Item,,P051852217Z,MONTHLY,
False,CUST101087,Waterwise Service Ltd,KPSERVICE,KE,,KES,30D,Active,24567,Kim-Fay Professional,,Nairobi Central,,WATERWISES,Waterwise service ltd,,2A,CBD,"100,000.00",P096,Doreen Mugwika,Z002,CBD,P O Box 52705 00200,Riverroad,,Back Order Allowed,info@waterwise-services.com,Open Item,,P051320782Z,MONTHLY,
False,CUST101088,Weetabix East Africa Ltd,KPINDUSTRY,KE,,KES,30DS,Active,3534,Kim-Fay Professional,,Nairobi East,,WEETABIXEA,Weetabix East Africa Ltd,,5A,Industrial Area,"250,000.00",YVON,Yvonne Achieng,Z005,Mombasa Road,"P.O.Box 78033-00507,",,,Back Order Allowed,rkb@weetabix.com,Open Item,,P051345577O,MONTHLY,
False,CUST101089,Westlands Place Management (Plc) Ltd,KPPMGR,KE,,KES,30D,Active,25156,Kim-Fay Professional,,Nairobi West,,KPBASE,KP Base price,,1D,Westlands,2.00,P505,Shirleen Chebet,Z001,Westlands,P.O Box 3848 - 00100,Westlands Place,,Back Order Allowed,management@westlandsplace.com,Open Item,,P051675717K,MONTHLY,
False,CUST101090,Weston Hotel Ltd,KPHOTEL,KE,,KES,60DS,Active,24054,Kim-Fay Professional,,Nairobi West,,WESTONHOTE,Weston Hotel Ltd,,3G,Langata,"1,800,000.00",P193,June Chesire,Z003,Ngong,P.O.Box 36379-00200,Opposite Wilson Airport,,Back Order Allowed,lngeno@westonhotel.com,Open Item,,P051221467U,MONTHLY,
False,CUST101091,Westwood Park Ltd,KPPMGR,KE,,KES,30D,Active,24481,Kim-Fay Professional,,Nairobi West,,KPBASE,KP Base price,,1D,Westlands,"100,000.00",P096,Doreen Mugwika,Z001,Westlands,P O Box 51408 00200,The Westwood,,Back Order Allowed,info@santackenterprises.co.ke,Open Item,,P051527359S,MONTHLY,
False,CUST101092,White Oak Medicalcentre Ltd,KPHEALTH,KE,,KES,30D,Active,25275,Kim-Fay Professional,,Nairobi West,,WHITEOAKME,White Oak Medical Centre,,1C,Lower Kabete,3.00,P104,Irene Luketelo,Z001,Westlands,44310-00100,Spring Valley Business Park,,Back Order Allowed,vprish@gmail.com,Open Item,,P051915999J,MONTHLY,
False,CUST101093,Whitesands Hotel.,KPHOTEL,KE,,KES,60DS,Active,2010,Kim-Fay Professional,,Coast,,SAROVAHOTE,Sarova Hotels Ltd - Central,,12A,Mombasa,0.00,P022,Lucy Rimberia,Z012,Coast,P.O.Box 90173,"Mombasa- Malindi Road, Bamburi",,Back Order Allowed,sawadho.haret@sarovahotels.com,Open Item,,P000607761D,MONTHLY,
False,CUST101094,Wigot Gardens Ltd,KPHOTEL,KE,,KES,30D,Active,24234,Kim-Fay Professional,,West Nyanza,,WIGOTGARDE,Wigot Gardens Ltd,,7F,Kisumu,1.00,P504,Diana Wendy,Z007,Western A,P.O. Box 3996-40100,Mamboleo Off Kisumu-Kakamega Road,,Back Order Allowed,info@wigotgardens.co.ke,Open Item,,P051385272K,MONTHLY,
False,CUST101095,Wild Earth Wellness Centre Ltd,KPSERVICE,KE,,KES,30DS,Inactive,3787,Kim-Fay Professional,,Nairobi West,,KPBASE,KP Base price,,1D,Westlands,2.00,YVON,Yvonne Achieng,Z001,Westlands,P O Box 209 00606,Village Near Roseline Road,,Back Order Allowed,info@wildearthdayspa.com,Open Item,,,MONTHLY,
False,CUST101096,Wildebeest Travel,KPSERVICE,KE,,KES,30DS,Active,23699,Kim-Fay Professional,,Nairobi West,,KPBASE,KP Base price,,3G,Langata,"200,000.00",P504,Diana Wendy,Z003,Ngong,P.o Box 18209 -00100 NAIROBI,151 Mokoyeti Road West Langata,,Back Order Allowed,accounts@wildebeesttravels.com,Open Item,,P051190404G,MONTHLY,
False,CUST101097,Wilderness Lodges,KPHOTEL,KE,,KES,45DS,Active,3526,Kim-Fay Professional,,Nairobi East,,KPBASE,KP Base price,,5A,Industrial Area,"450,000.00",P504,Diana Wendy,Z005,Mombasa Road,"P.O.BOX 42788-00100,",Nyayo Roundabout,,Back Order Allowed,kyalo@wildernesslodges.co.ke,Open Item,,P051153778F,MONTHLY,
False,CUST101098,Windsor Golf And Country Club,KPHOTEL,KE,,KES,60DS,Active,1131,Kim-Fay Professional,,Nairobi West,,WINDSORGOL,Windsor Golf And Country Club,,4E,Kiambu,"3,500,000.00",P193,June Chesire,Z004,Thika,P.O.BOX 45587,"Kigwa Rd, Garden Estate, Nairobi",,Back Order Allowed,stores@windsor.co.ke,Open Item,,P000603844R,MONTHLY,
False,CUST101100,Wood Green Ltd,KPREST,KE,,KES,30D,Active,24857,Kim-Fay Professional,,Nairobi West,,KPBASE,KP Base price,,1L,Gigiri,1.00,P504,Diana Wendy,Z001,Westlands,P.O.BOX 45403-00100,Village Market New Wing 1St Floor,,Back Order Allowed,accounts@muggandbeanvm.com,Open Item,,P051104545P,MONTHLY,
False,CUST101102,Workable Limited Liability Parnership,KPSERVICE,KE,,KES,30D,Active,25121,Kim-Fay Professional,,Nairobi West,,KPBASE,KP Base price,,1B,Waiyaki Way,1.00,YVON,Yvonne Achieng,Z001,Westlands,816-00100,Sanlam Towers,,Back Order Allowed,maureen@workable.space,Open Item,,P051655478X,MONTHLY,
False,CUST101103,World Concern,KPNGO,KE,,KES,30D,Active,25137,Kim-Fay Professional,,Nairobi West,,KPBASE,KP Base price,,3O,Upper Hill,1.00,C967,Berna Piwang,Z003,Ngong,6133-00200,"Masaba Road,Upperhill",,Back Order Allowed,joycrm@worldconcern.org,Open Item,,p000592453v,MONTHLY,
False,CUST101104,World Vision Somalia,KPNGO,KE,,KES,30DS,Inactive,23667,Kim-Fay Professional,,Nairobi West,,KPBASE,KP Base price,,1D,Westlands,1.00,P504,Diana Wendy,Z001,Westlands,P.O.Box 56527-00200,School Lane,,Back Order Allowed,,Open Item,,,MONTHLY,
False,CUST101105,Xxxx Parapet Limited - Closed,KPCCLNRS,KE,,KES,90DS,Inactive,2424,Kim-Fay Professional,,Nairobi West,,KPBASE,KP Base price,,1B,Waiyaki Way,"4,000,000.00",P193,June Chesire,Z001,Westlands,P.O.Box 10491,,,Back Order Allowed,,Open Item,,P051123321F,MONTHLY,
False,CUST101106,Xxxxamtoll Rwanda/Fcc - Closed,KPDIST,KE,,KES,30D,Inactive,25097,Kim-Fay Professional,,Rwanda,,KPBASE,KP Base price,,14F,Rwanda,0.00,P022,Lucy Rimberia,Z014,Exports,,Kn8 Avenue,,Back Order Allowed,,Open Item,,,MONTHLY,
False,CUST101107,Yalah Enterprises Company Ltd,KPPMGR,KE,,KES,45DS,Active,24483,Kim-Fay Professional,,Nairobi Central,,YALAHENTER,Yalah Enterprises co.,,2A,CBD,2.00,P504,Diana Wendy,Z002,CBD,P.O Box 27789 - 00100,Junction Of Koinange/Biashara Street,,Back Order Allowed,yalahenterprise@gmail.com,Open Item,,P051312051O,MONTHLY,
False,CUST101108,Yoken Sacco Ltd*,KPSERVICE,KE,,KES,30D,Active,24957,Kim-Fay Professional,,Upper Mountain,,KPBASE,KP Base price,,6C,Embu,1.00,P504,Diana Wendy,Z006,Mountain,1175- EMBU,"Yonder Farm, Embu",,Back Order Allowed,YOKEN.SACCO@GMAIL.COM,Open Item,,P051148258H,DAILY,
False,CUST101109,Zaf Holdings Ltd,KPPMGR,KE,,KES,30DS,Active,24406,Kim-Fay Professional,,Nairobi East,,KNIGHTFRAN,Knight Frank Services Ltd 3682,,5A,Industrial Area,"200,000.00",P504,Diana Wendy,Z005,Mombasa Road,P.O. Box 124-00623,Lunga Lunga Square Mall,,Back Order Allowed,linda.justus@ke.knightfrank.com,Open Item,,P051308664M,MONTHLY,
False,CUST101110,Zamara Actuaries Administrators & Consultants Ltd,KPSERVICE,KE,,KES,30D,Inactive,23785,Kim-Fay Professional,,Nairobi West,,KPBASE,KP Base price,,1D,Westlands,"50,000.00",YVON,Yvonne Achieng,Z001,Westlands,P.O.Box 52439-00200,Landmark Plaza,,Back Order Allowed,msolly@aforbes.co.ke,Open Item,,P051123493Y,MONTHLY,
False,CUST101111,Zamara Risk And Insurance Brokers Ltd,KPSERVICE,KE,,KES,CURRENT,Active,24216,Kim-Fay Professional,,Nairobi West,,KPBASE,KP Base price,,1D,Westlands,1.00,YVON,Yvonne Achieng,Z001,Westlands,Landmark Plaza,,,Back Order Allowed,fkioko@zamara.co.ke,Open Item,,P051164578G,MONTHLY,
False,CUST101113,Zen Fitness Ltd,KPSERVICE,KE,,KES,30D,Active,24496,Kim-Fay Professional,,Nairobi West,,KPBASE,KP Base price,,1D,Westlands,2.00,P504,Diana Wendy,Z001,Westlands,P.O. Box 53164 - 00200,Westlands Nairobi,,Back Order Allowed,zencyclenairobi@gmail.com,Open Item,,P051567343M,MONTHLY,
False,CUST101114,Zen Garden Ltd,KPREST,KE,,KES,30DS,Active,24436,Kim-Fay Professional,,Nairobi West,,ZENGARDENS,Zen Gardens ltd,,1C,Lower Kabete,"400,000.00",P504,Diana Wendy,Z001,Westlands,P.O. Box 25601 - 00100,Zen Garden,,Back Order Allowed,accounts@zengarden.co.ke,Open Item,,P051189489W,MONTHLY,
False,CUST101115,Zep-Re (Pta Reinsurance Co.) C/O Nw Realite Ltd,KPPMGR,KE,,KES,30DS,Active,25071,Kim-Fay Professional,,Nairobi West,,KPBASE,KP Base price,,3O,Upper Hill,"400,000.00",P104,Irene Luketelo,Z003,Ngong,2211-00202,Upperhill,,Back Order Allowed,customercare@newrealite.co.ke,Open Item,,P051112746P,MONTHLY,
False,CUST101116,Zizu Investment Ltd,KPSERVICE,KE,,KES,30DS,Inactive,24372,Kim-Fay Professional,,Nairobi East,,ZIZUINVEST,Zizu Investment Ltd,,5P,Mombasa Road,"450,000.00",YVON,Yvonne Achieng,Z005,Mombasa Road,P O Box 30541 00623,Mombasa Road,,Back Order Allowed,rahim@zizultd.com,Open Item,, P051405735C,MONTHLY,
False,CUST101117,Zucchini Greengrocers Ltd,KPREST,KE,,KES,30D,Active,24539,Kim-Fay Professional,,Nairobi West,,KPBASE,KP Base price,,3B,Karen,"50,000.00",P096,Doreen Mugwika,Z003,Ngong,P.O Box 39584 - 00100,Zucchini Green Grocers,,Back Order Allowed,accounts@zucchini.co.ke,Open Item,,P000638987U,MONTHLY,
False,CUST101118,Sage Software Ea Ltd,KPSERVICE,KE,,KES,30D,On Hold,23624,Kim-Fay Professional,,Nairobi West,,KPBASE,KP Base price,,1D,Westlands,"10,000.00",P183,Mercy Irungu,Z001,Westlands,P.O Box 38283-00623,4Th Floor Nivina Towers.,,Back Order Allowed,,Open Item,,,MONTHLY,
False,CUST101127,Pta Reinsurance Company (Zep- Re),KPPMGR,KE,,KES,60DS,Active,3574,Kim-Fay Professional,,Nairobi West,,KPBASE,KP Base price,,3O,Upper Hill,"200,000.00",P104,Irene Luketelo,Z003,Ngong,"P.O. Box 42769-00100,",Upperhill Near Teachers Service,,Back Order Allowed,,Open Item,,P051112746P,MONTHLY,
False,CUST101128,Hornbill Rongai,KPREST,KE,,KES,30D,Inactive,24766,Kim-Fay Professional,,Nairobi West,,KPBASE,KP Base price,,3F,Ongata Rongai,1.00,P183,Mercy Irungu,Z003,Ngong,41903 - 00200,"Rongai, Former The Address Bar",,Back Order Allowed,,Open Item,,P051703578P,DAILY,
False,CUST101131,Baobab Beach Resort,KPHOTEL,KE,,KES,60DS,Active,3697,Kim-Fay Professional,,Coast,,BAOBABBEAC,Baobab Beach resort,,12A,Mombasa,"1,400,000.00",P022,Lucy Rimberia,Z012,Coast,Mombasa,Diani,,Back Order Allowed,payables@baobab-beach-resort.com,Open Item,,P000619188N,MONTHLY,
False,CUST101132,Avenue Healthcare Ltd - Mombasa,KPHEALTH,KE,,KES,60DS,Active,24277,Kim-Fay Professional,,Coast,CUST100091,AVENUEHEAL,Avenue Health,Mercy Nyagano,12A,Mombasa,"2,000,000.00",P022,Lucy Rimberia,Z012,Coast,,,,Back Order Allowed,,Open Item,,P051111917E,MONTHLY,
False,CUST101165,Creative Cleaning Services Limited - Mombasa,KPCCLNRS,KE,,KES,60DS,Active,24279,Kim-Fay Professional,,Coast,CUST100215,KPBASE,KP Base price,Fredrick Mule,12A,Mombasa,"1,000,000.00",P022,Lucy Rimberia,Z012,Coast,,,,Back Order Allowed,,Open Item,,P051103853S,MONTHLY,
False,CUST101206,Lupat Cleaning Services Ltd - Mombasa,KPCCLNRS,KE,,KES,60DS,Active,24281,Kim-Fay Professional,,Coast,CUST100572,KPBASE,KP Base price,Mercy Nyagano,12A,Mombasa,"600,000.00",P022,Lucy Rimberia,Z012,Coast,,,,Back Order Allowed,,Open Item,,P051173361U,MONTHLY,
False,CUST101351,Serena Beach Hotel - Mombasa,KPHOTEL,KE,,KES,60DS,Active,24285,Kim-Fay Professional,,Coast,CUST100857,SERENAHOTE,Serena Hotels,Mercy Nyagano,12A,Mombasa,0.00,P022,Lucy Rimberia,Z012,Coast,,,,Back Order Allowed,,Open Item,,P000595529C,MONTHLY,
False,CUST101363,Ceva Interfreight Kenya Plc - Mombasa,KPSERVICE,KE,,KES,30DS,Active,24286,Kim-Fay Professional,,Coast,CUST100912,SPEDAGINTE,Spedag Interfreight Kenya Ltd,Ismael Hamisi,12A,Mombasa,0.00,P022,Lucy Rimberia,Z012,Coast,,,,Back Order Allowed,,Open Item,,P051102805G,MONTHLY,
False,CUST101364,Stanbic Bank Ltd - Mombasa,KPBANK,KE,,KES,60DS,Active,24278,Kim-Fay Professional,,Coast,CUST100924,CFCSTANBIC,CFC Stanbic Bank Ltd,Ismael Hamisi,12A,Mombasa,"1,200,000.00",P022,Lucy Rimberia,Z012,Coast,,,,Back Order Allowed,,Open Item,,P000594433T,MONTHLY,
False,CUST101365,The Good Earth Group Ltd - NM Delta,KPHOTEL,KE,,KES,30DS,Active,24570,Kim-Fay Professional,,Nairobi West,CUST100994,KPBASE,KP Base price,Maximillian Otieno,1D,Westlands,"350,000.00",P504,Diana Wendy,Z001,Westlands,,,,Back Order Allowed,,Open Item,,P051531229T,MONTHLY,
False,CUST101366,The Good Earth Group Ltd - Westlands,KPHOTEL,KE,,KES,30DS,Active,23710,Kim-Fay Professional,,Nairobi West,CUST100994,KPBASE,KP Base price,Maximillian Otieno,1D,Westlands,"350,000.00",P504,Diana Wendy,Z001,Westlands,,,,Back Order Allowed,,Open Item,,P051531229T,MONTHLY,
False,CUST101389,Cash Sale A/C - Professional Sales,KPCASH,KE,,KES,CURRENT,Active,24878,Kim-Fay Professional,,Cash Sales,,DTCACCOUNT,DTC ACCOUNT  PRICE LIST,,CTC,Client to Collect,0.00,C835,Nicole Wanjiku,Z015,Self Collection,,,,Back Order Allowed,,Open Item,,,MONTHLY,
False,CUST101390,14 Riversidee Mgmt Ltd C/O Knight Frank Kenya Ltd,KPPMGR,KE,,KES,30DS,On Hold,25190,Kim-Fay Professional,,Nairobi West,,KPBASE,KP Base price,,1D,Westlands,"50,000.00",P104,Irene Luketelo,Z001,Westlands,14 Riversidee Westlands,14 Riversidee Westlands,,Back Order Allowed,info@ke.knightfrank.com,Open Item,,P051349683V,MONTHLY,
False,CUST101392,A.O.Bayusuf & Sons Ltd,KPOFFICE,KE,Mombasa,KES,30D,Active,25305,Kim-Fay Professional,,Coast,,KPBASE,KP Base price,,12A,Mombasa,"500,000.00",P022,Lucy Rimberia,Z012,Coast,Jomvu Mombasa,,,Back Order Allowed,info@aobayusuf.co.ke,Open Item,,P051096935H,MONTHLY,
False,CUST101393,Capital Square Limited,KPPMGR,KE,Nairobi,KES,30D,Active,25316,Kim-Fay Professional,,Nairobi West,,KPBASE,KP Base price,,1D,Westlands,2.00,C967,Berna Piwang,Z001,Westlands,Parklands Road,Opposite Southern Sun Mayfair,,Back Order Allowed,hiral.shah@capitalsquare.co.ke,Open Item,,P051474374K,MONTHLY,
False,CUST101394,Tigoni Grown Ltd,KPDIST,KE,Nairobi,KES,30D,Active,25312,Kim-Fay Professional,,Nairobi West,,KPBASE,KP Base price,,1I,Limuru,3.00,P504,Diana Wendy,Z001,Westlands,Alp Industrial Park,Warehouse F-Tilisi,,Back Order Allowed,thomas.kariuki@tigonigrown.com,Open Item,,P051888760D,MONTHLY,
False,CUST101395,Venmik Enterprises,KPSERVICE,KE,Nairobi,KES,30D,Active,25291,Kim-Fay Professional,,West Nyanza,,KPBASE,KP Base price,,7F,Kisumu,1.00,P504,Diana Wendy,Z007,Western A,Kitamu House 3rd Floor Suite 13/05,,,Back Order Allowed,venmikenterprises@gmail.com,Open Item,,A008983766S,MONTHLY,
False,CUST101396,Nanyuki Cottage Hospital,KPHEALTH,KE,Nanyuki,KES,30DS,Active,25310,Kim-Fay Professional,,Lower Mountain,,NANYUKICOT,Nanyuki Cottage hospital,,6E,Nanyuki,"500,000.00",P096,Doreen Mugwika,Z006,Mountain,Nanyuki Cottage Hospital,Off Nyeri Nanyuki Highway,,Back Order Allowed,procurement@nanyukicotthosp.org,Open Item,,P051093413L,MONTHLY,
False,CUST101400,Insight Hospitality E.A Ltd T/A Horeca Hospitality,KPREST,KE,Nairobi,KES,CURRENT,Active,25315,Kim-Fay Professional,,Eastern,,KPDISTRIB,KP Distributors,,5P,Mombasa Road,3.00,P504,Diana Wendy,Z005,Mombasa Road,Mlolongo Shell,,,Back Order Allowed,tkkorir@insightgroup.co.ke,Open Item,,P051602158D,MONTHLY,
False,CUST101402,Eako Holding Ltd,KPSERVICE,KE,Nairobi,KES,30D,Active,25302,Kim-Fay Professional,,Nairobi West,,KPBASE,KP Base price,,1A,Kikuyu Town,1.00,P504,Diana Wendy,Z001,Westlands,Kikuyu Off Kikuyu Law Courts Road,Kikuyu Factory,,Back Order Allowed,eakoholdingsltd@hotmail.com,Open Item,,P051646707K,MONTHLY,
False,CUST101404,Vite Consults Africa Limited,KPSERVICE,KE,Nairobi,KES,30D,Active,25296,Kim-Fay Professional,,Nairobi Central,,KPBASE,KP Base price,,2A,CBD,2.00,P104,Irene Luketelo,Z002,CBD,Utumishi Building,6th Floor Mamlaka Road,,Back Order Allowed,viteconsultsafrica@gmail.com,Open Item,,P051810160Y,MONTHLY,
False,CUST101405,Le Rustique Ltd,KPHOTEL,KE,Nanyuki,KES,30DS,Active,25294,Kim-Fay Professional,,Upper Mountain,,KPBASE,KP Base price,,6E,Nanyuki,"300,000.00",P025,Susan Mwathi,Z006,Mountain,Kenyatta Drive Nanyuki,,,Back Order Allowed,eat@lerustique.co.ke,Open Item,,P051403126P,MONTHLY,
False,CUST101406,Bahassan Trading Company Ltd,KPSERVICE,KE,Mombasa,KES,30D,Active,25300,Kim-Fay Professional,,Coast,,KPBASE,KP Base price,,12A,Mombasa,2.00,P022,Lucy Rimberia,Z012,Coast,Mwembe Tayari,Mombasa Mall - Naivas Mwembe,,Back Order Allowed,ahmedlove77@hotmail.com,Open Item,,P051172560T,MONTHLY,
False,CUST101409,Valiyan Agencies,KPSERVICE,KE,Mombasa,KES,30D,Active,25306,Kim-Fay Professional,,Coast,,KPBASE,KP Base price,,12A,Mombasa,2.00,P022,Lucy Rimberia,Z012,Coast,Bombolulu Estate,Old Mombasa Malindi Road,,Back Order Allowed,valiyanagencies@gmailcom,Open Item,,A008596379U,MONTHLY,
False,CUST101410,Durham International Schools Ltd,KPEDU,KE,Nairobi,KES,30D,Active,25313,Kim-Fay Professional,,Nairobi West,,DURHAMINTE,Durham International schools l,,1L,Gigiri,2.00,P104,Irene Luketelo,Z001,Westlands,No. 3 Thigiri Hill Top Road,Thigiri Nairobi,,Back Order Allowed,s.small@durhamkenya.com,Open Item,,P051839617R,MONTHLY,
False,CUST101412,Kenya Kazi Limited - Safaricom Account,KPCCLNRS,KE,Nairobi,KES,60DS,Active,25317,Kim-Fay Professional,,Nairobi West,CUST100498,KKFACILITI,KK Facilities Management Ltd,Maximillian Otieno,1D,Westlands,0.00,P104,Irene Luketelo,Z001,Westlands,,,,Back Order Allowed,gladyagumba@kksecurity.com,Open Item,,P000618664I,MONTHLY,
False,CUST101418,Valaura General Supplies,KPSERVICE,KE,,KES,30D,Active,25309,Kim-Fay Professional,,South Rift,,KPBASE,KP Base price,,7E,Kericho,1.00,P504,Diana Wendy,Z007,Western A,Tengecha Road,Opposite DTB Bank,,Back Order Allowed,vinnitokip@gmail.com,Open Item,,A004599517F,MONTHLY,
False,CUST101419,JANEX IMPEX,KPWHSALE,KE,Nairobi,KES,CURRENT,Active,,Kim-Fay Professional,,Nairobi East,,KPBASE,KP Base price,,1H,Ngara,2.00,P505,Shirleen Chebet,Z001,Westlands,To Collect,,,Back Order Allowed,shyronjihia2010@yahoo.com,Open Item,,A002770605L,MONTHLY,
False,CUST101420,Itz Flavours LTD,KPCASH,KE,mombasa,KES,CURRENT,Active,,Kim-Fay Professional,,Coast,,KPBASE,KP Base price,,12A,Mombasa,3.00,P022,Lucy Rimberia,Z012,Coast,link plaza,nyali,,Back Order Allowed,itzflavours@hotmail.com,Balance Brought Forward,,,MONTHLY,
False,CUST101421,Scrub A Dub Limited,KPSERVICE,KE,NAIROBI,KES,30D,Active,,Kim-Fay Professional,,Nairobi West,,SCRUBADUB,Scrub A Dub,,1D,Westlands,0.00,P505,Shirleen Chebet,Z001,Westlands,capital square,Westlands,,Back Order Allowed,info@scrubadubkenya.com,Open Item,,P051673657Q,MONTHLY,
False,CUST101422,Magsontwo Investment,CSSTOCKPTS,KE,Nairobi,KES,7 DAYS,Active,,Consumer sales,General Trade,Nairobi East,,DIRECTWHOL,Direct Wholesale Rift,,5C,Embakasi,"200,000.00",P487,Clement Otieno,Z005,Mombasa Road,Tasia,Off outering road,,Back Order Allowed,mwendamagambo@gmail.com,Open Item,,A002301513P,MONTHLY,
False,CUST101423,Nook pop up Limited,KPREST,KE,Nanyuki,KES,30D,Active,,Kim-Fay Professional,,Upper Mountain,,NOOKPOPUP,Nook pop up Limited,,6E,Nanyuki,"750,000.00",P489,John Kaguai,Z006,Mountain,Nanyuki,Muthaiga road,,Back Order Allowed,thenooknanyuki@gmail.com,Open Item,,P051951675P,MONTHLY,
False,CUST101424,House of Grace Ministries International,KPRELGS,KE,Nairobi,KES,CURRENT,Active,,Kim-Fay Professional,,Nairobi West,,HOGMI,House of Grace Ministries International,,3R,Langata Road,1.00,P505,Shirleen Chebet,Z003,Ngong,House of Grace Mega Church,Langata Road,,Back Order Allowed,hog@icnnect.co.ke,Open Item,,P051154934V,MONTHLY,
False,CUST101425,Boresha Africa Ltd,KPSERVICE,KE,Mombasa,KES,30D,Active,,Kim-Fay Professional,,Coast,,KPBASE,KP Base price,,12A,Mombasa,3.00,P022,Lucy Rimberia,Z012,Coast,NAIROBI CANAAN EST,MOMBASA LINKS ROAD,,Back Order Allowed,sales@boreshafrica.com,Open Item,,P051578986I,MONTHLY,
False,CUST101428,Executive Rentals Ltd,KPDIST,KE,,KES,60DS,Active,23753,Kim-Fay Professional,,Nairobi West,,KPBASE,KP Base price,,1D,Westlands,"1,000,000.00",C967,Berna Piwang,Z001,Westlands,Waiyaki Way,Behind Delloitte,,Back Order Allowed,accounts@executiverentalsltd.com,Open Item,,P051176276I,MONTHLY,
False,CUST101429,Walbon Enterprises,KPSERVICE,KE,,KES,CURRENT,Active,,Kim-Fay Professional,,North Rift,,KPBASE,KP Base price,,8A,Eldoret,35.00,LITIGATION,Litigation Accounts,Z008,Western B,Moi Teaching & Referral Hospital,Shoe for Africa Eat and Run Main Kitchen Store,,Back Order Allowed,walbonenterprises@gmail.com,Open Item,,,MONTHLY,
False,CUST101430,Renaissance Capital ( Kenya ) Limited,KPBANK,KE,,KES,CURRENT,Active,,Kim-Fay Professional,,Nairobi West,,KPBASE,KP Base price,,1D,Westlands,1.00,P504,Diana Wendy,Z001,Westlands,Pramukh Towers 10th Floor,Chiromo Road Westlands,,Back Order Allowed,infokenya@rencap.com,Open Item,,P051199560L,MONTHLY,
False,CUST101431,Medi System Supplies And Services,KPDIST,KE,,KES,CURRENT,Active,25055,Kim-Fay Professional,,Nairobi West,,KPDISTRIB,KP Distributors,,3N,Milimani,1.00,P504,Diana Wendy,Z003,Ngong,Sagret Suits,Milimani Road,,Back Order Allowed,sales@medisystem.co.ke,Open Item,,P051233078B,MONTHLY,
